vestibule_id,day3,hour,n_days,n_months,total,d_obs,d_null,d_null_p95,p,p_bh
devyatkino_1,воскресенье,5,17,4,1493,0.037148,0.036771,0.054105,0.467662,0.631343
devyatkino_1,воскресенье,6,17,4,6071,0.03398,0.026129,0.035907,0.099502,0.215094
devyatkino_1,воскресенье,7,17,4,9455,0.035537,0.027103,0.038301,0.114428,0.238377
devyatkino_1,воскресенье,8,17,4,13078,0.036067,0.029524,0.039378,0.154229,0.289731
devyatkino_1,воскресенье,9,17,4,12729,0.064025,0.036731,0.051422,0.004975,0.022461
devyatkino_1,воскресенье,10,17,4,11948,0.037,0.036531,0.05059,0.482587,0.645167
devyatkino_1,воскресенье,11,17,4,12772,0.055362,0.04018,0.056968,0.099502,0.215094
devyatkino_1,воскресенье,12,17,4,13866,0.045876,0.030352,0.041894,0.0199,0.06509
devyatkino_1,воскресенье,13,17,4,13464,0.031075,0.030959,0.04237,0.432836,0.604478
devyatkino_1,воскресенье,14,17,4,14544,0.051389,0.03211,0.045817,0.014925,0.05297
devyatkino_1,воскресенье,15,17,4,13593,0.091096,0.043602,0.064726,0.004975,0.022461
devyatkino_1,воскресенье,16,17,4,15079,0.067653,0.043546,0.059928,0.0199,0.06509
devyatkino_1,воскресенье,17,17,4,12306,0.067305,0.035905,0.049327,0.004975,0.022461
devyatkino_1,воскресенье,18,17,4,11400,0.051693,0.029466,0.04184,0.0199,0.06509
devyatkino_1,воскресенье,19,17,4,12902,0.081633,0.051015,0.068876,0.004975,0.022461
devyatkino_1,воскресенье,20,17,4,7405,0.059887,0.052737,0.075857,0.323383,0.499214
devyatkino_1,воскресенье,21,17,4,6276,0.062418,0.049192,0.072798,0.144279,0.277474
devyatkino_1,воскресенье,22,17,4,3062,0.110932,0.07012,0.097091,0.0199,0.06509
devyatkino_1,воскресенье,23,17,4,2380,0.09612,0.064632,0.086269,0.014925,0.05297
devyatkino_1,рабочий,5,80,4,29628,0.021786,0.011752,0.018573,0.00995,0.039147
devyatkino_1,рабочий,6,80,4,141891,0.008878,0.006814,0.010053,0.164179,0.303049
devyatkino_1,рабочий,7,80,4,410621,0.0173,0.006118,0.009076,0.004975,0.022461
devyatkino_1,рабочий,8,80,4,526849,0.011605,0.007504,0.010615,0.014925,0.05297
devyatkino_1,рабочий,9,80,4,215176,0.021264,0.007867,0.01124,0.004975,0.022461
devyatkino_1,рабочий,10,80,4,96113,0.046023,0.013454,0.01935,0.004975,0.022461
devyatkino_1,рабочий,11,80,4,69793,0.041706,0.014268,0.01997,0.004975,0.022461
devyatkino_1,рабочий,12,80,4,57023,0.021921,0.01666,0.024672,0.124378,0.252982
devyatkino_1,рабочий,13,80,4,45656,0.011334,0.017164,0.024225,0.925373,0.955918
devyatkino_1,рабочий,14,80,4,50671,0.050339,0.015916,0.024061,0.004975,0.022461
devyatkino_1,рабочий,15,80,4,38452,0.025971,0.013768,0.018855,0.004975,0.022461
devyatkino_1,рабочий,16,80,4,50486,0.039266,0.01342,0.019058,0.004975,0.022461
devyatkino_1,рабочий,17,80,4,70787,0.031893,0.015208,0.02207,0.004975,0.022461
devyatkino_1,рабочий,18,80,4,60097,0.03619,0.015289,0.021822,0.004975,0.022461
devyatkino_1,рабочий,19,80,4,45466,0.051892,0.016371,0.024323,0.004975,0.022461
devyatkino_1,рабочий,20,80,4,25996,0.013436,0.015807,0.022204,0.726368,0.834203
devyatkino_1,рабочий,21,80,4,21831,0.068606,0.026316,0.038082,0.004975,0.022461
devyatkino_1,рабочий,22,80,4,11398,0.05147,0.02701,0.037873,0.004975,0.022461
devyatkino_1,рабочий,23,80,4,8080,0.061641,0.033289,0.047324,0.004975,0.022461
devyatkino_1,суббота,5,16,4,2359,0.030102,0.041534,0.060726,0.870647,0.925777
devyatkino_1,суббота,6,16,4,8832,0.027837,0.023071,0.029982,0.154229,0.289731
devyatkino_1,суббота,7,16,4,13705,0.038556,0.027082,0.036903,0.039801,0.112538
devyatkino_1,суббота,8,16,4,18301,0.033391,0.027996,0.036374,0.208955,0.362382
devyatkino_1,суббота,9,16,4,17356,0.040556,0.029268,0.038594,0.034826,0.102468
devyatkino_1,суббота,10,16,4,15130,0.040835,0.028109,0.039631,0.039801,0.112538
devyatkino_1,суббота,11,16,4,14064,0.021573,0.020094,0.02659,0.353234,0.528699
devyatkino_1,суббота,12,16,4,14717,0.033474,0.030873,0.042148,0.358209,0.534982
devyatkino_1,суббота,13,16,4,14447,0.020638,0.025384,0.034829,0.80597,0.890707
devyatkino_1,суббота,14,16,4,14313,0.021509,0.02463,0.03366,0.696517,0.815565
devyatkino_1,суббота,15,16,4,14060,0.061007,0.036943,0.052595,0.00995,0.039147
devyatkino_1,суббота,16,16,4,13578,0.049225,0.030498,0.041874,0.004975,0.022461
devyatkino_1,суббота,17,16,4,11869,0.068611,0.040963,0.059698,0.004975,0.022461
devyatkino_1,суббота,18,16,4,10629,0.046011,0.032489,0.042518,0.034826,0.102468
devyatkino_1,суббота,19,16,4,10494,0.064236,0.039517,0.054306,0.004975,0.022461
devyatkino_1,суббота,20,16,4,6369,0.078566,0.062709,0.080783,0.079602,0.185155
devyatkino_1,суббота,21,16,4,5875,0.122245,0.082224,0.11699,0.034826,0.102468
devyatkino_1,суббота,22,16,4,2798,0.075468,0.06221,0.083333,0.189055,0.336777
devyatkino_1,суббота,23,16,4,2698,0.052914,0.083091,0.112864,0.935323,0.961867
devyatkino_2,воскресенье,5,17,4,6197,0.027915,0.025925,0.03958,0.41791,0.59204
devyatkino_2,воскресенье,6,17,4,26201,0.022812,0.021817,0.03029,0.437811,0.606505
devyatkino_2,воскресенье,7,17,4,37591,0.014671,0.01743,0.023836,0.766169,0.860534
devyatkino_2,воскресенье,8,17,4,48711,0.009685,0.015924,0.023056,0.945274,0.969205
devyatkino_2,воскресенье,9,17,4,54196,0.018633,0.01422,0.021126,0.139303,0.272086
devyatkino_2,воскресенье,10,17,4,53429,0.010182,0.01418,0.019967,0.855721,0.914141
devyatkino_2,воскресенье,11,17,4,51663,0.011347,0.01419,0.019555,0.840796,0.905928
devyatkino_2,воскресенье,12,17,4,54868,0.012816,0.016506,0.022929,0.81592,0.896666
devyatkino_2,воскресенье,13,17,4,54859,0.014453,0.016662,0.022193,0.741294,0.842908
devyatkino_2,воскресенье,14,17,4,54950,0.014301,0.018785,0.026265,0.776119,0.868169
devyatkino_2,воскресенье,15,17,4,51252,0.02256,0.020098,0.029072,0.298507,0.471923
devyatkino_2,воскресенье,16,17,4,49703,0.031432,0.022778,0.030967,0.049751,0.134065
devyatkino_2,воскресенье,17,17,4,45442,0.023368,0.016586,0.023089,0.054726,0.142995
devyatkino_2,воскресенье,18,17,4,40443,0.025391,0.016693,0.023243,0.0199,0.06509
devyatkino_2,воскресенье,19,17,4,35066,0.038819,0.023577,0.033462,0.00995,0.039147
devyatkino_2,воскресенье,20,17,4,24532,0.031915,0.021845,0.028376,0.00995,0.039147
devyatkino_2,воскресенье,21,17,4,18445,0.05135,0.029126,0.04148,0.004975,0.022461
devyatkino_2,воскресенье,22,17,4,11733,0.038161,0.028911,0.038656,0.069652,0.166801
devyatkino_2,воскресенье,23,17,4,7715,0.035223,0.028817,0.04068,0.179104,0.323657
devyatkino_2,рабочий,5,79,4,99810,0.013787,0.008035,0.011845,0.014925,0.05297
devyatkino_2,рабочий,6,80,4,415593,0.006648,0.005376,0.008083,0.20398,0.3569
devyatkino_2,рабочий,7,80,4,764435,0.009127,0.005359,0.007471,0.00995,0.039147
devyatkino_2,рабочий,8,80,4,793725,0.007875,0.005418,0.008032,0.059701,0.151677
devyatkino_2,рабочий,9,80,4,566976,0.008722,0.005323,0.007593,0.00995,0.039147
devyatkino_2,рабочий,10,80,4,363245,0.01707,0.006479,0.009165,0.004975,0.022461
devyatkino_2,рабочий,11,80,4,274533,0.017716,0.007257,0.010091,0.004975,0.022461
devyatkino_2,рабочий,12,80,4,242153,0.009113,0.007207,0.01052,0.179104,0.323657
devyatkino_2,рабочий,13,80,4,216096,0.010833,0.006775,0.009855,0.014925,0.05297
devyatkino_2,рабочий,14,80,4,206421,0.014295,0.007616,0.011069,0.004975,0.022461
devyatkino_2,рабочий,15,80,4,178431,0.01351,0.008217,0.011251,0.00995,0.039147
devyatkino_2,рабочий,16,80,4,183687,0.004067,0.007384,0.010748,0.970149,0.983723
devyatkino_2,рабочий,17,80,4,211520,0.013829,0.007363,0.010165,0.004975,0.022461
devyatkino_2,рабочий,18,80,4,191394,0.013898,0.007567,0.010801,0.004975,0.022461
devyatkino_2,рабочий,19,80,4,140598,0.01859,0.008497,0.011561,0.004975,0.022461
devyatkino_2,рабочий,20,80,4,97640,0.013055,0.009015,0.013148,0.059701,0.151677
devyatkino_2,рабочий,21,80,4,71870,0.032068,0.011822,0.016812,0.004975,0.022461
devyatkino_2,рабочий,22,80,4,47486,0.013029,0.011827,0.016376,0.318408,0.493747
devyatkino_2,рабочий,23,80,4,29455,0.018487,0.014488,0.018939,0.094527,0.20793
devyatkino_2,суббота,5,16,4,8876,0.027897,0.031723,0.045067,0.711443,0.826017
devyatkino_2,суббота,6,16,4,34759,0.019712,0.016936,0.024035,0.238806,0.400531
devyatkino_2,суббота,7,16,4,51859,0.027397,0.01749,0.025342,0.024876,0.078027
devyatkino_2,суббота,8,16,4,66202,0.02603,0.018047,0.02468,0.0199,0.06509
devyatkino_2,суббота,9,16,4,65544,0.01687,0.012362,0.01684,0.054726,0.142995
devyatkino_2,суббота,10,16,4,61851,0.01952,0.014932,0.020994,0.104478,0.223048
devyatkino_2,суббота,11,16,4,57741,0.015938,0.014006,0.018306,0.293532,0.466737
devyatkino_2,суббота,12,16,4,58000,0.01227,0.013009,0.018244,0.616915,0.757799
devyatkino_2,суббота,13,16,4,57825,0.010022,0.014064,0.020701,0.865672,0.922624
devyatkino_2,суббота,14,16,4,56370,0.015222,0.016586,0.023949,0.616915,0.757799
devyatkino_2,суббота,15,16,4,53579,0.031887,0.019446,0.028366,0.00995,0.039147
devyatkino_2,суббота,16,16,4,49735,0.018365,0.021043,0.02982,0.651741,0.780389
devyatkino_2,суббота,17,16,4,46900,0.02578,0.020633,0.026676,0.094527,0.20793
devyatkino_2,суббота,18,16,4,40051,0.015026,0.017283,0.023288,0.731343,0.837124
devyatkino_2,суббота,19,16,4,30916,0.030216,0.019201,0.026221,0.004975,0.022461
devyatkino_2,суббота,20,16,4,22477,0.01391,0.019172,0.026137,0.885572,0.934431
devyatkino_2,суббота,21,16,4,18565,0.027673,0.029616,0.039503,0.626866,0.763213
devyatkino_2,суббота,22,16,4,12622,0.038062,0.028836,0.039994,0.114428,0.238377
devyatkino_2,суббота,23,16,4,9566,0.041862,0.030272,0.041364,0.049751,0.134065
grazhdansky_prospekt_1,воскресенье,5,17,4,3751,0.082081,0.044336,0.069105,0.004975,0.022461
grazhdansky_prospekt_1,воскресенье,6,17,4,12220,0.021809,0.0258,0.037067,0.711443,0.826017
grazhdansky_prospekt_1,воскресенье,7,17,4,16035,0.02583,0.027166,0.03875,0.527363,0.685722
grazhdansky_prospekt_1,воскресенье,8,17,4,19948,0.02887,0.023167,0.031687,0.164179,0.303049
grazhdansky_prospekt_1,воскресенье,9,17,4,23572,0.024269,0.018509,0.027271,0.134328,0.26538
grazhdansky_prospekt_1,воскресенье,10,17,4,23364,0.016151,0.020287,0.02834,0.820896,0.898548
grazhdansky_prospekt_1,воскресенье,11,17,4,26708,0.028374,0.022429,0.030311,0.114428,0.238377
grazhdansky_prospekt_1,воскресенье,12,17,4,27426,0.018995,0.020852,0.02899,0.636816,0.770558
grazhdansky_prospekt_1,воскресенье,13,17,4,27625,0.020435,0.021383,0.02895,0.58209,0.734009
grazhdansky_prospekt_1,воскресенье,14,17,4,28392,0.025401,0.020353,0.02676,0.109453,0.230806
grazhdansky_prospekt_1,воскресенье,15,17,4,26252,0.031335,0.021052,0.028049,0.0199,0.06509
grazhdansky_prospekt_1,воскресенье,16,17,4,25560,0.020428,0.021,0.028112,0.552239,0.707379
grazhdansky_prospekt_1,воскресенье,17,17,4,25623,0.012226,0.01647,0.022394,0.865672,0.922624
grazhdansky_prospekt_1,воскресенье,18,17,4,22126,0.024672,0.020171,0.026031,0.104478,0.223048
grazhdansky_prospekt_1,воскресенье,19,17,4,17746,0.019492,0.022183,0.030685,0.691542,0.811119
grazhdansky_prospekt_1,воскресенье,20,17,4,15632,0.03511,0.024088,0.033441,0.024876,0.078027
grazhdansky_prospekt_1,воскресенье,21,17,4,13275,0.019952,0.02282,0.031159,0.716418,0.827607
grazhdansky_prospekt_1,воскресенье,22,17,4,9332,0.027309,0.026591,0.037511,0.437811,0.606505
grazhdansky_prospekt_1,воскресенье,23,17,4,5563,0.053698,0.037005,0.049702,0.0199,0.06509
grazhdansky_prospekt_1,рабочий,5,79,4,71128,0.023072,0.01305,0.020101,0.0199,0.06509
grazhdansky_prospekt_1,рабочий,6,79,4,207733,0.009891,0.006813,0.00954,0.044776,0.124308
grazhdansky_prospekt_1,рабочий,7,80,4,421572,0.013453,0.006671,0.009483,0.004975,0.022461
grazhdansky_prospekt_1,рабочий,8,80,4,474600,0.010166,0.007187,0.01016,0.054726,0.142995
grazhdansky_prospekt_1,рабочий,9,80,4,295260,0.008259,0.008112,0.011091,0.432836,0.604478
grazhdansky_prospekt_1,рабочий,10,80,4,188428,0.020896,0.008913,0.012873,0.004975,0.022461
grazhdansky_prospekt_1,рабочий,11,80,4,147936,0.010533,0.008629,0.011822,0.144279,0.277474
grazhdansky_prospekt_1,рабочий,12,80,4,138797,0.010905,0.008888,0.012565,0.20398,0.3569
grazhdansky_prospekt_1,рабочий,13,80,4,136080,0.011036,0.008451,0.012712,0.139303,0.272086
grazhdansky_prospekt_1,рабочий,14,80,4,134207,0.011385,0.008883,0.012563,0.124378,0.252982
grazhdansky_prospekt_1,рабочий,15,80,4,140792,0.018137,0.009437,0.013292,0.004975,0.022461
grazhdansky_prospekt_1,рабочий,16,80,4,153101,0.014268,0.009164,0.012902,0.0199,0.06509
grazhdansky_prospekt_1,рабочий,17,80,4,183684,0.017442,0.007886,0.011353,0.004975,0.022461
grazhdansky_prospekt_1,рабочий,18,80,4,173257,0.011304,0.007074,0.01026,0.029851,0.090939
grazhdansky_prospekt_1,рабочий,19,80,4,115441,0.015099,0.008679,0.01232,0.00995,0.039147
grazhdansky_prospekt_1,рабочий,20,80,4,91437,0.015487,0.009087,0.012784,0.004975,0.022461
grazhdansky_prospekt_1,рабочий,21,80,4,69607,0.011783,0.010074,0.013349,0.208955,0.362382
grazhdansky_prospekt_1,рабочий,22,80,4,45742,0.017283,0.012114,0.016805,0.039801,0.112538
grazhdansky_prospekt_1,рабочий,23,80,4,25882,0.006627,0.016933,0.023321,0.99005,0.995108
grazhdansky_prospekt_1,рабочий,0,79,4,3262,0.025605,0.037742,0.05472,0.885572,0.934431
grazhdansky_prospekt_1,суббота,5,16,4,5454,0.03431,0.030587,0.04426,0.353234,0.528699
grazhdansky_prospekt_1,суббота,6,16,4,16713,0.031123,0.026082,0.034968,0.228856,0.390986
grazhdansky_prospekt_1,суббота,7,16,4,24693,0.047018,0.026972,0.037348,0.004975,0.022461
grazhdansky_prospekt_1,суббота,8,16,4,28611,0.038154,0.023884,0.031803,0.004975,0.022461
grazhdansky_prospekt_1,суббота,9,16,4,29800,0.023438,0.01925,0.025444,0.149254,0.284263
grazhdansky_prospekt_1,суббота,10,16,4,28663,0.023578,0.018014,0.02448,0.084577,0.193139
grazhdansky_prospekt_1,суббота,11,16,4,29271,0.030015,0.021316,0.029036,0.044776,0.124308
grazhdansky_prospekt_1,суббота,12,16,4,30352,0.013569,0.017258,0.023505,0.825871,0.898991
grazhdansky_prospekt_1,суббота,13,16,4,31221,0.020703,0.019327,0.026478,0.343284,0.519452
grazhdansky_prospekt_1,суббота,14,16,4,30969,0.014216,0.019461,0.026414,0.865672,0.922624
grazhdansky_prospekt_1,суббота,15,16,4,30023,0.017963,0.020464,0.028461,0.686567,0.808037
grazhdansky_prospekt_1,суббота,16,16,4,28709,0.020148,0.020958,0.029577,0.577114,0.73041
grazhdansky_prospekt_1,суббота,17,16,4,29082,0.02528,0.02294,0.032602,0.378109,0.555071
grazhdansky_prospekt_1,суббота,18,16,4,24532,0.026075,0.020898,0.027255,0.094527,0.20793
grazhdansky_prospekt_1,суббота,19,16,4,18592,0.009947,0.020583,0.027449,0.995025,0.997197
grazhdansky_prospekt_1,суббота,20,16,4,16180,0.030181,0.019231,0.026718,0.014925,0.05297
grazhdansky_prospekt_1,суббота,21,16,4,13833,0.024015,0.022883,0.031238,0.40796,0.583951
grazhdansky_prospekt_1,суббота,22,16,4,9892,0.025295,0.025639,0.034386,0.532338,0.689586
grazhdansky_prospekt_1,суббота,23,16,4,6491,0.032651,0.031068,0.042347,0.383085,0.559987
akademicheskaya_1,воскресенье,5,17,4,3154,0.022005,0.024672,0.03941,0.616915,0.757799
akademicheskaya_1,воскресенье,6,17,4,10243,0.031309,0.021126,0.029633,0.0199,0.06509
akademicheskaya_1,воскресенье,7,17,4,13437,0.023244,0.025342,0.036182,0.60199,0.748141
akademicheskaya_1,воскресенье,8,17,4,17077,0.032966,0.02404,0.032881,0.049751,0.134065
akademicheskaya_1,воскресенье,9,17,4,20301,0.016516,0.017207,0.022581,0.587065,0.73758
akademicheskaya_1,воскресенье,10,17,4,22440,0.011597,0.017554,0.024452,0.925373,0.955918
akademicheskaya_1,воскресенье,11,17,4,24946,0.019925,0.016909,0.022529,0.189055,0.336777
akademicheskaya_1,воскресенье,12,17,4,26882,0.020497,0.019346,0.026281,0.41791,0.59204
akademicheskaya_1,воскресенье,13,17,4,28273,0.02131,0.018404,0.024789,0.238806,0.400531
akademicheskaya_1,воскресенье,14,17,4,28411,0.019622,0.018398,0.024856,0.393035,0.568497
akademicheskaya_1,воскресенье,15,17,4,27045,0.015814,0.016493,0.023378,0.537313,0.693421
akademicheskaya_1,воскресенье,16,17,4,25747,0.024414,0.019457,0.026741,0.134328,0.26538
akademicheskaya_1,воскресенье,17,17,4,26550,0.016358,0.018126,0.024258,0.706468,0.823714
akademicheskaya_1,воскресенье,18,17,4,23561,0.018225,0.01969,0.025248,0.651741,0.780389
akademicheskaya_1,воскресенье,19,17,4,19628,0.01926,0.018758,0.024999,0.457711,0.620954
akademicheskaya_1,воскресенье,20,17,4,16743,0.020009,0.018001,0.025452,0.303483,0.478141
akademicheskaya_1,воскресенье,21,17,4,14373,0.027521,0.024943,0.034098,0.318408,0.493747
akademicheskaya_1,воскресенье,22,17,4,11584,0.032181,0.02432,0.033995,0.084577,0.193139
akademicheskaya_1,воскресенье,23,17,4,5935,0.020835,0.033027,0.045567,0.945274,0.969205
akademicheskaya_1,рабочий,5,79,4,49317,0.016067,0.006894,0.01151,0.004975,0.022461
akademicheskaya_1,рабочий,6,80,4,157889,0.023871,0.008546,0.012348,0.004975,0.022461
akademicheskaya_1,рабочий,7,80,4,340158,0.01981,0.006975,0.010004,0.004975,0.022461
akademicheskaya_1,рабочий,8,80,4,405032,0.011224,0.006919,0.009919,0.014925,0.05297
akademicheskaya_1,рабочий,9,80,4,250798,0.015472,0.007539,0.010377,0.004975,0.022461
akademicheskaya_1,рабочий,10,80,4,162039,0.016617,0.008972,0.011899,0.004975,0.022461
akademicheskaya_1,рабочий,11,80,4,134584,0.015436,0.00814,0.01125,0.004975,0.022461
akademicheskaya_1,рабочий,12,79,4,127870,0.014487,0.009245,0.013115,0.014925,0.05297
akademicheskaya_1,рабочий,13,79,4,131046,0.01309,0.008375,0.011698,0.014925,0.05297
akademicheskaya_1,рабочий,14,80,4,129892,0.009962,0.00821,0.011709,0.20398,0.3569
akademicheskaya_1,рабочий,15,80,4,135721,0.022255,0.009245,0.01303,0.004975,0.022461
akademicheskaya_1,рабочий,16,80,4,146364,0.004813,0.008297,0.011862,0.965174,0.982295
akademicheskaya_1,рабочий,17,80,4,190461,0.013522,0.007792,0.011296,0.014925,0.05297
akademicheskaya_1,рабочий,18,80,4,183269,0.008892,0.007246,0.010488,0.21393,0.36915
akademicheskaya_1,рабочий,19,80,4,127120,0.008285,0.007602,0.01036,0.348259,0.524674
akademicheskaya_1,рабочий,20,80,4,101882,0.011054,0.008672,0.012456,0.129353,0.259649
akademicheskaya_1,рабочий,21,80,4,79977,0.009497,0.009156,0.012371,0.447761,0.614111
akademicheskaya_1,рабочий,22,80,4,56836,0.016335,0.011233,0.016423,0.064677,0.160179
akademicheskaya_1,рабочий,23,80,4,29212,0.031861,0.01559,0.021932,0.004975,0.022461
akademicheskaya_1,рабочий,0,80,4,3834,0.058601,0.035549,0.05365,0.024876,0.078027
akademicheskaya_1,суббота,5,16,4,4240,0.024466,0.031282,0.044129,0.810945,0.892623
akademicheskaya_1,суббота,6,16,4,13398,0.032689,0.02435,0.031607,0.044776,0.124308
akademicheskaya_1,суббота,7,16,4,20188,0.044456,0.022597,0.0329,0.004975,0.022461
akademicheskaya_1,суббота,8,16,4,25373,0.034758,0.021942,0.029851,0.00995,0.039147
akademicheskaya_1,суббота,9,16,4,25827,0.020582,0.015926,0.022462,0.124378,0.252982
akademicheskaya_1,суббота,10,16,4,26584,0.019491,0.019289,0.027274,0.442786,0.610938
akademicheskaya_1,суббота,11,16,4,28289,0.026619,0.018631,0.025655,0.049751,0.134065
akademicheskaya_1,суббота,12,16,4,29304,0.019316,0.017633,0.024254,0.328358,0.502947
akademicheskaya_1,суббота,13,16,4,31464,0.023409,0.019883,0.026153,0.273632,0.443806
akademicheskaya_1,суббота,14,16,4,31331,0.019947,0.018557,0.026056,0.383085,0.559987
akademicheskaya_1,суббота,15,16,4,31572,0.024484,0.017762,0.023869,0.034826,0.102468
akademicheskaya_1,суббота,16,16,4,29724,0.020253,0.018458,0.024816,0.378109,0.555071
akademicheskaya_1,суббота,17,16,4,30627,0.01343,0.015688,0.022187,0.716418,0.827607
akademicheskaya_1,суббота,18,16,4,26895,0.017793,0.019641,0.025617,0.661692,0.78751
akademicheskaya_1,суббота,19,16,4,21086,0.025997,0.018264,0.026492,0.064677,0.160179
akademicheskaya_1,суббота,20,16,4,18266,0.019155,0.019385,0.026085,0.502488,0.66213
akademicheskaya_1,суббота,21,16,4,15345,0.02039,0.022232,0.030643,0.646766,0.777814
akademicheskaya_1,суббота,22,16,4,12635,0.026784,0.026737,0.036552,0.482587,0.645167
akademicheskaya_1,суббота,23,16,4,7682,0.043832,0.036505,0.050618,0.20398,0.3569
akademicheskaya_1,суббота,0,16,4,1000,0.04596,0.059847,0.089143,0.791045,0.879151
politekhnicheskaya_1,воскресенье,6,17,4,2958,0.067705,0.053784,0.06743,0.054726,0.142995
politekhnicheskaya_1,воскресенье,7,17,4,4037,0.050548,0.037692,0.053566,0.074627,0.17748
politekhnicheskaya_1,воскресенье,8,17,4,5238,0.041858,0.041088,0.055285,0.447761,0.614111
politekhnicheskaya_1,воскресенье,9,17,4,7450,0.038511,0.040551,0.0556,0.60199,0.748141
politekhnicheskaya_1,воскресенье,10,17,4,8023,0.066692,0.040943,0.056098,0.004975,0.022461
politekhnicheskaya_1,воскресенье,11,17,4,8585,0.044883,0.035974,0.048941,0.119403,0.245767
politekhnicheskaya_1,воскресенье,12,17,4,8745,0.021273,0.026115,0.037278,0.78607,0.875035
politekhnicheskaya_1,воскресенье,13,17,4,12294,0.036995,0.034428,0.045311,0.343284,0.519452
politekhnicheskaya_1,воскресенье,14,17,4,10012,0.012855,0.029737,0.039206,1.0,1.0
politekhnicheskaya_1,воскресенье,15,17,4,9092,0.057288,0.05742,0.074287,0.552239,0.707379
politekhnicheskaya_1,воскресенье,16,17,4,8495,0.036708,0.03427,0.048392,0.348259,0.524674
politekhnicheskaya_1,воскресенье,17,17,4,8293,0.032501,0.030564,0.040908,0.373134,0.550703
politekhnicheskaya_1,воскресенье,18,17,4,7780,0.019448,0.032005,0.045684,0.985075,0.994463
politekhnicheskaya_1,воскресенье,19,17,4,6310,0.039355,0.040444,0.057875,0.557214,0.711766
politekhnicheskaya_1,воскресенье,20,17,4,6039,0.035521,0.064756,0.08768,0.99005,0.995108
politekhnicheskaya_1,воскресенье,21,17,4,4106,0.048072,0.044672,0.06073,0.373134,0.550703
politekhnicheskaya_1,воскресенье,22,17,4,2875,0.051629,0.05466,0.075352,0.587065,0.73758
politekhnicheskaya_1,воскресенье,23,17,4,1650,0.074193,0.052216,0.072783,0.044776,0.124308
politekhnicheskaya_1,рабочий,5,80,4,11352,0.00748,0.013245,0.022423,0.875622,0.9282
politekhnicheskaya_1,рабочий,6,80,4,45162,0.027487,0.013035,0.018373,0.004975,0.022461
politekhnicheskaya_1,рабочий,7,80,4,117521,0.043205,0.01941,0.029533,0.004975,0.022461
politekhnicheskaya_1,рабочий,8,80,4,136440,0.018675,0.011419,0.016451,0.014925,0.05297
politekhnicheskaya_1,рабочий,9,80,4,91676,0.014918,0.012348,0.017266,0.18408,0.331777
politekhnicheskaya_1,рабочий,10,80,4,66056,0.015152,0.01124,0.016136,0.084577,0.193139
politekhnicheskaya_1,рабочий,11,80,4,68382,0.05705,0.015152,0.022221,0.004975,0.022461
politekhnicheskaya_1,рабочий,12,80,4,64622,0.017993,0.013819,0.020251,0.134328,0.26538
politekhnicheskaya_1,рабочий,13,80,4,89949,0.08542,0.019552,0.029951,0.004975,0.022461
politekhnicheskaya_1,рабочий,14,80,4,82182,0.019525,0.015038,0.021688,0.119403,0.245767
politekhnicheskaya_1,рабочий,15,80,4,132804,0.080801,0.018551,0.028284,0.004975,0.022461
politekhnicheskaya_1,рабочий,16,80,4,132285,0.014618,0.012063,0.01626,0.189055,0.336777
politekhnicheskaya_1,рабочий,17,80,4,196719,0.071269,0.015935,0.024088,0.004975,0.022461
politekhnicheskaya_1,рабочий,18,80,4,123623,0.010221,0.010136,0.013875,0.467662,0.631343
politekhnicheskaya_1,рабочий,19,79,4,76360,0.023651,0.01276,0.017557,0.004975,0.022461
politekhnicheskaya_1,рабочий,20,79,4,49422,0.028465,0.01815,0.025207,0.024876,0.078027
politekhnicheskaya_1,рабочий,21,80,4,39675,0.034962,0.028351,0.044079,0.154229,0.289731
politekhnicheskaya_1,рабочий,22,80,4,19594,0.027001,0.019351,0.028134,0.089552,0.201164
politekhnicheskaya_1,рабочий,23,80,4,9512,0.029832,0.026091,0.036989,0.283582,0.456716
politekhnicheskaya_1,рабочий,0,80,4,1430,0.109207,0.050354,0.075209,0.004975,0.022461
politekhnicheskaya_1,суббота,5,16,4,982,0.020744,0.044652,0.068881,0.9801,0.990167
politekhnicheskaya_1,суббота,6,16,4,3977,0.053548,0.036205,0.049958,0.014925,0.05297
politekhnicheskaya_1,суббота,7,16,4,8491,0.170481,0.104647,0.159126,0.014925,0.05297
politekhnicheskaya_1,суббота,8,16,4,8457,0.037514,0.029532,0.041504,0.124378,0.252982
politekhnicheskaya_1,суббота,9,16,4,8997,0.038598,0.028763,0.038477,0.049751,0.134065
politekhnicheskaya_1,суббота,10,16,4,9526,0.034117,0.031568,0.042412,0.353234,0.528699
politekhnicheskaya_1,суббота,11,16,4,12544,0.112523,0.064079,0.093019,0.004975,0.022461
politekhnicheskaya_1,суббота,12,16,4,10987,0.041179,0.035496,0.04676,0.19403,0.342977
politekhnicheskaya_1,суббота,13,16,4,15850,0.087869,0.049301,0.076661,0.004975,0.022461
politekhnicheskaya_1,суббота,14,16,4,12871,0.046938,0.035314,0.048179,0.069652,0.166801
politekhnicheskaya_1,суббота,15,16,4,14473,0.115146,0.052601,0.086287,0.004975,0.022461
politekhnicheskaya_1,суббота,16,16,4,11234,0.048922,0.043133,0.059274,0.288557,0.462027
politekhnicheskaya_1,суббота,17,16,4,12012,0.039339,0.040663,0.059097,0.512438,0.672026
politekhnicheskaya_1,суббота,18,16,4,11034,0.054964,0.039673,0.054445,0.054726,0.142995
politekhnicheskaya_1,суббота,19,16,4,7656,0.020714,0.028941,0.040456,0.850746,0.911656
politekhnicheskaya_1,суббота,20,16,4,6911,0.048583,0.079355,0.104055,0.975124,0.985864
politekhnicheskaya_1,суббота,21,16,4,5313,0.04849,0.052606,0.069767,0.661692,0.78751
politekhnicheskaya_1,суббота,22,16,4,3426,0.0389,0.043455,0.059783,0.661692,0.78751
politekhnicheskaya_1,суббота,23,16,4,1903,0.077633,0.050769,0.073241,0.034826,0.102468
ploshchad_muzhestva_1,воскресенье,5,17,4,878,0.052405,0.04223,0.066763,0.258706,0.424094
ploshchad_muzhestva_1,воскресенье,6,17,4,3471,0.024639,0.035009,0.047644,0.875622,0.9282
ploshchad_muzhestva_1,воскресенье,7,17,4,6391,0.044319,0.030513,0.040078,0.024876,0.078027
ploshchad_muzhestva_1,воскресенье,8,17,4,8140,0.026328,0.029012,0.038239,0.671642,0.793182
ploshchad_muzhestva_1,воскресенье,9,17,4,10025,0.019323,0.020692,0.028135,0.626866,0.763213
ploshchad_muzhestva_1,воскресенье,10,17,4,11470,0.028919,0.029036,0.039132,0.527363,0.685722
ploshchad_muzhestva_1,воскресенье,11,17,4,12671,0.027235,0.024394,0.032991,0.318408,0.493747
ploshchad_muzhestva_1,воскресенье,12,17,4,13882,0.019657,0.02505,0.036119,0.761194,0.858447
ploshchad_muzhestva_1,воскресенье,13,17,4,13863,0.018017,0.023785,0.034509,0.835821,0.904105
ploshchad_muzhestva_1,воскресенье,14,17,4,14783,0.020873,0.021092,0.029146,0.487562,0.64867
ploshchad_muzhestva_1,воскресенье,15,17,4,13676,0.020629,0.025945,0.03463,0.800995,0.886632
ploshchad_muzhestva_1,воскресенье,16,17,4,13258,0.023943,0.025754,0.035024,0.616915,0.757799
ploshchad_muzhestva_1,воскресенье,17,17,4,13492,0.032188,0.021927,0.031518,0.024876,0.078027
ploshchad_muzhestva_1,воскресенье,18,17,4,12652,0.033258,0.025828,0.036366,0.134328,0.26538
ploshchad_muzhestva_1,воскресенье,19,17,4,10370,0.032898,0.025821,0.034793,0.129353,0.259649
ploshchad_muzhestva_1,воскресенье,20,17,4,9650,0.02593,0.031024,0.041703,0.766169,0.860534
ploshchad_muzhestva_1,воскресенье,21,17,4,7240,0.040305,0.031447,0.044102,0.124378,0.252982
ploshchad_muzhestva_1,воскресенье,22,17,4,4713,0.043215,0.036276,0.050275,0.21393,0.36915
ploshchad_muzhestva_1,воскресенье,23,17,4,3021,0.056117,0.042509,0.059523,0.089552,0.201164
ploshchad_muzhestva_1,рабочий,5,79,4,12600,0.024972,0.013374,0.021984,0.0199,0.06509
ploshchad_muzhestva_1,рабочий,6,79,4,51973,0.017601,0.010508,0.014346,0.004975,0.022461
ploshchad_muzhestva_1,рабочий,7,79,4,126234,0.027765,0.009411,0.013367,0.004975,0.022461
ploshchad_muzhestva_1,рабочий,8,79,4,171025,0.020667,0.008634,0.012246,0.004975,0.022461
ploshchad_muzhestva_1,рабочий,9,80,4,116069,0.011479,0.008807,0.011862,0.089552,0.201164
ploshchad_muzhestva_1,рабочий,10,80,4,84361,0.01971,0.009986,0.014154,0.004975,0.022461
ploshchad_muzhestva_1,рабочий,11,80,4,80913,0.026359,0.011832,0.016643,0.004975,0.022461
ploshchad_muzhestva_1,рабочий,12,80,4,82491,0.0125,0.011114,0.015257,0.348259,0.524674
ploshchad_muzhestva_1,рабочий,13,80,4,94832,0.047432,0.013377,0.019626,0.004975,0.022461
ploshchad_muzhestva_1,рабочий,14,80,4,94018,0.014205,0.010418,0.014474,0.069652,0.166801
ploshchad_muzhestva_1,рабочий,15,80,4,124121,0.043982,0.012833,0.018757,0.004975,0.022461
ploshchad_muzhestva_1,рабочий,16,80,4,155280,0.013688,0.009285,0.013641,0.054726,0.142995
ploshchad_muzhestva_1,рабочий,17,80,4,211863,0.021678,0.010358,0.015352,0.004975,0.022461
ploshchad_muzhestva_1,рабочий,18,80,4,170033,0.012343,0.008761,0.012593,0.064677,0.160179
ploshchad_muzhestva_1,рабочий,19,80,4,96507,0.010041,0.009176,0.013509,0.333333,0.508306
ploshchad_muzhestva_1,рабочий,20,80,4,70705,0.015631,0.010566,0.015264,0.049751,0.134065
ploshchad_muzhestva_1,рабочий,21,80,4,48823,0.013456,0.012228,0.017386,0.278607,0.451343
ploshchad_muzhestva_1,рабочий,22,80,4,30014,0.008746,0.013571,0.019423,0.920398,0.95364
ploshchad_muzhestva_1,рабочий,23,80,4,17366,0.023937,0.017922,0.026589,0.104478,0.223048
ploshchad_muzhestva_1,рабочий,0,80,4,2395,0.069333,0.04605,0.066545,0.039801,0.112538
ploshchad_muzhestva_1,суббота,5,16,4,1190,0.061511,0.047532,0.072374,0.18408,0.331777
ploshchad_muzhestva_1,суббота,6,16,4,5340,0.061326,0.041687,0.05773,0.0199,0.06509
ploshchad_muzhestva_1,суббота,7,16,4,9534,0.048877,0.032287,0.042833,0.00995,0.039147
ploshchad_muzhestva_1,суббота,8,16,4,12604,0.037207,0.02594,0.037094,0.054726,0.142995
ploshchad_muzhestva_1,суббота,9,16,4,12721,0.027042,0.02795,0.036132,0.567164,0.720466
ploshchad_muzhestva_1,суббота,10,16,4,13793,0.03015,0.024423,0.033299,0.144279,0.277474
ploshchad_muzhestva_1,суббота,11,16,4,15380,0.029349,0.024619,0.035581,0.189055,0.336777
ploshchad_muzhestva_1,суббота,12,16,4,16255,0.036291,0.024997,0.036846,0.059701,0.151677
ploshchad_muzhestva_1,суббота,13,16,4,17668,0.04165,0.030726,0.039521,0.039801,0.112538
ploshchad_muzhestva_1,суббота,14,16,4,17303,0.025456,0.020491,0.028888,0.169154,0.309741
ploshchad_muzhestva_1,суббота,15,16,4,18017,0.029166,0.02749,0.036285,0.402985,0.579238
ploshchad_muzhestva_1,суббота,16,16,4,15807,0.014876,0.024028,0.032019,0.975124,0.985864
ploshchad_muzhestva_1,суббота,17,16,4,15796,0.012932,0.020972,0.028334,0.970149,0.983723
ploshchad_muzhestva_1,суббота,18,16,4,14073,0.030266,0.024721,0.034229,0.149254,0.284263
ploshchad_muzhestva_1,суббота,19,16,4,10946,0.044283,0.036298,0.049803,0.164179,0.303049
ploshchad_muzhestva_1,суббота,20,16,4,9642,0.032785,0.027053,0.03773,0.179104,0.323657
ploshchad_muzhestva_1,суббота,21,16,4,7765,0.023488,0.024786,0.033939,0.60199,0.748141
ploshchad_muzhestva_1,суббота,22,16,4,5277,0.027957,0.028078,0.037443,0.527363,0.685722
ploshchad_muzhestva_1,суббота,23,16,4,3881,0.056937,0.045239,0.061362,0.109453,0.230806
lesnaya_1,воскресенье,5,17,4,1002,0.046687,0.043547,0.063465,0.402985,0.579238
lesnaya_1,воскресенье,6,17,4,4427,0.037707,0.035017,0.049039,0.348259,0.524674
lesnaya_1,воскресенье,7,17,4,6752,0.022502,0.033145,0.044673,0.935323,0.961867
lesnaya_1,воскресенье,8,17,4,9689,0.033781,0.026039,0.035638,0.079602,0.185155
lesnaya_1,воскресенье,9,17,4,12976,0.024832,0.01922,0.026096,0.079602,0.185155
lesnaya_1,воскресенье,10,17,4,15002,0.039015,0.025314,0.034134,0.004975,0.022461
lesnaya_1,воскресенье,11,17,4,16732,0.026898,0.021578,0.028351,0.099502,0.215094
lesnaya_1,воскресенье,12,17,4,19729,0.026916,0.023708,0.032104,0.293532,0.466737
lesnaya_1,воскресенье,13,17,4,20471,0.019084,0.019899,0.027587,0.537313,0.693421
lesnaya_1,воскресенье,14,17,4,21412,0.017709,0.023431,0.0323,0.890547,0.936094
lesnaya_1,воскресенье,15,17,4,21342,0.015414,0.021019,0.029961,0.850746,0.911656
lesnaya_1,воскресенье,16,17,4,21891,0.020857,0.022537,0.031114,0.626866,0.763213
lesnaya_1,воскресенье,17,17,4,21899,0.029858,0.019886,0.027591,0.014925,0.05297
lesnaya_1,воскресенье,18,17,4,21608,0.02365,0.017354,0.022569,0.024876,0.078027
lesnaya_1,воскресенье,19,17,4,18058,0.026886,0.025065,0.032942,0.378109,0.555071
lesnaya_1,воскресенье,20,17,4,16537,0.014834,0.018374,0.024386,0.825871,0.898991
lesnaya_1,воскресенье,21,17,4,14795,0.020117,0.022625,0.029818,0.681592,0.802868
lesnaya_1,воскресенье,22,17,4,13661,0.027119,0.022419,0.029987,0.134328,0.26538
lesnaya_1,воскресенье,23,17,4,6678,0.045409,0.032777,0.046078,0.064677,0.160179
lesnaya_1,воскресенье,0,17,4,875,0.042776,0.047826,0.075086,0.58209,0.734009
lesnaya_1,рабочий,5,80,4,13188,0.03543,0.012704,0.020999,0.004975,0.022461
lesnaya_1,рабочий,6,80,4,57713,0.015592,0.009547,0.013888,0.014925,0.05297
lesnaya_1,рабочий,7,80,4,160908,0.030915,0.008987,0.012634,0.004975,0.022461
lesnaya_1,рабочий,8,80,4,221377,0.020247,0.008574,0.012552,0.004975,0.022461
lesnaya_1,рабочий,9,80,4,174476,0.054075,0.012206,0.018505,0.004975,0.022461
lesnaya_1,рабочий,10,80,4,117013,0.01533,0.009309,0.012803,0.0199,0.06509
lesnaya_1,рабочий,11,80,4,134793,0.054587,0.014411,0.021414,0.004975,0.022461
lesnaya_1,рабочий,12,80,4,125204,0.010239,0.009352,0.012651,0.333333,0.508306
lesnaya_1,рабочий,13,80,4,132840,0.021352,0.010545,0.01513,0.004975,0.022461
lesnaya_1,рабочий,14,80,4,136379,0.014311,0.010953,0.015823,0.129353,0.259649
lesnaya_1,рабочий,15,80,4,197687,0.03612,0.012504,0.018674,0.004975,0.022461
lesnaya_1,рабочий,16,80,4,224302,0.013161,0.010076,0.014221,0.119403,0.245767
lesnaya_1,рабочий,17,80,4,332919,0.013066,0.009242,0.013365,0.064677,0.160179
lesnaya_1,рабочий,18,80,4,343667,0.009065,0.007422,0.010508,0.159204,0.297051
lesnaya_1,рабочий,19,80,4,183510,0.010745,0.008264,0.011588,0.104478,0.223048
lesnaya_1,рабочий,20,80,4,123978,0.012384,0.008964,0.012159,0.049751,0.134065
lesnaya_1,рабочий,21,80,4,91653,0.021303,0.010216,0.013884,0.004975,0.022461
lesnaya_1,рабочий,22,80,4,71869,0.013529,0.009769,0.013613,0.059701,0.151677
lesnaya_1,рабочий,23,80,4,34412,0.026331,0.013332,0.018596,0.004975,0.022461
lesnaya_1,рабочий,0,80,4,4641,0.038013,0.032309,0.051166,0.293532,0.466737
lesnaya_1,суббота,5,16,4,1208,0.038796,0.038878,0.056727,0.477612,0.642257
lesnaya_1,суббота,6,16,4,5461,0.02461,0.02812,0.038121,0.711443,0.826017
lesnaya_1,суббота,7,16,4,10409,0.058169,0.033779,0.045406,0.004975,0.022461
lesnaya_1,суббота,8,16,4,14649,0.039673,0.029438,0.039903,0.069652,0.166801
lesnaya_1,суббота,9,16,4,18686,0.047764,0.028771,0.041501,0.014925,0.05297
lesnaya_1,суббота,10,16,4,18718,0.026922,0.021576,0.028678,0.114428,0.238377
lesnaya_1,суббота,11,16,4,23962,0.053026,0.02905,0.044726,0.004975,0.022461
lesnaya_1,суббота,12,16,4,23960,0.026997,0.023067,0.032667,0.223881,0.383915
lesnaya_1,суббота,13,16,4,26583,0.018434,0.022311,0.031468,0.771144,0.864008
lesnaya_1,суббота,14,16,4,28188,0.032127,0.025264,0.034522,0.119403,0.245767
lesnaya_1,суббота,15,16,4,29598,0.039395,0.026985,0.037295,0.029851,0.090939
lesnaya_1,суббота,16,16,4,27346,0.01868,0.019459,0.02695,0.606965,0.752287
lesnaya_1,суббота,17,16,4,27898,0.020763,0.015021,0.020602,0.054726,0.142995
lesnaya_1,суббота,18,16,4,25104,0.016295,0.021989,0.029663,0.900498,0.940808
lesnaya_1,суббота,19,16,4,20605,0.021825,0.022559,0.030439,0.616915,0.757799
lesnaya_1,суббота,20,16,4,19196,0.027729,0.022347,0.031916,0.174129,0.317164
lesnaya_1,суббота,21,16,4,16415,0.025451,0.025023,0.031858,0.497512,0.658726
lesnaya_1,суббота,22,16,4,15220,0.023087,0.021333,0.02968,0.328358,0.502947
lesnaya_1,суббота,23,16,4,8344,0.032661,0.037238,0.050065,0.741294,0.842908
lesnaya_1,суббота,0,16,4,1195,0.037577,0.04464,0.066509,0.681592,0.802868
vyborgskaya_1,воскресенье,6,17,4,1536,0.064262,0.076025,0.101559,0.726368,0.834203
vyborgskaya_1,воскресенье,7,17,4,3888,0.031769,0.027491,0.036319,0.233831,0.395074
vyborgskaya_1,воскресенье,8,17,4,4007,0.039382,0.031865,0.042124,0.154229,0.289731
vyborgskaya_1,воскресенье,9,17,4,3974,0.035433,0.039847,0.05304,0.691542,0.811119
vyborgskaya_1,воскресенье,10,17,4,4002,0.046152,0.044445,0.058379,0.437811,0.606505
vyborgskaya_1,воскресенье,11,17,4,4841,0.037911,0.040065,0.052655,0.60199,0.748141
vyborgskaya_1,воскресенье,12,17,4,5951,0.043477,0.038281,0.050333,0.263682,0.431223
vyborgskaya_1,воскресенье,13,17,4,6565,0.046775,0.040847,0.057185,0.268657,0.437282
vyborgskaya_1,воскресенье,14,17,4,7366,0.037762,0.033135,0.044751,0.218905,0.376791
vyborgskaya_1,воскресенье,15,17,4,6773,0.031337,0.033267,0.0478,0.547264,0.703625
vyborgskaya_1,воскресенье,16,17,4,6863,0.023441,0.026986,0.038297,0.671642,0.793182
vyborgskaya_1,воскресенье,17,17,4,7639,0.038024,0.040126,0.054173,0.606965,0.752287
vyborgskaya_1,воскресенье,18,17,4,8256,0.054977,0.035929,0.051595,0.0199,0.06509
vyborgskaya_1,воскресенье,19,17,4,9999,0.034532,0.0314,0.043111,0.318408,0.493747
vyborgskaya_1,воскресенье,20,17,4,8398,0.036595,0.029913,0.040635,0.149254,0.284263
vyborgskaya_1,воскресенье,21,17,4,6121,0.044547,0.041998,0.054195,0.393035,0.568497
vyborgskaya_1,воскресенье,22,17,4,4288,0.056361,0.060954,0.078966,0.646766,0.777814
vyborgskaya_1,воскресенье,23,17,4,2075,0.06058,0.04623,0.06645,0.099502,0.215094
vyborgskaya_1,рабочий,5,80,4,3962,0.023218,0.027914,0.045577,0.641791,0.773858
vyborgskaya_1,рабочий,6,80,4,14540,0.02942,0.016407,0.023889,0.004975,0.022461
vyborgskaya_1,рабочий,7,80,4,41042,0.016918,0.010858,0.01552,0.004975,0.022461
vyborgskaya_1,рабочий,8,80,4,60901,0.021114,0.011111,0.01553,0.004975,0.022461
vyborgskaya_1,рабочий,9,80,4,44964,0.014731,0.011731,0.01578,0.139303,0.272086
vyborgskaya_1,рабочий,10,80,4,43943,0.015314,0.011775,0.016306,0.079602,0.185155
vyborgskaya_1,рабочий,11,80,4,52396,0.027177,0.013492,0.01836,0.004975,0.022461
vyborgskaya_1,рабочий,12,80,4,65789,0.026511,0.012179,0.017399,0.004975,0.022461
vyborgskaya_1,рабочий,13,80,4,65038,0.020297,0.013053,0.018373,0.0199,0.06509
vyborgskaya_1,рабочий,14,80,4,95463,0.033565,0.014936,0.021309,0.004975,0.022461
vyborgskaya_1,рабочий,15,80,4,141335,0.03439,0.015928,0.023437,0.004975,0.022461
vyborgskaya_1,рабочий,16,80,4,233370,0.0311,0.014336,0.022831,0.004975,0.022461
vyborgskaya_1,рабочий,17,80,4,299311,0.005072,0.007472,0.011344,0.890547,0.936094
vyborgskaya_1,рабочий,18,80,4,323133,0.013504,0.00769,0.011361,0.014925,0.05297
vyborgskaya_1,рабочий,19,80,4,141835,0.01366,0.007802,0.010874,0.004975,0.022461
vyborgskaya_1,рабочий,20,80,4,81950,0.017828,0.010111,0.013627,0.004975,0.022461
vyborgskaya_1,рабочий,21,80,4,49171,0.020832,0.015119,0.020865,0.059701,0.151677
vyborgskaya_1,рабочий,22,80,4,29639,0.025894,0.022368,0.031127,0.258706,0.424094
vyborgskaya_1,рабочий,23,80,4,13041,0.045252,0.024288,0.034574,0.00995,0.039147
vyborgskaya_1,рабочий,0,80,4,1722,0.062811,0.044344,0.064421,0.069652,0.166801
vyborgskaya_1,суббота,6,16,4,1866,0.050915,0.059756,0.08208,0.736318,0.840025
vyborgskaya_1,суббота,7,16,4,4547,0.069746,0.060162,0.071328,0.094527,0.20793
vyborgskaya_1,суббота,8,16,4,5019,0.026545,0.032787,0.044633,0.810945,0.892623
vyborgskaya_1,суббота,9,16,4,4859,0.044219,0.039161,0.05265,0.293532,0.466737
vyborgskaya_1,суббота,10,16,4,5433,0.069545,0.043376,0.059112,0.004975,0.022461
vyborgskaya_1,суббота,11,16,4,6830,0.071592,0.059316,0.076269,0.134328,0.26538
vyborgskaya_1,суббота,12,16,4,8367,0.047059,0.035313,0.048679,0.104478,0.223048
vyborgskaya_1,суббота,13,16,4,8889,0.053611,0.041833,0.056819,0.104478,0.223048
vyborgskaya_1,суббота,14,16,4,10429,0.043926,0.032861,0.044923,0.069652,0.166801
vyborgskaya_1,суббота,15,16,4,10649,0.050119,0.037292,0.050516,0.064677,0.160179
vyborgskaya_1,суббота,16,16,4,8854,0.028935,0.026488,0.036654,0.308458,0.483766
vyborgskaya_1,суббота,17,16,4,9585,0.038464,0.034741,0.047275,0.313433,0.490451
vyborgskaya_1,суббота,18,16,4,10346,0.026028,0.032774,0.044134,0.825871,0.898991
vyborgskaya_1,суббота,19,16,4,11419,0.043231,0.036362,0.04845,0.189055,0.336777
vyborgskaya_1,суббота,20,16,4,8844,0.025598,0.023729,0.031111,0.338308,0.514184
vyborgskaya_1,суббота,21,16,4,6790,0.060387,0.044118,0.060456,0.059701,0.151677
vyborgskaya_1,суббота,22,16,4,6849,0.052108,0.049538,0.065248,0.38806,0.565458
vyborgskaya_1,суббота,23,16,4,2361,0.078538,0.067374,0.091985,0.233831,0.395074
ploshchad_lenina_1,воскресенье,5,17,4,2690,0.063591,0.045738,0.073841,0.134328,0.26538
ploshchad_lenina_1,воскресенье,6,17,4,5576,0.064316,0.055687,0.079675,0.238806,0.400531
ploshchad_lenina_1,воскресенье,7,17,4,8906,0.043584,0.050333,0.061393,0.820896,0.898548
ploshchad_lenina_1,воскресенье,8,17,4,12944,0.064485,0.045435,0.064585,0.059701,0.151677
ploshchad_lenina_1,воскресенье,9,17,4,14308,0.050226,0.035781,0.050231,0.059701,0.151677
ploshchad_lenina_1,воскресенье,10,17,4,19731,0.040068,0.045137,0.063195,0.671642,0.793182
ploshchad_lenina_1,воскресенье,11,17,4,15844,0.043134,0.040993,0.055666,0.442786,0.610938
ploshchad_lenina_1,воскресенье,12,17,4,23944,0.061267,0.035294,0.050921,0.004975,0.022461
ploshchad_lenina_1,воскресенье,13,17,4,20017,0.092622,0.052967,0.073961,0.004975,0.022461
ploshchad_lenina_1,воскресенье,14,17,4,32189,0.031852,0.031523,0.041325,0.482587,0.645167
ploshchad_lenina_1,воскресенье,15,17,4,22450,0.076454,0.046784,0.065976,0.014925,0.05297
ploshchad_lenina_1,воскресенье,16,17,4,35073,0.047152,0.037149,0.053168,0.169154,0.309741
ploshchad_lenina_1,воскресенье,17,17,4,29212,0.067563,0.039867,0.057457,0.004975,0.022461
ploshchad_lenina_1,воскресенье,18,17,4,37193,0.090073,0.051403,0.074408,0.004975,0.022461
ploshchad_lenina_1,воскресенье,19,17,4,41863,0.108435,0.05868,0.083719,0.004975,0.022461
ploshchad_lenina_1,воскресенье,20,17,4,34599,0.079165,0.046266,0.060949,0.004975,0.022461
ploshchad_lenina_1,воскресенье,21,17,4,24111,0.070218,0.054239,0.071491,0.064677,0.160179
ploshchad_lenina_1,воскресенье,22,17,4,29676,0.075404,0.058451,0.081647,0.089552,0.201164
ploshchad_lenina_1,воскресенье,23,17,4,12678,0.137134,0.111918,0.146779,0.139303,0.272086
ploshchad_lenina_1,воскресенье,0,17,4,1094,0.056873,0.064108,0.09586,0.641791,0.773858
ploshchad_lenina_1,рабочий,5,80,4,8691,0.050887,0.018724,0.03036,0.004975,0.022461
ploshchad_lenina_1,рабочий,6,80,4,59613,0.03368,0.016002,0.022605,0.004975,0.022461
ploshchad_lenina_1,рабочий,7,80,4,159529,0.049212,0.017397,0.025899,0.004975,0.022461
ploshchad_lenina_1,рабочий,8,80,4,251225,0.014557,0.012902,0.018924,0.318408,0.493747
ploshchad_lenina_1,рабочий,9,80,4,174671,0.027107,0.012701,0.019448,0.004975,0.022461
ploshchad_lenina_1,рабочий,10,80,4,150874,0.041027,0.015817,0.022547,0.004975,0.022461
ploshchad_lenina_1,рабочий,11,80,4,111273,0.019771,0.011488,0.017109,0.014925,0.05297
ploshchad_lenina_1,рабочий,12,80,4,143670,0.053291,0.013812,0.0198,0.004975,0.022461
ploshchad_lenina_1,рабочий,13,80,4,111832,0.024598,0.012072,0.017354,0.004975,0.022461
ploshchad_lenina_1,рабочий,14,80,4,161713,0.036962,0.013077,0.018748,0.004975,0.022461
ploshchad_lenina_1,рабочий,15,80,4,178576,0.023509,0.013094,0.019451,0.004975,0.022461
ploshchad_lenina_1,рабочий,16,80,4,253098,0.010707,0.009939,0.013782,0.393035,0.568497
ploshchad_lenina_1,рабочий,17,80,4,390635,0.028305,0.012282,0.018012,0.004975,0.022461
ploshchad_lenina_1,рабочий,18,80,4,377553,0.03343,0.011737,0.017198,0.004975,0.022461
ploshchad_lenina_1,рабочий,19,80,4,214527,0.058831,0.015117,0.023,0.004975,0.022461
ploshchad_lenina_1,рабочий,20,80,4,137336,0.043832,0.014897,0.021485,0.004975,0.022461
ploshchad_lenina_1,рабочий,21,80,4,92882,0.029932,0.01674,0.023394,0.004975,0.022461
ploshchad_lenina_1,рабочий,22,80,4,98442,0.071104,0.026907,0.038079,0.004975,0.022461
ploshchad_lenina_1,рабочий,23,80,4,45651,0.089285,0.026291,0.043134,0.004975,0.022461
ploshchad_lenina_1,рабочий,0,80,4,4756,0.040992,0.033691,0.05058,0.248756,0.411704
ploshchad_lenina_1,суббота,5,16,4,1573,0.135896,0.131411,0.154791,0.373134,0.550703
ploshchad_lenina_1,суббота,6,16,4,6095,0.055248,0.043468,0.061335,0.144279,0.277474
ploshchad_lenina_1,суббота,7,16,4,11238,0.053754,0.041201,0.057084,0.129353,0.259649
ploshchad_lenina_1,суббота,8,16,4,17165,0.049477,0.039002,0.054256,0.134328,0.26538
ploshchad_lenina_1,суббота,9,16,4,16898,0.043702,0.027989,0.037452,0.00995,0.039147
ploshchad_lenina_1,суббота,10,16,4,21346,0.048143,0.036522,0.053379,0.154229,0.289731
ploshchad_lenina_1,суббота,11,16,4,17304,0.064064,0.035322,0.050611,0.004975,0.022461
ploshchad_lenina_1,суббота,12,16,4,24999,0.052252,0.027402,0.037637,0.004975,0.022461
ploshchad_lenina_1,суббота,13,16,4,20354,0.054605,0.036324,0.04985,0.014925,0.05297
ploshchad_lenina_1,суббота,14,16,4,29759,0.051367,0.034637,0.045457,0.014925,0.05297
ploshchad_lenina_1,суббота,15,16,4,23755,0.061635,0.035698,0.048276,0.004975,0.022461
ploshchad_lenina_1,суббота,16,16,4,32243,0.057263,0.040387,0.055814,0.039801,0.112538
ploshchad_lenina_1,суббота,17,16,4,27865,0.07246,0.044792,0.06056,0.004975,0.022461
ploshchad_lenina_1,суббота,18,16,4,33395,0.068066,0.040136,0.055872,0.004975,0.022461
ploshchad_lenina_1,суббота,19,16,4,38991,0.109741,0.075974,0.099713,0.014925,0.05297
ploshchad_lenina_1,суббота,20,16,4,32664,0.07338,0.085542,0.105221,0.845771,0.909154
ploshchad_lenina_1,суббота,21,16,4,24403,0.032372,0.051245,0.070268,0.960199,0.978678
ploshchad_lenina_1,суббота,22,16,4,30209,0.109694,0.069988,0.095801,0.014925,0.05297
ploshchad_lenina_1,суббота,23,16,4,15374,0.162455,0.101716,0.135292,0.004975,0.022461
ploshchad_lenina_1,суббота,0,16,4,1412,0.059408,0.051201,0.081295,0.368159,0.5457
ploshchad_lenina_2,воскресенье,6,17,4,1153,0.119044,0.115601,0.146429,0.427861,0.601802
ploshchad_lenina_2,воскресенье,7,17,4,1805,0.085594,0.062206,0.080042,0.029851,0.090939
ploshchad_lenina_2,воскресенье,8,17,4,2608,0.029285,0.04284,0.059335,0.935323,0.961867
ploshchad_lenina_2,воскресенье,9,17,4,3525,0.037661,0.038524,0.051548,0.542289,0.69788
ploshchad_lenina_2,воскресенье,10,17,4,4403,0.051097,0.041633,0.055397,0.149254,0.284263
ploshchad_lenina_2,воскресенье,11,17,4,4314,0.045827,0.045138,0.059925,0.467662,0.631343
ploshchad_lenina_2,воскресенье,12,17,4,5003,0.052251,0.045395,0.058873,0.233831,0.395074
ploshchad_lenina_2,воскресенье,13,17,4,5223,0.033477,0.037697,0.052234,0.666667,0.789338
ploshchad_lenina_2,воскресенье,14,17,4,5342,0.02863,0.03272,0.045706,0.696517,0.815565
ploshchad_lenina_2,воскресенье,15,17,4,5288,0.040362,0.038464,0.052473,0.422886,0.596633
ploshchad_lenina_2,воскресенье,16,17,4,5638,0.047487,0.044415,0.057751,0.353234,0.528699
ploshchad_lenina_2,воскресенье,17,17,4,5985,0.045962,0.038265,0.053254,0.19403,0.342977
ploshchad_lenina_2,воскресенье,18,17,4,6506,0.0585,0.036814,0.051234,0.004975,0.022461
ploshchad_lenina_2,воскресенье,19,17,4,6049,0.039917,0.042233,0.054124,0.641791,0.773858
ploshchad_lenina_2,воскресенье,20,17,4,6385,0.109475,0.114933,0.139167,0.656716,0.785663
ploshchad_lenina_2,воскресенье,21,17,4,7872,0.160496,0.162171,0.211992,0.507463,0.666771
ploshchad_lenina_2,рабочий,5,80,4,2492,0.044426,0.033438,0.048753,0.094527,0.20793
ploshchad_lenina_2,рабочий,6,80,4,8435,0.040728,0.0251,0.035633,0.00995,0.039147
ploshchad_lenina_2,рабочий,7,80,4,22954,0.038781,0.020004,0.028725,0.004975,0.022461
ploshchad_lenina_2,рабочий,8,80,4,41496,0.026779,0.014577,0.021381,0.014925,0.05297
ploshchad_lenina_2,рабочий,9,80,4,35256,0.014926,0.012462,0.017417,0.228856,0.390986
ploshchad_lenina_2,рабочий,10,80,4,35616,0.026185,0.012955,0.017955,0.004975,0.022461
ploshchad_lenina_2,рабочий,11,80,4,39117,0.014585,0.012253,0.017187,0.238806,0.400531
ploshchad_lenina_2,рабочий,12,79,4,55121,0.035481,0.015468,0.021891,0.004975,0.022461
ploshchad_lenina_2,рабочий,13,80,4,53040,0.024524,0.012934,0.018224,0.004975,0.022461
ploshchad_lenina_2,рабочий,14,80,4,65410,0.023282,0.012516,0.017071,0.004975,0.022461
ploshchad_lenina_2,рабочий,15,80,4,93017,0.02231,0.014352,0.019001,0.014925,0.05297
ploshchad_lenina_2,рабочий,16,80,4,122000,0.018415,0.012806,0.01851,0.059701,0.151677
ploshchad_lenina_2,рабочий,17,80,4,168693,0.017074,0.012523,0.01836,0.099502,0.215094
ploshchad_lenina_2,рабочий,18,80,4,156284,0.013763,0.009221,0.01362,0.044776,0.124308
ploshchad_lenina_2,рабочий,19,80,4,69599,0.013051,0.011232,0.015664,0.243781,0.40493
ploshchad_lenina_2,рабочий,20,80,4,42494,0.030722,0.027937,0.04088,0.323383,0.499214
ploshchad_lenina_2,рабочий,21,80,4,43426,0.04245,0.06855,0.093432,0.955224,0.976498
ploshchad_lenina_2,рабочий,22,80,4,1003,0.009332,0.013044,0.021435,0.731343,0.837124
ploshchad_lenina_2,суббота,6,16,4,1159,0.084537,0.065359,0.088952,0.104478,0.223048
ploshchad_lenina_2,суббота,7,16,4,2165,0.060471,0.048613,0.0679,0.139303,0.272086
ploshchad_lenina_2,суббота,8,16,4,3731,0.076312,0.064099,0.083924,0.154229,0.289731
ploshchad_lenina_2,суббота,9,16,4,4038,0.044264,0.037679,0.052986,0.228856,0.390986
ploshchad_lenina_2,суббота,10,16,4,4350,0.034743,0.041312,0.05584,0.781095,0.873025
ploshchad_lenina_2,суббота,11,16,4,4844,0.028559,0.0358,0.048594,0.840796,0.905928
ploshchad_lenina_2,суббота,12,16,4,8031,0.06382,0.043893,0.059709,0.034826,0.102468
ploshchad_lenina_2,суббота,13,16,4,7831,0.052444,0.051219,0.064371,0.412935,0.588625
ploshchad_lenina_2,суббота,14,16,4,9092,0.060265,0.045261,0.061229,0.064677,0.160179
ploshchad_lenina_2,суббота,15,16,4,10452,0.034036,0.046074,0.06175,0.895522,0.939889
ploshchad_lenina_2,суббота,16,16,4,9485,0.027837,0.03441,0.045367,0.855721,0.914141
ploshchad_lenina_2,суббота,17,16,4,9575,0.059984,0.062612,0.07695,0.631841,0.766559
ploshchad_lenina_2,суббота,18,16,4,9009,0.040116,0.035293,0.04637,0.293532,0.466737
ploshchad_lenina_2,суббота,19,16,4,6781,0.045607,0.039045,0.051598,0.223881,0.383915
ploshchad_lenina_2,суббота,20,16,4,6028,0.039836,0.048026,0.063356,0.820896,0.898548
ploshchad_lenina_2,суббота,21,16,4,9257,0.140378,0.161678,0.224336,0.691542,0.811119
chernyshevskaya_1,воскресенье,5,17,4,1919,0.104972,0.047962,0.07942,0.004975,0.022461
chernyshevskaya_1,воскресенье,6,17,4,3331,0.02636,0.037004,0.050058,0.930348,0.959618
chernyshevskaya_1,воскресенье,7,17,4,4878,0.06542,0.049673,0.06369,0.039801,0.112538
chernyshevskaya_1,воскресенье,8,17,4,7529,0.047114,0.033446,0.047063,0.054726,0.142995
chernyshevskaya_1,воскресенье,9,17,4,9276,0.027772,0.02699,0.037465,0.447761,0.614111
chernyshevskaya_1,воскресенье,10,17,4,10115,0.033537,0.033861,0.045002,0.497512,0.658726
chernyshevskaya_1,воскресенье,11,17,4,12199,0.026349,0.027986,0.035451,0.626866,0.763213
chernyshevskaya_1,воскресенье,12,17,4,18140,0.021188,0.024649,0.033489,0.731343,0.837124
chernyshevskaya_1,воскресенье,13,17,4,22787,0.023841,0.02648,0.034726,0.701493,0.818606
chernyshevskaya_1,воскресенье,14,17,4,22330,0.016497,0.018665,0.025053,0.691542,0.811119
chernyshevskaya_1,воскресенье,15,17,4,24146,0.016199,0.018164,0.024452,0.666667,0.789338
chernyshevskaya_1,воскресенье,16,17,4,25592,0.023562,0.018329,0.02502,0.104478,0.223048
chernyshevskaya_1,воскресенье,17,17,4,29270,0.007964,0.016084,0.021269,1.0,1.0
chernyshevskaya_1,воскресенье,18,17,4,31123,0.017025,0.019307,0.025363,0.741294,0.842908
chernyshevskaya_1,воскресенье,19,17,4,31254,0.024722,0.020807,0.027086,0.164179,0.303049
chernyshevskaya_1,воскресенье,20,17,4,30134,0.017183,0.020875,0.028669,0.800995,0.886632
chernyshevskaya_1,воскресенье,21,17,4,26413,0.017096,0.019902,0.026502,0.766169,0.860534
chernyshevskaya_1,воскресенье,22,17,4,20609,0.032813,0.027046,0.038546,0.233831,0.395074
chernyshevskaya_1,воскресенье,23,17,4,14265,0.027621,0.026468,0.036374,0.447761,0.614111
chernyshevskaya_1,воскресенье,0,17,4,2276,0.031993,0.034079,0.053737,0.567164,0.720466
chernyshevskaya_1,рабочий,5,80,4,8298,0.025434,0.014232,0.022152,0.014925,0.05297
chernyshevskaya_1,рабочий,6,80,4,25946,0.017631,0.014649,0.020504,0.189055,0.336777
chernyshevskaya_1,рабочий,7,80,4,53790,0.02323,0.012851,0.018332,0.004975,0.022461
chernyshevskaya_1,рабочий,8,80,4,84193,0.017817,0.009591,0.013351,0.004975,0.022461
chernyshevskaya_1,рабочий,9,80,4,80782,0.016753,0.009057,0.012621,0.004975,0.022461
chernyshevskaya_1,рабочий,10,80,4,89763,0.014243,0.009348,0.013418,0.039801,0.112538
chernyshevskaya_1,рабочий,11,80,4,102590,0.011192,0.009359,0.013185,0.189055,0.336777
chernyshevskaya_1,рабочий,12,80,4,129972,0.016588,0.009468,0.012884,0.004975,0.022461
chernyshevskaya_1,рабочий,13,80,4,143626,0.009677,0.010177,0.014219,0.577114,0.73041
chernyshevskaya_1,рабочий,14,80,4,175334,0.021887,0.009727,0.013327,0.004975,0.022461
chernyshevskaya_1,рабочий,15,80,4,229784,0.016356,0.009053,0.012626,0.004975,0.022461
chernyshevskaya_1,рабочий,16,80,4,303583,0.018901,0.011105,0.015847,0.004975,0.022461
chernyshevskaya_1,рабочий,17,80,4,475354,0.007175,0.013274,0.021987,0.945274,0.969205
chernyshevskaya_1,рабочий,18,80,4,558226,0.019629,0.007498,0.01023,0.004975,0.022461
chernyshevskaya_1,рабочий,19,80,4,312735,0.015315,0.007639,0.010498,0.004975,0.022461
chernyshevskaya_1,рабочий,20,80,4,221789,0.01429,0.007337,0.010218,0.004975,0.022461
chernyshevskaya_1,рабочий,21,80,4,176125,0.02294,0.010435,0.014336,0.004975,0.022461
chernyshevskaya_1,рабочий,22,80,4,120839,0.016639,0.010482,0.01447,0.0199,0.06509
chernyshevskaya_1,рабочий,23,80,4,78746,0.030574,0.01348,0.018667,0.004975,0.022461
chernyshevskaya_1,рабочий,0,79,4,11480,0.018833,0.019244,0.031979,0.482587,0.645167
chernyshevskaya_1,суббота,5,16,4,1635,0.077608,0.076836,0.095429,0.487562,0.64867
chernyshevskaya_1,суббота,6,16,4,3685,0.084514,0.058807,0.079764,0.00995,0.039147
chernyshevskaya_1,суббота,7,16,4,6040,0.055198,0.042624,0.055797,0.064677,0.160179
chernyshevskaya_1,суббота,8,16,4,8789,0.025232,0.028805,0.037633,0.736318,0.840025
chernyshevskaya_1,суббота,9,16,4,10724,0.044585,0.030445,0.040198,0.014925,0.05297
chernyshevskaya_1,суббота,10,16,4,11304,0.016613,0.020661,0.028542,0.81592,0.896666
chernyshevskaya_1,суббота,11,16,4,14162,0.016107,0.021441,0.02924,0.830846,0.902979
chernyshevskaya_1,суббота,12,16,4,19545,0.017018,0.023659,0.02999,0.935323,0.961867
chernyshevskaya_1,суббота,13,16,4,21950,0.020083,0.022124,0.029109,0.651741,0.780389
chernyshevskaya_1,суббота,14,16,4,27452,0.044428,0.02672,0.037628,0.004975,0.022461
chernyshevskaya_1,суббота,15,16,4,31045,0.030685,0.032292,0.041866,0.621891,0.761871
chernyshevskaya_1,суббота,16,16,4,31510,0.02117,0.024738,0.033335,0.711443,0.826017
chernyshevskaya_1,суббота,17,16,4,34333,0.03551,0.032686,0.041727,0.333333,0.508306
chernyshevskaya_1,суббота,18,16,4,37180,0.023045,0.020393,0.027851,0.233831,0.395074
chernyshevskaya_1,суббота,19,16,4,36491,0.02665,0.020625,0.028881,0.084577,0.193139
chernyshevskaya_1,суббота,20,16,4,34215,0.025992,0.019014,0.025038,0.039801,0.112538
chernyshevskaya_1,суббота,21,16,4,30435,0.019041,0.022205,0.030451,0.726368,0.834203
chernyshevskaya_1,суббота,22,16,4,23909,0.026049,0.0209,0.028812,0.139303,0.272086
chernyshevskaya_1,суббота,23,16,4,19554,0.022949,0.024636,0.033793,0.606965,0.752287
chernyshevskaya_1,суббота,0,16,4,3583,0.040445,0.034171,0.056082,0.328358,0.502947
vosstaniya_1,воскресенье,5,17,4,2808,0.101736,0.058253,0.086012,0.004975,0.022461
vosstaniya_1,воскресенье,6,17,4,5357,0.064167,0.046294,0.063863,0.049751,0.134065
vosstaniya_1,воскресенье,7,17,4,6706,0.02681,0.0267,0.036358,0.472637,0.636811
vosstaniya_1,воскресенье,8,17,4,9899,0.049642,0.030767,0.040922,0.00995,0.039147
vosstaniya_1,воскресенье,9,17,4,13360,0.032197,0.023746,0.033724,0.074627,0.17748
vosstaniya_1,воскресенье,10,17,4,15289,0.025485,0.023138,0.032781,0.298507,0.471923
vosstaniya_1,воскресенье,11,17,4,18060,0.015312,0.02269,0.032885,0.910448,0.948326
vosstaniya_1,воскресенье,12,16,4,20375,0.014782,0.021839,0.029095,0.970149,0.983723
vosstaniya_1,воскресенье,13,16,4,22777,0.02575,0.021155,0.028886,0.149254,0.284263
vosstaniya_1,воскресенье,14,17,4,26646,0.015868,0.014762,0.020484,0.39801,0.574486
vosstaniya_1,воскресенье,15,16,4,28934,0.010883,0.019735,0.026415,0.995025,0.997197
vosstaniya_1,воскресенье,16,17,4,34171,0.025934,0.024148,0.031511,0.368159,0.5457
vosstaniya_1,воскресенье,17,17,4,38409,0.015173,0.015922,0.0213,0.59204,0.743153
vosstaniya_1,воскресенье,18,17,4,41221,0.024194,0.018406,0.02481,0.079602,0.185155
vosstaniya_1,воскресенье,19,17,4,38751,0.017691,0.016587,0.021237,0.383085,0.559987
vosstaniya_1,воскресенье,20,17,4,37704,0.022757,0.022114,0.030384,0.41791,0.59204
vosstaniya_1,воскресенье,21,17,4,45285,0.099261,0.066094,0.104826,0.084577,0.193139
vosstaniya_1,воскресенье,22,17,4,32379,0.067207,0.070351,0.087233,0.60199,0.748141
vosstaniya_1,воскресенье,23,17,4,22757,0.059012,0.042336,0.051502,0.004975,0.022461
vosstaniya_1,воскресенье,0,17,4,2834,0.054759,0.036209,0.055411,0.069652,0.166801
vosstaniya_1,рабочий,5,80,4,12066,0.07484,0.020891,0.033383,0.004975,0.022461
vosstaniya_1,рабочий,6,80,4,39434,0.025922,0.01192,0.016962,0.004975,0.022461
vosstaniya_1,рабочий,7,80,4,68922,0.015561,0.008903,0.012569,0.004975,0.022461
vosstaniya_1,рабочий,8,80,4,101432,0.015883,0.00858,0.012131,0.004975,0.022461
vosstaniya_1,рабочий,9,80,4,97503,0.023356,0.009573,0.013478,0.004975,0.022461
vosstaniya_1,рабочий,10,80,4,98960,0.014758,0.009624,0.013707,0.0199,0.06509
vosstaniya_1,рабочий,11,80,4,108934,0.008215,0.007949,0.010773,0.452736,0.616635
vosstaniya_1,рабочий,12,80,4,129884,0.015097,0.008404,0.011663,0.004975,0.022461
vosstaniya_1,рабочий,13,80,4,140183,0.008974,0.008549,0.012174,0.402985,0.579238
vosstaniya_1,рабочий,14,80,4,155185,0.012203,0.007178,0.009926,0.004975,0.022461
vosstaniya_1,рабочий,15,80,4,186601,0.006888,0.008631,0.012184,0.746269,0.846468
vosstaniya_1,рабочий,16,80,4,238186,0.012721,0.010029,0.014035,0.099502,0.215094
vosstaniya_1,рабочий,17,80,4,357794,0.011394,0.011254,0.017183,0.452736,0.616635
vosstaniya_1,рабочий,18,80,4,428687,0.004917,0.006635,0.009368,0.830846,0.902979
vosstaniya_1,рабочий,19,80,4,279102,0.012857,0.009639,0.013695,0.094527,0.20793
vosstaniya_1,рабочий,20,80,4,225961,0.019852,0.015393,0.021602,0.149254,0.284263
vosstaniya_1,рабочий,21,80,4,213213,0.02233,0.021619,0.030374,0.432836,0.604478
vosstaniya_1,рабочий,22,80,4,172085,0.029589,0.033246,0.044026,0.681592,0.802868
vosstaniya_1,рабочий,23,80,4,112065,0.027366,0.015638,0.023836,0.0199,0.06509
vosstaniya_1,рабочий,0,80,4,15288,0.029672,0.014404,0.023856,0.00995,0.039147
vosstaniya_1,суббота,5,16,4,2852,0.077889,0.058042,0.076809,0.049751,0.134065
vosstaniya_1,суббота,6,16,4,5957,0.042298,0.0369,0.050495,0.233831,0.395074
vosstaniya_1,суббота,7,16,4,8551,0.030039,0.028575,0.036941,0.358209,0.534982
vosstaniya_1,суббота,8,16,4,11946,0.024528,0.025722,0.034086,0.597015,0.745321
vosstaniya_1,суббота,9,16,4,15146,0.025622,0.022396,0.029129,0.248756,0.411704
vosstaniya_1,суббота,10,16,4,17242,0.026602,0.024967,0.031789,0.368159,0.5457
vosstaniya_1,суббота,11,16,4,20996,0.029649,0.023684,0.031845,0.129353,0.259649
vosstaniya_1,суббота,12,16,4,23927,0.036754,0.028918,0.036925,0.069652,0.166801
vosstaniya_1,суббота,13,16,4,26692,0.033881,0.036024,0.044701,0.666667,0.789338
vosstaniya_1,суббота,14,16,4,29549,0.023373,0.020339,0.029577,0.298507,0.471923
vosstaniya_1,суббота,15,16,4,32958,0.019413,0.018882,0.025406,0.452736,0.616635
vosstaniya_1,суббота,16,16,4,35826,0.015181,0.017688,0.023455,0.736318,0.840025
vosstaniya_1,суббота,17,16,4,41558,0.012281,0.019988,0.026579,0.975124,0.985864
vosstaniya_1,суббота,18,16,4,42774,0.011241,0.014884,0.021309,0.850746,0.911656
vosstaniya_1,суббота,19,16,4,40639,0.011467,0.022512,0.031406,0.960199,0.978678
vosstaniya_1,суббота,20,16,4,41227,0.031959,0.034576,0.04433,0.661692,0.78751
vosstaniya_1,суббота,21,16,4,44350,0.022698,0.05174,0.069735,0.99005,0.995108
vosstaniya_1,суббота,22,16,4,34747,0.042901,0.044909,0.054913,0.636816,0.770558
vosstaniya_1,суббота,23,16,4,28073,0.035492,0.026665,0.037955,0.089552,0.201164
vosstaniya_1,суббота,0,16,4,4117,0.030868,0.025985,0.043333,0.343284,0.519452
vosstaniya_2,воскресенье,5,17,4,8286,0.081319,0.046792,0.076101,0.034826,0.102468
vosstaniya_2,воскресенье,6,17,4,13806,0.117603,0.085347,0.11304,0.039801,0.112538
vosstaniya_2,воскресенье,7,17,4,11594,0.120793,0.05668,0.082265,0.004975,0.022461
vosstaniya_2,воскресенье,8,17,4,16082,0.107026,0.061367,0.086346,0.004975,0.022461
vosstaniya_2,воскресенье,9,17,4,22722,0.121489,0.061649,0.091287,0.004975,0.022461
vosstaniya_2,воскресенье,10,17,4,21399,0.07234,0.070102,0.096582,0.432836,0.604478
vosstaniya_2,воскресенье,11,17,4,23906,0.091836,0.048219,0.067025,0.004975,0.022461
vosstaniya_2,воскресенье,12,17,4,32380,0.05223,0.036726,0.050978,0.049751,0.134065
vosstaniya_2,воскресенье,13,17,4,35602,0.033673,0.031552,0.042797,0.368159,0.5457
vosstaniya_2,воскресенье,14,17,4,32382,0.075786,0.036705,0.049211,0.004975,0.022461
vosstaniya_2,воскресенье,15,17,4,38025,0.051967,0.029926,0.039847,0.00995,0.039147
vosstaniya_2,воскресенье,16,17,4,41394,0.034644,0.025728,0.036118,0.079602,0.185155
vosstaniya_2,воскресенье,17,17,4,54177,0.038745,0.021831,0.030016,0.004975,0.022461
vosstaniya_2,воскресенье,18,17,4,58849,0.0558,0.033965,0.046027,0.004975,0.022461
vosstaniya_2,воскресенье,19,17,4,64446,0.040536,0.027541,0.036942,0.0199,0.06509
vosstaniya_2,воскресенье,20,17,4,54621,0.035376,0.021172,0.027964,0.004975,0.022461
vosstaniya_2,воскресенье,21,17,4,59955,0.061727,0.036802,0.051342,0.00995,0.039147
vosstaniya_2,воскресенье,22,17,4,41263,0.081979,0.040958,0.060796,0.004975,0.022461
vosstaniya_2,воскресенье,23,17,4,41687,0.103153,0.053059,0.0735,0.004975,0.022461
vosstaniya_2,воскресенье,0,17,4,3680,0.114981,0.06124,0.099782,0.00995,0.039147
vosstaniya_2,рабочий,5,80,4,33702,0.039021,0.016414,0.026298,0.004975,0.022461
vosstaniya_2,рабочий,6,80,4,61524,0.131931,0.040084,0.063536,0.004975,0.022461
vosstaniya_2,рабочий,7,80,4,109578,0.131983,0.029224,0.04279,0.004975,0.022461
vosstaniya_2,рабочий,8,80,4,140586,0.090331,0.021063,0.028545,0.004975,0.022461
vosstaniya_2,рабочий,9,80,4,129453,0.095347,0.024964,0.035532,0.004975,0.022461
vosstaniya_2,рабочий,10,80,4,131126,0.061023,0.021902,0.03136,0.004975,0.022461
vosstaniya_2,рабочий,11,80,4,123584,0.069506,0.018986,0.026976,0.004975,0.022461
vosstaniya_2,рабочий,12,80,4,148550,0.055533,0.016872,0.024951,0.004975,0.022461
vosstaniya_2,рабочий,13,80,4,162277,0.034027,0.01271,0.01857,0.004975,0.022461
vosstaniya_2,рабочий,14,80,4,140100,0.047999,0.013022,0.018666,0.004975,0.022461
vosstaniya_2,рабочий,15,80,4,158340,0.020221,0.009709,0.013291,0.004975,0.022461
vosstaniya_2,рабочий,16,80,4,206819,0.039901,0.012294,0.017118,0.004975,0.022461
vosstaniya_2,рабочий,17,80,4,306389,0.024378,0.011328,0.016816,0.004975,0.022461
vosstaniya_2,рабочий,18,80,4,314056,0.031104,0.009226,0.012817,0.004975,0.022461
vosstaniya_2,рабочий,19,80,4,290956,0.039773,0.011182,0.015961,0.004975,0.022461
vosstaniya_2,рабочий,20,80,4,227273,0.031243,0.009357,0.01297,0.004975,0.022461
vosstaniya_2,рабочий,21,80,4,252769,0.044834,0.012384,0.017446,0.004975,0.022461
vosstaniya_2,рабочий,22,80,4,171857,0.063419,0.015881,0.024132,0.004975,0.022461
vosstaniya_2,рабочий,23,80,4,177037,0.097528,0.023575,0.034536,0.004975,0.022461
vosstaniya_2,рабочий,0,74,4,15969,0.068099,0.021267,0.034787,0.004975,0.022461
vosstaniya_2,суббота,5,16,4,9449,0.085935,0.065652,0.083794,0.039801,0.112538
vosstaniya_2,суббота,6,16,4,12162,0.110775,0.082159,0.122038,0.119403,0.245767
vosstaniya_2,суббота,7,16,4,13080,0.104258,0.060381,0.082183,0.004975,0.022461
vosstaniya_2,суббота,8,16,4,18069,0.098935,0.051481,0.071932,0.004975,0.022461
vosstaniya_2,суббота,9,16,4,22301,0.122342,0.062918,0.092479,0.004975,0.022461
vosstaniya_2,суббота,10,16,4,23531,0.062386,0.058578,0.079677,0.38806,0.565458
vosstaniya_2,суббота,11,16,4,24653,0.059799,0.044935,0.060609,0.059701,0.151677
vosstaniya_2,суббота,12,16,4,30831,0.051561,0.039251,0.052022,0.064677,0.160179
vosstaniya_2,суббота,13,16,4,35811,0.057343,0.040703,0.054249,0.00995,0.039147
vosstaniya_2,суббота,14,16,4,31754,0.067704,0.036149,0.049182,0.004975,0.022461
vosstaniya_2,суббота,15,16,4,36581,0.062584,0.032022,0.043129,0.004975,0.022461
vosstaniya_2,суббота,16,16,4,39371,0.036797,0.026558,0.036597,0.054726,0.142995
vosstaniya_2,суббота,17,16,4,51869,0.029184,0.018575,0.024105,0.004975,0.022461
vosstaniya_2,суббота,18,16,4,54410,0.034904,0.021143,0.029089,0.014925,0.05297
vosstaniya_2,суббота,19,16,4,59476,0.033927,0.023844,0.031595,0.029851,0.090939
vosstaniya_2,суббота,20,16,4,52607,0.028826,0.019658,0.026709,0.029851,0.090939
vosstaniya_2,суббота,21,16,4,56702,0.052354,0.033772,0.045184,0.00995,0.039147
vosstaniya_2,суббота,22,16,4,42538,0.064991,0.035514,0.049022,0.004975,0.022461
vosstaniya_2,суббота,23,16,4,41822,0.092277,0.05375,0.075656,0.00995,0.039147
vosstaniya_2,суббота,0,15,4,4361,0.068381,0.061927,0.088578,0.422886,0.596633
vladimirskaya_1,воскресенье,5,17,4,2611,0.055282,0.034575,0.054706,0.044776,0.124308
vladimirskaya_1,воскресенье,6,17,4,4798,0.037322,0.037239,0.050952,0.497512,0.658726
vladimirskaya_1,воскресенье,7,17,4,4888,0.04115,0.028055,0.038228,0.014925,0.05297
vladimirskaya_1,воскресенье,8,17,4,7055,0.029473,0.029166,0.040267,0.437811,0.606505
vladimirskaya_1,воскресенье,9,17,4,8600,0.041319,0.033249,0.044044,0.124378,0.252982
vladimirskaya_1,воскресенье,10,17,4,9188,0.027363,0.026741,0.036554,0.422886,0.596633
vladimirskaya_1,воскресенье,11,17,4,11970,0.019915,0.020241,0.027185,0.537313,0.693421
vladimirskaya_1,воскресенье,12,17,4,14545,0.026417,0.026342,0.034809,0.522388,0.682475
vladimirskaya_1,воскресенье,13,17,4,16089,0.012094,0.020896,0.028532,0.975124,0.985864
vladimirskaya_1,воскресенье,14,17,4,18069,0.033409,0.027767,0.037919,0.199005,0.350422
vladimirskaya_1,воскресенье,15,17,4,20048,0.016978,0.021457,0.028264,0.825871,0.898991
vladimirskaya_1,воскресенье,16,17,4,21954,0.035366,0.026499,0.037481,0.094527,0.20793
vladimirskaya_1,воскресенье,17,17,4,23370,0.015035,0.018961,0.02542,0.845771,0.909154
vladimirskaya_1,воскресенье,18,17,4,25620,0.023175,0.021254,0.028299,0.328358,0.502947
vladimirskaya_1,воскресенье,19,17,4,23400,0.021693,0.026161,0.034593,0.78607,0.875035
vladimirskaya_1,воскресенье,20,17,4,23362,0.026235,0.021848,0.029044,0.159204,0.297051
vladimirskaya_1,воскресенье,21,17,4,24847,0.049839,0.036883,0.050458,0.069652,0.166801
vladimirskaya_1,воскресенье,22,17,4,18526,0.032448,0.049981,0.071201,0.925373,0.955918
vladimirskaya_1,воскресенье,23,17,4,13700,0.048394,0.034787,0.047159,0.029851,0.090939
vladimirskaya_1,воскресенье,0,17,4,2090,0.038581,0.04702,0.074477,0.666667,0.789338
vladimirskaya_1,рабочий,5,80,4,8012,0.015193,0.016128,0.025396,0.597015,0.745321
vladimirskaya_1,рабочий,6,80,4,24661,0.027779,0.015415,0.021206,0.014925,0.05297
vladimirskaya_1,рабочий,7,80,4,36960,0.027397,0.012221,0.016867,0.004975,0.022461
vladimirskaya_1,рабочий,8,80,4,57226,0.025177,0.010708,0.014953,0.004975,0.022461
vladimirskaya_1,рабочий,9,80,4,52904,0.017367,0.010977,0.015564,0.034826,0.102468
vladimirskaya_1,рабочий,10,80,4,51705,0.011564,0.010814,0.015186,0.40796,0.583951
vladimirskaya_1,рабочий,11,80,4,56549,0.019294,0.011331,0.01617,0.004975,0.022461
vladimirskaya_1,рабочий,12,80,4,67833,0.017968,0.011273,0.015397,0.029851,0.090939
vladimirskaya_1,рабочий,13,80,4,77802,0.009546,0.009904,0.014466,0.527363,0.685722
vladimirskaya_1,рабочий,14,80,4,91221,0.036344,0.012356,0.01836,0.004975,0.022461
vladimirskaya_1,рабочий,15,80,4,103749,0.02463,0.010511,0.014167,0.004975,0.022461
vladimirskaya_1,рабочий,16,80,4,124584,0.013026,0.008667,0.012613,0.039801,0.112538
vladimirskaya_1,рабочий,17,80,4,162872,0.012165,0.009386,0.014051,0.119403,0.245767
vladimirskaya_1,рабочий,18,80,4,200233,0.017964,0.008697,0.012064,0.004975,0.022461
vladimirskaya_1,рабочий,19,80,4,147400,0.012944,0.008518,0.011829,0.0199,0.06509
vladimirskaya_1,рабочий,20,80,4,161602,0.018558,0.009826,0.013725,0.00995,0.039147
vladimirskaya_1,рабочий,21,80,4,150885,0.021897,0.011348,0.015993,0.004975,0.022461
vladimirskaya_1,рабочий,22,80,4,114569,0.018401,0.019523,0.029041,0.542289,0.69788
vladimirskaya_1,рабочий,23,80,4,73739,0.027819,0.013995,0.020848,0.004975,0.022461
vladimirskaya_1,рабочий,0,80,4,11774,0.038449,0.020224,0.034556,0.029851,0.090939
vladimirskaya_1,суббота,5,16,4,2038,0.12237,0.098001,0.124883,0.084577,0.193139
vladimirskaya_1,суббота,6,16,4,4487,0.023404,0.036282,0.046162,0.950249,0.972857
vladimirskaya_1,суббота,7,16,4,5811,0.031796,0.029949,0.040056,0.393035,0.568497
vladimirskaya_1,суббота,8,16,4,8080,0.026524,0.026098,0.035916,0.457711,0.620954
vladimirskaya_1,суббота,9,16,4,9568,0.027891,0.026572,0.034501,0.393035,0.568497
vladimirskaya_1,суббота,10,16,4,11314,0.023688,0.03326,0.043352,0.905473,0.944573
vladimirskaya_1,суббота,11,16,4,14610,0.031219,0.024483,0.032692,0.099502,0.215094
vladimirskaya_1,суббота,12,16,4,17390,0.039458,0.024284,0.03323,0.004975,0.022461
vladimirskaya_1,суббота,13,16,4,19453,0.022817,0.021855,0.030017,0.437811,0.606505
vladimirskaya_1,суббота,14,16,4,22204,0.034205,0.030254,0.040587,0.298507,0.471923
vladimirskaya_1,суббота,15,16,4,26023,0.022738,0.021923,0.029781,0.482587,0.645167
vladimirskaya_1,суббота,16,16,4,25032,0.010977,0.022161,0.030313,1.0,1.0
vladimirskaya_1,суббота,17,16,4,26466,0.033589,0.029356,0.037753,0.243781,0.40493
vladimirskaya_1,суббота,18,16,4,29258,0.021275,0.02107,0.030063,0.437811,0.606505
vladimirskaya_1,суббота,19,16,4,26142,0.025895,0.02426,0.032491,0.383085,0.559987
vladimirskaya_1,суббота,20,16,4,25780,0.023506,0.026867,0.037427,0.716418,0.827607
vladimirskaya_1,суббота,21,16,4,26958,0.030503,0.036059,0.049825,0.756219,0.854236
vladimirskaya_1,суббота,22,16,4,22424,0.029444,0.032129,0.043305,0.666667,0.789338
vladimirskaya_1,суббота,23,16,4,19195,0.028947,0.028792,0.040027,0.477612,0.642257
vladimirskaya_1,суббота,0,16,4,3507,0.03293,0.035049,0.053074,0.597015,0.745321
pushkinskaya_1,воскресенье,6,17,4,4419,0.211881,0.100727,0.149291,0.004975,0.022461
pushkinskaya_1,воскресенье,7,17,4,4959,0.094941,0.049992,0.069448,0.004975,0.022461
pushkinskaya_1,воскресенье,8,17,4,8806,0.068767,0.048751,0.066317,0.024876,0.078027
pushkinskaya_1,воскресенье,9,17,4,10331,0.076626,0.048373,0.068203,0.004975,0.022461
pushkinskaya_1,воскресенье,10,17,4,10062,0.072632,0.049419,0.068777,0.034826,0.102468
pushkinskaya_1,воскресенье,11,17,4,8115,0.148105,0.073042,0.09706,0.004975,0.022461
pushkinskaya_1,воскресенье,12,17,4,11400,0.107003,0.053695,0.072937,0.004975,0.022461
pushkinskaya_1,воскресенье,13,17,4,10474,0.08448,0.042905,0.062796,0.004975,0.022461
pushkinskaya_1,воскресенье,14,17,4,12003,0.075025,0.041866,0.061725,0.004975,0.022461
pushkinskaya_1,воскресенье,15,17,4,15728,0.08566,0.044971,0.06479,0.004975,0.022461
pushkinskaya_1,воскресенье,16,17,4,17989,0.053881,0.038414,0.052652,0.034826,0.102468
pushkinskaya_1,воскресенье,17,17,4,17243,0.048319,0.0295,0.039568,0.004975,0.022461
pushkinskaya_1,воскресенье,18,17,4,20577,0.052379,0.02792,0.043045,0.004975,0.022461
pushkinskaya_1,воскресенье,19,17,4,16370,0.044228,0.030795,0.044572,0.059701,0.151677
pushkinskaya_1,воскресенье,20,17,4,15807,0.094195,0.04391,0.062583,0.004975,0.022461
pushkinskaya_1,воскресенье,21,17,4,13393,0.054501,0.038166,0.051875,0.024876,0.078027
pushkinskaya_1,воскресенье,22,17,4,7995,0.053072,0.043348,0.056861,0.159204,0.297051
pushkinskaya_1,воскресенье,23,17,4,5162,0.086065,0.062834,0.086287,0.059701,0.151677
pushkinskaya_1,рабочий,5,80,4,3481,0.08236,0.047807,0.081585,0.054726,0.142995
pushkinskaya_1,рабочий,6,80,4,42602,0.100798,0.032319,0.057322,0.004975,0.022461
pushkinskaya_1,рабочий,7,80,4,103653,0.041926,0.020328,0.028493,0.004975,0.022461
pushkinskaya_1,рабочий,8,80,4,154149,0.019025,0.015088,0.021536,0.169154,0.309741
pushkinskaya_1,рабочий,9,80,4,108698,0.031928,0.01491,0.021565,0.004975,0.022461
pushkinskaya_1,рабочий,10,80,4,79390,0.047072,0.019307,0.027179,0.004975,0.022461
pushkinskaya_1,рабочий,11,80,4,59924,0.034846,0.016785,0.023686,0.004975,0.022461
pushkinskaya_1,рабочий,12,80,4,72854,0.059053,0.022932,0.032492,0.004975,0.022461
pushkinskaya_1,рабочий,13,80,4,49625,0.042348,0.017736,0.025553,0.004975,0.022461
pushkinskaya_1,рабочий,14,80,4,52538,0.024188,0.016654,0.023052,0.034826,0.102468
pushkinskaya_1,рабочий,15,80,4,86404,0.038041,0.019131,0.028592,0.004975,0.022461
pushkinskaya_1,рабочий,16,80,4,112718,0.030228,0.014952,0.020055,0.004975,0.022461
pushkinskaya_1,рабочий,17,80,4,162475,0.013105,0.013698,0.02066,0.532338,0.689586
pushkinskaya_1,рабочий,18,80,4,170364,0.03519,0.014049,0.022255,0.004975,0.022461
pushkinskaya_1,рабочий,19,80,4,90558,0.010696,0.008635,0.012875,0.169154,0.309741
pushkinskaya_1,рабочий,20,80,4,70391,0.021564,0.014121,0.019289,0.0199,0.06509
pushkinskaya_1,рабочий,21,80,4,59158,0.046719,0.024347,0.033496,0.004975,0.022461
pushkinskaya_1,рабочий,22,80,4,37664,0.064565,0.025996,0.038078,0.004975,0.022461
pushkinskaya_1,рабочий,23,80,4,22385,0.042389,0.022455,0.032711,0.004975,0.022461
pushkinskaya_1,рабочий,0,80,4,3009,0.02861,0.031211,0.051919,0.567164,0.720466
pushkinskaya_1,суббота,6,16,4,5700,0.185875,0.102763,0.158429,0.00995,0.039147
pushkinskaya_1,суббота,7,16,4,7242,0.066741,0.041036,0.058389,0.024876,0.078027
pushkinskaya_1,суббота,8,16,4,11227,0.053147,0.035978,0.047619,0.014925,0.05297
pushkinskaya_1,суббота,9,16,4,9762,0.056466,0.043968,0.060391,0.139303,0.272086
pushkinskaya_1,суббота,10,16,4,10648,0.091112,0.048724,0.071015,0.004975,0.022461
pushkinskaya_1,суббота,11,16,4,8883,0.044839,0.047944,0.062491,0.651741,0.780389
pushkinskaya_1,суббота,12,16,4,11487,0.075159,0.043236,0.063226,0.00995,0.039147
pushkinskaya_1,суббота,13,16,4,11830,0.097629,0.050847,0.072382,0.004975,0.022461
pushkinskaya_1,суббота,14,16,4,13000,0.098166,0.052973,0.072718,0.004975,0.022461
pushkinskaya_1,суббота,15,16,4,14577,0.125122,0.060639,0.098193,0.004975,0.022461
pushkinskaya_1,суббота,16,16,4,16172,0.083837,0.046939,0.066178,0.004975,0.022461
pushkinskaya_1,суббота,17,16,4,16207,0.110062,0.063506,0.089735,0.004975,0.022461
pushkinskaya_1,суббота,18,16,4,18959,0.062965,0.049761,0.073019,0.144279,0.277474
pushkinskaya_1,суббота,19,16,4,15772,0.058532,0.046732,0.060195,0.089552,0.201164
pushkinskaya_1,суббота,20,16,4,14677,0.114112,0.066353,0.092719,0.004975,0.022461
pushkinskaya_1,суббота,21,16,4,12222,0.081217,0.043277,0.060992,0.004975,0.022461
pushkinskaya_1,суббота,22,16,4,8107,0.085101,0.047573,0.066594,0.004975,0.022461
pushkinskaya_1,суббота,23,16,4,6230,0.063008,0.061686,0.078848,0.442786,0.610938
pushkinskaya_1,суббота,0,16,4,928,0.117233,0.074138,0.123861,0.074627,0.17748
tekhnologichesky_institut_1,воскресенье,6,17,4,1143,0.090378,0.086627,0.111889,0.447761,0.614111
tekhnologichesky_institut_1,воскресенье,7,17,4,1867,0.060569,0.047684,0.063089,0.099502,0.215094
tekhnologichesky_institut_1,воскресенье,8,17,4,2305,0.066,0.051394,0.068193,0.079602,0.185155
tekhnologichesky_institut_1,воскресенье,9,17,4,2538,0.044358,0.048182,0.062523,0.626866,0.763213
tekhnologichesky_institut_1,воскресенье,10,17,4,2651,0.059889,0.043744,0.060111,0.069652,0.166801
tekhnologichesky_institut_1,воскресенье,11,17,4,3102,0.029048,0.040215,0.052376,0.890547,0.936094
tekhnologichesky_institut_1,воскресенье,12,17,4,3821,0.034845,0.037393,0.049453,0.651741,0.780389
tekhnologichesky_institut_1,воскресенье,13,17,4,4073,0.066774,0.040079,0.052223,0.004975,0.022461
tekhnologichesky_institut_1,воскресенье,14,17,4,4699,0.037392,0.039342,0.052498,0.597015,0.745321
tekhnologichesky_institut_1,воскресенье,15,17,4,4682,0.040112,0.036686,0.050743,0.378109,0.555071
tekhnologichesky_institut_1,воскресенье,16,17,4,5115,0.031472,0.033686,0.045365,0.626866,0.763213
tekhnologichesky_institut_1,воскресенье,17,17,4,5678,0.046378,0.0369,0.049928,0.119403,0.245767
tekhnologichesky_institut_1,воскресенье,18,17,4,6139,0.048048,0.031595,0.042992,0.004975,0.022461
tekhnologichesky_institut_1,воскресенье,19,17,4,5607,0.031423,0.038283,0.050237,0.810945,0.892623
tekhnologichesky_institut_1,воскресенье,20,17,4,5644,0.0332,0.031625,0.043321,0.412935,0.588625
tekhnologichesky_institut_1,воскресенье,21,17,4,5786,0.059884,0.048831,0.064666,0.144279,0.277474
tekhnologichesky_institut_1,воскресенье,22,17,4,3863,0.08552,0.058976,0.08052,0.034826,0.102468
tekhnologichesky_institut_1,воскресенье,23,17,4,2160,0.045867,0.052071,0.069077,0.746269,0.846468
tekhnologichesky_institut_1,рабочий,5,80,4,2178,0.049064,0.029307,0.042912,0.0199,0.06509
tekhnologichesky_institut_1,рабочий,6,80,4,10626,0.04415,0.017857,0.025714,0.004975,0.022461
tekhnologichesky_institut_1,рабочий,7,80,4,22020,0.020356,0.013132,0.018248,0.0199,0.06509
tekhnologichesky_institut_1,рабочий,8,80,4,31865,0.032266,0.013447,0.019209,0.004975,0.022461
tekhnologichesky_institut_1,рабочий,9,80,4,24334,0.024731,0.016063,0.021583,0.004975,0.022461
tekhnologichesky_institut_1,рабочий,10,80,4,24739,0.016716,0.015986,0.023894,0.402985,0.579238
tekhnologichesky_institut_1,рабочий,11,80,4,29564,0.022825,0.014835,0.021183,0.039801,0.112538
tekhnologichesky_institut_1,рабочий,12,80,4,46278,0.057145,0.016761,0.024426,0.004975,0.022461
tekhnologichesky_institut_1,рабочий,13,80,4,50247,0.023757,0.01447,0.02099,0.004975,0.022461
tekhnologichesky_institut_1,рабочий,14,80,4,67373,0.057816,0.014946,0.021363,0.004975,0.022461
tekhnologichesky_institut_1,рабочий,15,80,4,77946,0.026993,0.013278,0.019139,0.004975,0.022461
tekhnologichesky_institut_1,рабочий,16,80,4,108185,0.054454,0.01453,0.020459,0.004975,0.022461
tekhnologichesky_institut_1,рабочий,17,80,4,136882,0.043243,0.013983,0.021557,0.004975,0.022461
tekhnologichesky_institut_1,рабочий,18,80,4,132307,0.03992,0.011656,0.017296,0.004975,0.022461
tekhnologichesky_institut_1,рабочий,19,80,4,68232,0.021747,0.011739,0.01696,0.004975,0.022461
tekhnologichesky_institut_1,рабочий,20,80,4,55435,0.041419,0.01333,0.018792,0.004975,0.022461
tekhnologichesky_institut_1,рабочий,21,80,4,39214,0.016221,0.013648,0.019798,0.189055,0.336777
tekhnologichesky_institut_1,рабочий,22,80,4,25474,0.033125,0.022819,0.032828,0.049751,0.134065
tekhnologichesky_institut_1,рабочий,23,80,4,13661,0.051471,0.02493,0.034409,0.004975,0.022461
tekhnologichesky_institut_1,рабочий,0,80,4,2202,0.05159,0.04681,0.069036,0.363184,0.541825
tekhnologichesky_institut_1,суббота,6,16,4,1400,0.108793,0.062824,0.087089,0.004975,0.022461
tekhnologichesky_institut_1,суббота,7,16,4,2194,0.04133,0.037921,0.04978,0.318408,0.493747
tekhnologichesky_institut_1,суббота,8,16,4,2856,0.052077,0.044979,0.058702,0.208955,0.362382
tekhnologichesky_institut_1,суббота,9,16,4,2858,0.064065,0.048381,0.064982,0.069652,0.166801
tekhnologichesky_institut_1,суббота,10,16,4,3427,0.057963,0.043458,0.063111,0.099502,0.215094
tekhnologichesky_institut_1,суббота,11,16,4,4111,0.032474,0.042932,0.056476,0.880597,0.932755
tekhnologichesky_institut_1,суббота,12,16,4,6746,0.111178,0.053225,0.080936,0.004975,0.022461
tekhnologichesky_institut_1,суббота,13,16,4,6502,0.057281,0.044236,0.059515,0.079602,0.185155
tekhnologichesky_institut_1,суббота,14,16,4,8927,0.103705,0.050005,0.073527,0.004975,0.022461
tekhnologichesky_institut_1,суббота,15,16,4,6968,0.054244,0.037738,0.053257,0.039801,0.112538
tekhnologichesky_institut_1,суббота,16,16,4,8882,0.070165,0.040089,0.055475,0.004975,0.022461
tekhnologichesky_institut_1,суббота,17,16,4,7013,0.036829,0.030842,0.040772,0.179104,0.323657
tekhnologichesky_institut_1,суббота,18,16,4,6768,0.026197,0.037923,0.052471,0.900498,0.940808
tekhnologichesky_institut_1,суббота,19,16,4,6465,0.044621,0.035619,0.048322,0.144279,0.277474
tekhnologichesky_institut_1,суббота,20,16,4,6317,0.043876,0.031744,0.042388,0.024876,0.078027
tekhnologichesky_institut_1,суббота,21,16,4,5796,0.022533,0.039859,0.05718,0.970149,0.983723
tekhnologichesky_institut_1,суббота,22,16,4,4721,0.057331,0.055418,0.07235,0.41791,0.59204
tekhnologichesky_institut_1,суббота,23,16,4,2828,0.065948,0.052217,0.06842,0.094527,0.20793
baltiyskaya_1,воскресенье,5,17,4,1437,0.125089,0.075784,0.123093,0.049751,0.134065
baltiyskaya_1,воскресенье,6,17,4,6761,0.028053,0.038573,0.04998,0.930348,0.959618
baltiyskaya_1,воскресенье,7,17,4,11232,0.041818,0.04819,0.06286,0.766169,0.860534
baltiyskaya_1,воскресенье,8,17,4,15845,0.039832,0.034845,0.04668,0.233831,0.395074
baltiyskaya_1,воскресенье,9,17,4,22501,0.031748,0.029386,0.038689,0.353234,0.528699
baltiyskaya_1,воскресенье,10,17,4,23109,0.03961,0.029712,0.041942,0.094527,0.20793
baltiyskaya_1,воскресенье,11,17,4,29085,0.053012,0.045779,0.062736,0.233831,0.395074
baltiyskaya_1,воскресенье,12,17,4,26265,0.035843,0.025811,0.034246,0.029851,0.090939
baltiyskaya_1,воскресенье,13,17,4,25728,0.016464,0.022274,0.032822,0.835821,0.904105
baltiyskaya_1,воскресенье,14,17,4,39568,0.047828,0.02883,0.040304,0.004975,0.022461
baltiyskaya_1,воскресенье,15,17,4,37031,0.076732,0.033497,0.049723,0.004975,0.022461
baltiyskaya_1,воскресенье,16,17,4,38097,0.033215,0.024086,0.031299,0.039801,0.112538
baltiyskaya_1,воскресенье,17,17,4,38734,0.097558,0.056253,0.082906,0.00995,0.039147
baltiyskaya_1,воскресенье,18,17,4,49253,0.027625,0.024988,0.032935,0.308458,0.483766
baltiyskaya_1,воскресенье,19,17,4,43712,0.056977,0.034658,0.0471,0.004975,0.022461
baltiyskaya_1,воскресенье,20,17,4,35113,0.046652,0.040625,0.054629,0.283582,0.456716
baltiyskaya_1,воскресенье,21,17,4,33039,0.027561,0.026255,0.036038,0.442786,0.610938
baltiyskaya_1,воскресенье,22,17,4,15617,0.112031,0.064654,0.085866,0.004975,0.022461
baltiyskaya_1,воскресенье,23,17,4,17984,0.074761,0.050974,0.067813,0.014925,0.05297
baltiyskaya_1,воскресенье,0,17,4,1014,0.052199,0.0588,0.092251,0.631841,0.766559
baltiyskaya_1,рабочий,5,80,4,6526,0.04751,0.018671,0.030398,0.004975,0.022461
baltiyskaya_1,рабочий,6,80,4,80122,0.031799,0.014461,0.020247,0.004975,0.022461
baltiyskaya_1,рабочий,7,80,4,257532,0.033386,0.012385,0.018173,0.004975,0.022461
baltiyskaya_1,рабочий,9,74,4,249836,0.119362,0.025659,0.040255,0.004975,0.022461
baltiyskaya_1,рабочий,10,80,4,191260,0.044453,0.014766,0.020564,0.004975,0.022461
baltiyskaya_1,рабочий,11,80,4,178873,0.027924,0.013372,0.020349,0.00995,0.039147
baltiyskaya_1,рабочий,12,80,4,166889,0.040279,0.014374,0.021126,0.004975,0.022461
baltiyskaya_1,рабочий,13,80,4,114170,0.010834,0.009695,0.013606,0.293532,0.466737
baltiyskaya_1,рабочий,14,80,4,189561,0.050755,0.013587,0.020152,0.004975,0.022461
baltiyskaya_1,рабочий,15,80,4,244277,0.053697,0.014365,0.021749,0.004975,0.022461
baltiyskaya_1,рабочий,16,80,4,332417,0.023276,0.010903,0.014832,0.004975,0.022461
baltiyskaya_1,рабочий,17,80,4,428428,0.017489,0.010889,0.016687,0.039801,0.112538
baltiyskaya_1,рабочий,18,80,4,472054,0.020282,0.010236,0.014468,0.004975,0.022461
baltiyskaya_1,рабочий,19,80,4,270888,0.029782,0.012387,0.016785,0.004975,0.022461
baltiyskaya_1,рабочий,20,80,4,183020,0.014165,0.008423,0.011485,0.00995,0.039147
baltiyskaya_1,рабочий,21,80,4,138350,0.017853,0.010709,0.014662,0.00995,0.039147
baltiyskaya_1,рабочий,22,80,4,84487,0.01489,0.012397,0.017425,0.20398,0.3569
baltiyskaya_1,рабочий,23,80,4,71311,0.030506,0.017884,0.026045,0.00995,0.039147
baltiyskaya_1,рабочий,0,80,4,6100,0.08498,0.031757,0.053421,0.004975,0.022461
baltiyskaya_1,суббота,5,16,4,1188,0.087607,0.105619,0.13263,0.870647,0.925777
baltiyskaya_1,суббота,6,16,4,8198,0.046996,0.046095,0.062295,0.432836,0.604478
baltiyskaya_1,суббота,7,16,4,15282,0.053754,0.039705,0.054419,0.064677,0.160179
baltiyskaya_1,суббота,8,16,4,22484,0.060496,0.035474,0.048535,0.004975,0.022461
baltiyskaya_1,суббота,9,16,4,27718,0.039924,0.035632,0.05023,0.288557,0.462027
baltiyskaya_1,суббота,10,16,4,28364,0.037395,0.029139,0.039225,0.114428,0.238377
baltiyskaya_1,суббота,11,16,4,32548,0.047943,0.033492,0.046048,0.029851,0.090939
baltiyskaya_1,суббота,12,16,4,30865,0.031721,0.023837,0.031995,0.059701,0.151677
baltiyskaya_1,суббота,13,16,4,29792,0.032815,0.022596,0.030963,0.034826,0.102468
baltiyskaya_1,суббота,14,16,4,39098,0.041843,0.030482,0.044955,0.109453,0.230806
baltiyskaya_1,суббота,15,16,4,38731,0.034753,0.026908,0.036272,0.129353,0.259649
baltiyskaya_1,суббота,16,16,4,42082,0.026519,0.033239,0.043399,0.875622,0.9282
baltiyskaya_1,суббота,17,16,4,38696,0.037916,0.032083,0.045387,0.19403,0.342977
baltiyskaya_1,суббота,18,16,4,45565,0.040014,0.031554,0.041924,0.109453,0.230806
baltiyskaya_1,суббота,19,16,4,40592,0.069828,0.041937,0.059362,0.004975,0.022461
baltiyskaya_1,суббота,20,16,4,31799,0.053789,0.034239,0.045741,0.00995,0.039147
baltiyskaya_1,суббота,21,16,4,30739,0.022751,0.034672,0.048687,0.915423,0.951349
baltiyskaya_1,суббота,22,16,4,18154,0.097198,0.061767,0.086902,0.014925,0.05297
baltiyskaya_1,суббота,23,16,4,20979,0.04022,0.040193,0.055319,0.502488,0.66213
baltiyskaya_1,суббота,0,16,4,1738,0.046385,0.046235,0.071218,0.472637,0.636811
baltiyskaya_1,рабочий,8,61,3,281148,0.012977,0.00973,0.015853,0.144279,0.277474
narvskaya_1,воскресенье,5,17,4,1085,0.057793,0.052504,0.088779,0.393035,0.568497
narvskaya_1,воскресенье,6,17,4,4209,0.049332,0.039756,0.05532,0.154229,0.289731
narvskaya_1,воскресенье,7,17,4,7308,0.022577,0.023308,0.031404,0.572139,0.726116
narvskaya_1,воскресенье,8,17,4,9086,0.046121,0.026519,0.037144,0.004975,0.022461
narvskaya_1,воскресенье,9,17,4,9868,0.028592,0.030787,0.042083,0.631841,0.766559
narvskaya_1,воскресенье,10,17,4,10017,0.026426,0.026822,0.037918,0.517413,0.676617
narvskaya_1,воскресенье,11,17,4,11283,0.031754,0.024351,0.032687,0.074627,0.17748
narvskaya_1,воскресенье,12,17,4,13093,0.022635,0.025908,0.035327,0.731343,0.837124
narvskaya_1,воскресенье,13,17,4,14385,0.03326,0.02747,0.037688,0.19403,0.342977
narvskaya_1,воскресенье,14,17,4,16026,0.058079,0.051344,0.062964,0.164179,0.303049
narvskaya_1,воскресенье,15,17,4,16686,0.047974,0.053922,0.069378,0.741294,0.842908
narvskaya_1,воскресенье,16,17,4,15905,0.017955,0.030149,0.0396,0.99005,0.995108
narvskaya_1,воскресенье,17,17,4,16332,0.043265,0.032768,0.044054,0.069652,0.166801
narvskaya_1,воскресенье,18,17,4,16228,0.018936,0.021835,0.030064,0.756219,0.854236
narvskaya_1,воскресенье,19,17,4,15469,0.020981,0.023817,0.031985,0.716418,0.827607
narvskaya_1,воскресенье,20,17,4,15323,0.057437,0.057148,0.06965,0.502488,0.66213
narvskaya_1,воскресенье,21,17,4,11317,0.04379,0.041439,0.058183,0.378109,0.555071
narvskaya_1,воскресенье,22,17,4,8934,0.070685,0.060098,0.078172,0.164179,0.303049
narvskaya_1,воскресенье,23,17,4,4548,0.048666,0.0439,0.058136,0.308458,0.483766
narvskaya_1,рабочий,5,80,4,12257,0.015441,0.011771,0.019919,0.208955,0.362382
narvskaya_1,рабочий,6,80,4,47984,0.014608,0.009734,0.014063,0.034826,0.102468
narvskaya_1,рабочий,7,80,4,95675,0.02766,0.008596,0.012692,0.004975,0.022461
narvskaya_1,рабочий,8,57,3,92331,0.032168,0.010125,0.015531,0.004975,0.022461
narvskaya_1,рабочий,9,80,4,92241,0.041018,0.01242,0.017942,0.004975,0.022461
narvskaya_1,рабочий,10,80,4,81823,0.012255,0.009444,0.013094,0.129353,0.259649
narvskaya_1,рабочий,11,80,4,82746,0.00749,0.01007,0.014197,0.855721,0.914141
narvskaya_1,рабочий,12,80,4,102865,0.024403,0.011163,0.015627,0.004975,0.022461
narvskaya_1,рабочий,13,80,4,109709,0.013258,0.010842,0.015373,0.159204,0.297051
narvskaya_1,рабочий,14,80,4,133672,0.029449,0.01304,0.018664,0.004975,0.022461
narvskaya_1,рабочий,15,80,4,195035,0.02441,0.011533,0.017176,0.004975,0.022461
narvskaya_1,рабочий,16,80,4,320758,0.012296,0.012798,0.019172,0.507463,0.666771
narvskaya_1,рабочий,17,80,4,433077,0.008375,0.007518,0.011195,0.283582,0.456716
narvskaya_1,рабочий,18,80,4,380869,0.012304,0.007005,0.010317,0.00995,0.039147
narvskaya_1,рабочий,19,80,4,185731,0.010736,0.008043,0.011031,0.069652,0.166801
narvskaya_1,рабочий,20,80,4,126986,0.011817,0.010094,0.01361,0.243781,0.40493
narvskaya_1,рабочий,21,80,4,89755,0.048444,0.029187,0.04145,0.014925,0.05297
narvskaya_1,рабочий,22,80,4,55635,0.047791,0.031411,0.045451,0.024876,0.078027
narvskaya_1,рабочий,23,80,4,28114,0.030656,0.017021,0.02572,0.00995,0.039147
narvskaya_1,рабочий,0,80,4,3011,0.044066,0.030761,0.047496,0.084577,0.193139
narvskaya_1,суббота,5,16,4,1305,0.085988,0.054621,0.07758,0.0199,0.06509
narvskaya_1,суббота,6,16,4,5437,0.036935,0.031865,0.04728,0.233831,0.395074
narvskaya_1,суббота,7,16,4,9988,0.04115,0.025852,0.035573,0.00995,0.039147
narvskaya_1,суббота,8,16,4,11649,0.041121,0.030305,0.042199,0.069652,0.166801
narvskaya_1,суббота,9,16,4,11648,0.036296,0.025235,0.033417,0.0199,0.06509
narvskaya_1,суббота,10,16,4,11896,0.064063,0.056617,0.068814,0.174129,0.317164
narvskaya_1,суббота,11,16,4,13316,0.028178,0.028609,0.038695,0.512438,0.672026
narvskaya_1,суббота,12,16,4,15961,0.031024,0.025696,0.034974,0.114428,0.238377
narvskaya_1,суббота,13,16,4,18335,0.031115,0.022629,0.033947,0.114428,0.238377
narvskaya_1,суббота,14,16,4,19826,0.036253,0.029711,0.040729,0.134328,0.26538
narvskaya_1,суббота,15,16,4,20396,0.059207,0.049983,0.058947,0.054726,0.142995
narvskaya_1,суббота,16,16,4,20096,0.041212,0.032319,0.045798,0.174129,0.317164
narvskaya_1,суббота,17,16,4,18793,0.02879,0.024081,0.034565,0.208955,0.362382
narvskaya_1,суббота,18,16,4,18501,0.024277,0.023859,0.034258,0.457711,0.620954
narvskaya_1,суббота,19,16,4,16030,0.038549,0.038807,0.049595,0.502488,0.66213
narvskaya_1,суббота,20,16,4,17192,0.055799,0.054163,0.066559,0.427861,0.601802
narvskaya_1,суббота,21,16,4,15404,0.074055,0.091157,0.118675,0.79602,0.883255
narvskaya_1,суббота,22,16,4,10724,0.100882,0.089167,0.105855,0.144279,0.277474
narvskaya_1,суббота,23,16,4,5620,0.044435,0.036121,0.049408,0.174129,0.317164
kirovsky_zavod_1,воскресенье,6,17,4,3472,0.06091,0.036663,0.050272,0.0199,0.06509
kirovsky_zavod_1,воскресенье,7,17,4,5567,0.02841,0.030847,0.04469,0.587065,0.73758
kirovsky_zavod_1,воскресенье,8,17,4,7396,0.031715,0.026316,0.035127,0.134328,0.26538
kirovsky_zavod_1,воскресенье,9,17,4,7251,0.030083,0.02731,0.038002,0.328358,0.502947
kirovsky_zavod_1,воскресенье,10,17,4,7469,0.035567,0.038869,0.050065,0.646766,0.777814
kirovsky_zavod_1,воскресенье,11,17,4,8232,0.031825,0.031534,0.043243,0.462687,0.627086
kirovsky_zavod_1,воскресенье,12,17,4,8788,0.037694,0.033143,0.044568,0.268657,0.437282
kirovsky_zavod_1,воскресенье,13,17,4,9627,0.021368,0.029737,0.039991,0.920398,0.95364
kirovsky_zavod_1,воскресенье,14,17,4,10158,0.026235,0.02265,0.031923,0.238806,0.400531
kirovsky_zavod_1,воскресенье,15,17,4,10764,0.0323,0.029214,0.039839,0.288557,0.462027
kirovsky_zavod_1,воскресенье,16,17,4,10535,0.035327,0.04059,0.049838,0.771144,0.864008
kirovsky_zavod_1,воскресенье,17,17,4,9491,0.019244,0.024569,0.032441,0.855721,0.914141
kirovsky_zavod_1,воскресенье,18,17,4,9309,0.030964,0.028249,0.037153,0.38806,0.565458
kirovsky_zavod_1,воскресенье,19,17,4,9354,0.018141,0.026281,0.035471,0.900498,0.940808
kirovsky_zavod_1,воскресенье,20,17,4,10360,0.067901,0.06867,0.097408,0.502488,0.66213
kirovsky_zavod_1,воскресенье,21,17,4,6537,0.052889,0.066352,0.089941,0.825871,0.898991
kirovsky_zavod_1,воскресенье,22,17,4,4662,0.056741,0.042633,0.059452,0.099502,0.215094
kirovsky_zavod_1,воскресенье,23,17,4,2251,0.074345,0.060594,0.080039,0.154229,0.289731
kirovsky_zavod_1,рабочий,5,80,4,11532,0.025788,0.018905,0.027958,0.084577,0.193139
kirovsky_zavod_1,рабочий,6,80,4,45188,0.027111,0.011973,0.01718,0.004975,0.022461
kirovsky_zavod_1,рабочий,7,80,4,87271,0.018244,0.010065,0.014643,0.004975,0.022461
kirovsky_zavod_1,рабочий,8,80,4,113709,0.02471,0.010129,0.014773,0.004975,0.022461
kirovsky_zavod_1,рабочий,9,80,4,73029,0.019754,0.010775,0.015359,0.004975,0.022461
kirovsky_zavod_1,рабочий,10,80,4,56125,0.006537,0.011794,0.016605,0.965174,0.982295
kirovsky_zavod_1,рабочий,11,80,4,53791,0.01567,0.012706,0.018348,0.169154,0.309741
kirovsky_zavod_1,рабочий,12,80,4,62910,0.02609,0.012428,0.017789,0.004975,0.022461
kirovsky_zavod_1,рабочий,13,80,4,60439,0.008786,0.010349,0.014449,0.736318,0.840025
kirovsky_zavod_1,рабочий,14,80,4,74774,0.026791,0.013465,0.01902,0.004975,0.022461
kirovsky_zavod_1,рабочий,15,80,4,116642,0.010389,0.012227,0.01712,0.721393,0.831262
kirovsky_zavod_1,рабочий,16,80,4,201925,0.020534,0.015174,0.021656,0.089552,0.201164
kirovsky_zavod_1,рабочий,17,80,4,262292,0.013568,0.00906,0.013497,0.054726,0.142995
kirovsky_zavod_1,рабочий,18,80,4,164029,0.011194,0.008237,0.011608,0.069652,0.166801
kirovsky_zavod_1,рабочий,19,80,4,91856,0.007353,0.009035,0.013688,0.766169,0.860534
kirovsky_zavod_1,рабочий,20,80,4,68565,0.014527,0.009804,0.013558,0.024876,0.078027
kirovsky_zavod_1,рабочий,21,80,4,39979,0.019045,0.022975,0.031447,0.771144,0.864008
kirovsky_zavod_1,рабочий,22,80,4,32083,0.027927,0.030287,0.041484,0.641791,0.773858
kirovsky_zavod_1,рабочий,23,80,4,17490,0.025038,0.018972,0.02706,0.089552,0.201164
kirovsky_zavod_1,рабочий,0,80,4,2825,0.051837,0.045559,0.070059,0.298507,0.471923
kirovsky_zavod_1,суббота,5,16,4,1163,0.077606,0.064687,0.087264,0.21393,0.36915
kirovsky_zavod_1,суббота,6,16,4,4520,0.060392,0.03716,0.050062,0.004975,0.022461
kirovsky_zavod_1,суббота,7,16,4,7402,0.024763,0.026293,0.036403,0.587065,0.73758
kirovsky_zavod_1,суббота,8,16,4,9830,0.018975,0.024738,0.033061,0.845771,0.909154
kirovsky_zavod_1,суббота,9,16,4,8734,0.036879,0.032291,0.044283,0.273632,0.443806
kirovsky_zavod_1,суббота,10,16,4,8533,0.025504,0.031973,0.043861,0.840796,0.905928
kirovsky_zavod_1,суббота,11,16,4,9383,0.037807,0.027428,0.037075,0.044776,0.124308
kirovsky_zavod_1,суббота,12,16,4,10776,0.038675,0.028711,0.038164,0.044776,0.124308
kirovsky_zavod_1,суббота,13,16,4,10980,0.039619,0.0335,0.046123,0.253731,0.417928
kirovsky_zavod_1,суббота,14,16,4,11992,0.022021,0.026916,0.035551,0.840796,0.905928
kirovsky_zavod_1,суббота,15,16,4,13116,0.025341,0.028171,0.038839,0.636816,0.770558
kirovsky_zavod_1,суббота,16,16,4,12464,0.032889,0.03944,0.051056,0.835821,0.904105
kirovsky_zavod_1,суббота,17,16,4,11648,0.026595,0.029732,0.041786,0.701493,0.818606
kirovsky_zavod_1,суббота,18,16,4,10298,0.02164,0.027281,0.037486,0.820896,0.898548
kirovsky_zavod_1,суббота,19,16,4,10063,0.039173,0.026402,0.037179,0.024876,0.078027
kirovsky_zavod_1,суббота,20,16,4,9603,0.090473,0.074004,0.085252,0.014925,0.05297
kirovsky_zavod_1,суббота,21,16,4,8333,0.109089,0.11625,0.164654,0.58209,0.734009
kirovsky_zavod_1,суббота,22,16,4,5546,0.033088,0.034552,0.046128,0.597015,0.745321
kirovsky_zavod_1,суббота,23,16,4,2959,0.069659,0.063495,0.081909,0.283582,0.456716
avtovo_1,воскресенье,5,17,4,1707,0.03088,0.047159,0.070379,0.890547,0.936094
avtovo_1,воскресенье,6,17,4,6789,0.037366,0.031158,0.042403,0.164179,0.303049
avtovo_1,воскресенье,7,17,4,10790,0.035772,0.02757,0.036616,0.059701,0.151677
avtovo_1,воскресенье,8,17,4,13892,0.012936,0.022836,0.030804,0.960199,0.978678
avtovo_1,воскресенье,9,17,4,16188,0.016723,0.019248,0.028778,0.661692,0.78751
avtovo_1,воскресенье,10,17,4,17016,0.019936,0.023328,0.032606,0.721393,0.831262
avtovo_1,воскресенье,11,17,4,18821,0.020468,0.022308,0.030127,0.661692,0.78751
avtovo_1,воскресенье,12,17,4,20585,0.032927,0.026193,0.035566,0.129353,0.259649
avtovo_1,воскресенье,13,17,4,21556,0.018436,0.023443,0.031533,0.850746,0.911656
avtovo_1,воскресенье,14,17,4,21439,0.032002,0.025432,0.035419,0.144279,0.277474
avtovo_1,воскресенье,15,17,4,21148,0.017861,0.027605,0.037883,0.960199,0.978678
avtovo_1,воскресенье,16,17,4,20212,0.030845,0.026135,0.034595,0.19403,0.342977
avtovo_1,воскресенье,17,17,4,21068,0.01897,0.026697,0.037452,0.895522,0.939889
avtovo_1,воскресенье,18,17,4,19740,0.042049,0.032688,0.044137,0.109453,0.230806
avtovo_1,воскресенье,19,17,4,17043,0.043016,0.034599,0.045487,0.114428,0.238377
avtovo_1,воскресенье,20,17,4,14060,0.044194,0.030779,0.043255,0.049751,0.134065
avtovo_1,воскресенье,21,17,4,10654,0.032148,0.032644,0.043256,0.537313,0.693421
avtovo_1,воскресенье,22,17,4,6800,0.052113,0.058784,0.07103,0.78607,0.875035
avtovo_1,воскресенье,23,17,4,3622,0.111852,0.102442,0.125973,0.243781,0.40493
avtovo_1,рабочий,5,80,4,33811,0.029275,0.021542,0.033121,0.159204,0.297051
avtovo_1,рабочий,6,80,4,108406,0.01916,0.009536,0.013585,0.004975,0.022461
avtovo_1,рабочий,7,80,4,226175,0.016699,0.009595,0.01462,0.0199,0.06509
avtovo_1,рабочий,8,80,4,289097,0.006131,0.009429,0.014165,0.915423,0.951349
avtovo_1,рабочий,9,80,4,200030,0.016991,0.009749,0.013711,0.004975,0.022461
avtovo_1,рабочий,10,80,4,135901,0.019657,0.011057,0.01577,0.00995,0.039147
avtovo_1,рабочий,11,80,4,108258,0.028958,0.011781,0.01671,0.004975,0.022461
avtovo_1,рабочий,12,80,4,107219,0.015662,0.011187,0.01605,0.079602,0.185155
avtovo_1,рабочий,13,80,4,108695,0.024742,0.013032,0.019007,0.004975,0.022461
avtovo_1,рабочий,14,80,4,103422,0.009565,0.011854,0.016046,0.78607,0.875035
avtovo_1,рабочий,15,80,4,110554,0.026183,0.013888,0.019267,0.004975,0.022461
avtovo_1,рабочий,16,80,4,128867,0.022958,0.012716,0.018165,0.00995,0.039147
avtovo_1,рабочий,17,80,4,168297,0.019215,0.010422,0.014373,0.004975,0.022461
avtovo_1,рабочий,18,80,4,142854,0.01658,0.012095,0.017382,0.084577,0.193139
avtovo_1,рабочий,19,80,4,100937,0.022359,0.014966,0.020355,0.014925,0.05297
avtovo_1,рабочий,20,80,4,72571,0.019712,0.013906,0.019234,0.044776,0.124308
avtovo_1,рабочий,21,80,4,50016,0.016913,0.01511,0.020234,0.258706,0.424094
avtovo_1,рабочий,22,80,4,27908,0.023544,0.016667,0.024166,0.064677,0.160179
avtovo_1,рабочий,23,80,4,14133,0.02278,0.020275,0.028176,0.288557,0.462027
avtovo_1,рабочий,0,80,4,2610,0.088282,0.047047,0.070933,0.004975,0.022461
avtovo_1,суббота,5,16,4,2262,0.062496,0.058947,0.081746,0.412935,0.588625
avtovo_1,суббота,6,16,4,8898,0.047653,0.032224,0.045972,0.029851,0.090939
avtovo_1,суббота,7,16,4,15453,0.022126,0.028615,0.039367,0.840796,0.905928
avtovo_1,суббота,8,16,4,19779,0.031158,0.026039,0.035291,0.199005,0.350422
avtovo_1,суббота,9,16,4,20370,0.01492,0.022695,0.028827,0.955224,0.976498
avtovo_1,суббота,10,16,4,20202,0.026241,0.025705,0.035402,0.452736,0.616635
avtovo_1,суббота,11,16,4,20719,0.025385,0.025344,0.035196,0.482587,0.645167
avtovo_1,суббота,12,16,4,21727,0.026669,0.031347,0.042736,0.716418,0.827607
avtovo_1,суббота,13,16,4,23204,0.028302,0.022338,0.030775,0.124378,0.252982
avtovo_1,суббота,14,16,4,23353,0.013638,0.024514,0.034108,0.970149,0.983723
avtovo_1,суббота,15,16,4,25421,0.045537,0.031189,0.042686,0.00995,0.039147
avtovo_1,суббота,16,16,4,22000,0.030273,0.031016,0.042483,0.532338,0.689586
avtovo_1,суббота,17,16,4,23181,0.029399,0.027334,0.036491,0.323383,0.499214
avtovo_1,суббота,18,16,4,21177,0.048919,0.037995,0.0509,0.089552,0.201164
avtovo_1,суббота,19,16,4,17757,0.055839,0.041836,0.055739,0.054726,0.142995
avtovo_1,суббота,20,16,4,15009,0.029422,0.033423,0.043399,0.751244,0.85141
avtovo_1,суббота,21,16,4,10783,0.020225,0.030547,0.041156,0.950249,0.972857
avtovo_1,суббота,22,16,4,7980,0.052427,0.059873,0.074514,0.810945,0.892623
avtovo_1,суббота,23,16,4,4851,0.066943,0.073361,0.088084,0.746269,0.846468
leninsky_prospekt_1,воскресенье,5,17,4,2132,0.027542,0.035909,0.049202,0.80597,0.890707
leninsky_prospekt_1,воскресенье,6,17,4,7515,0.030115,0.034608,0.047721,0.716418,0.827607
leninsky_prospekt_1,воскресенье,7,17,4,10784,0.028585,0.026774,0.037164,0.368159,0.5457
leninsky_prospekt_1,воскресенье,8,17,4,13770,0.016069,0.02122,0.029214,0.885572,0.934431
leninsky_prospekt_1,воскресенье,9,17,4,15103,0.026753,0.026268,0.034137,0.467662,0.631343
leninsky_prospekt_1,воскресенье,10,17,4,16012,0.02614,0.024936,0.034512,0.412935,0.588625
leninsky_prospekt_1,воскресенье,11,17,4,16935,0.018649,0.020094,0.02656,0.61194,0.756411
leninsky_prospekt_1,воскресенье,12,17,4,17985,0.028786,0.022715,0.029931,0.109453,0.230806
leninsky_prospekt_1,воскресенье,13,17,4,18761,0.023424,0.024862,0.034479,0.58209,0.734009
leninsky_prospekt_1,воскресенье,14,17,4,18372,0.021389,0.022381,0.030967,0.552239,0.707379
leninsky_prospekt_1,воскресенье,15,17,4,17192,0.021702,0.021728,0.030884,0.497512,0.658726
leninsky_prospekt_1,воскресенье,16,17,4,16034,0.022654,0.02448,0.034961,0.61194,0.756411
leninsky_prospekt_1,воскресенье,17,17,4,16252,0.016544,0.02282,0.031141,0.885572,0.934431
leninsky_prospekt_1,воскресенье,18,17,4,14687,0.02588,0.02282,0.030721,0.263682,0.431223
leninsky_prospekt_1,воскресенье,19,17,4,11948,0.023296,0.026088,0.034679,0.701493,0.818606
leninsky_prospekt_1,воскресенье,20,17,4,10626,0.032546,0.026873,0.036754,0.199005,0.350422
leninsky_prospekt_1,воскресенье,21,17,4,7732,0.021488,0.026354,0.036654,0.791045,0.879151
leninsky_prospekt_1,воскресенье,22,17,4,5811,0.033503,0.040439,0.053612,0.820896,0.898548
leninsky_prospekt_1,воскресенье,23,17,4,3528,0.030829,0.045008,0.062205,0.905473,0.944573
leninsky_prospekt_1,рабочий,5,80,4,36021,0.012839,0.008001,0.013376,0.069652,0.166801
leninsky_prospekt_1,рабочий,6,80,4,118465,0.016,0.009179,0.013117,0.00995,0.039147
leninsky_prospekt_1,рабочий,7,80,4,251391,0.012102,0.008265,0.012155,0.064677,0.160179
leninsky_prospekt_1,рабочий,8,80,4,314667,0.009946,0.009146,0.012628,0.343284,0.519452
leninsky_prospekt_1,рабочий,9,80,4,199691,0.019043,0.008754,0.012074,0.004975,0.022461
leninsky_prospekt_1,рабочий,10,80,4,131556,0.018559,0.009873,0.01427,0.004975,0.022461
leninsky_prospekt_1,рабочий,11,80,4,104477,0.015602,0.010032,0.014591,0.024876,0.078027
leninsky_prospekt_1,рабочий,12,80,4,102265,0.017787,0.00977,0.013607,0.004975,0.022461
leninsky_prospekt_1,рабочий,13,80,4,94742,0.012092,0.00942,0.012777,0.124378,0.252982
leninsky_prospekt_1,рабочий,14,80,4,93334,0.012062,0.010067,0.014036,0.208955,0.362382
leninsky_prospekt_1,рабочий,15,80,4,97847,0.017628,0.010314,0.01455,0.00995,0.039147
leninsky_prospekt_1,рабочий,16,80,4,105964,0.011233,0.011443,0.016165,0.532338,0.689586
leninsky_prospekt_1,рабочий,17,80,4,135635,0.009744,0.008467,0.012206,0.283582,0.456716
leninsky_prospekt_1,рабочий,18,80,4,130721,0.009225,0.008252,0.011336,0.328358,0.502947
leninsky_prospekt_1,рабочий,19,80,4,78462,0.015565,0.009042,0.012422,0.004975,0.022461
leninsky_prospekt_1,рабочий,20,80,4,62322,0.014271,0.010578,0.015315,0.089552,0.201164
leninsky_prospekt_1,рабочий,21,80,4,41010,0.01195,0.012365,0.017359,0.562189,0.717455
leninsky_prospekt_1,рабочий,22,80,4,31603,0.032411,0.013431,0.020046,0.004975,0.022461
leninsky_prospekt_1,рабочий,23,80,4,17444,0.023799,0.016607,0.02281,0.039801,0.112538
leninsky_prospekt_1,рабочий,0,80,4,1924,0.084239,0.051742,0.07554,0.004975,0.022461
leninsky_prospekt_1,суббота,5,16,4,2914,0.056761,0.047508,0.069831,0.243781,0.40493
leninsky_prospekt_1,суббота,6,16,4,10321,0.044268,0.030934,0.041013,0.029851,0.090939
leninsky_prospekt_1,суббота,7,16,4,15765,0.042002,0.027106,0.037409,0.00995,0.039147
leninsky_prospekt_1,суббота,8,16,4,20166,0.027119,0.023559,0.031889,0.243781,0.40493
leninsky_prospekt_1,суббота,9,16,4,19072,0.025684,0.022347,0.029744,0.253731,0.417928
leninsky_prospekt_1,суббота,10,16,4,19638,0.033826,0.025222,0.03443,0.079602,0.185155
leninsky_prospekt_1,суббота,11,16,4,19185,0.026784,0.02372,0.031918,0.273632,0.443806
leninsky_prospekt_1,суббота,12,16,4,20451,0.022279,0.02149,0.02848,0.447761,0.614111
leninsky_prospekt_1,суббота,13,16,4,20635,0.019312,0.02298,0.030808,0.79602,0.883255
leninsky_prospekt_1,суббота,14,16,4,20872,0.020441,0.027655,0.038119,0.900498,0.940808
leninsky_prospekt_1,суббота,15,16,4,19957,0.024326,0.023009,0.031772,0.40796,0.583951
leninsky_prospekt_1,суббота,16,16,4,18827,0.021928,0.019835,0.02739,0.303483,0.478141
leninsky_prospekt_1,суббота,17,16,4,18437,0.029563,0.027154,0.036319,0.328358,0.502947
leninsky_prospekt_1,суббота,18,16,4,16202,0.017565,0.021211,0.028019,0.800995,0.886632
leninsky_prospekt_1,суббота,19,16,4,12727,0.030863,0.024673,0.032678,0.154229,0.289731
leninsky_prospekt_1,суббота,20,16,4,10783,0.012446,0.02322,0.031413,0.99005,0.995108
leninsky_prospekt_1,суббота,21,16,4,8085,0.018071,0.026288,0.036961,0.920398,0.95364
leninsky_prospekt_1,суббота,22,16,4,6691,0.048156,0.031747,0.0413,0.004975,0.022461
leninsky_prospekt_1,суббота,23,16,4,4160,0.056778,0.040327,0.055259,0.049751,0.134065
leninsky_prospekt_2,воскресенье,6,17,4,1348,0.048725,0.040723,0.059475,0.238806,0.400531
leninsky_prospekt_2,воскресенье,7,17,4,2792,0.033575,0.032547,0.043938,0.452736,0.616635
leninsky_prospekt_2,воскресенье,8,17,4,3808,0.043993,0.038067,0.050781,0.268657,0.437282
leninsky_prospekt_2,воскресенье,9,17,4,4202,0.031203,0.02983,0.040727,0.40796,0.583951
leninsky_prospekt_2,воскресенье,10,17,4,4479,0.039465,0.038634,0.053841,0.432836,0.604478
leninsky_prospekt_2,воскресенье,11,17,4,4472,0.036142,0.034895,0.047569,0.437811,0.606505
leninsky_prospekt_2,воскресенье,12,17,4,4749,0.030388,0.030097,0.040597,0.497512,0.658726
leninsky_prospekt_2,воскресенье,13,17,4,4661,0.0171,0.037405,0.05032,0.995025,0.997197
leninsky_prospekt_2,воскресенье,14,17,4,4493,0.024572,0.036593,0.052929,0.940299,0.966262
leninsky_prospekt_2,воскресенье,15,17,4,4191,0.052102,0.048316,0.066005,0.353234,0.528699
leninsky_prospekt_2,воскресенье,16,17,4,4127,0.043535,0.038868,0.049699,0.303483,0.478141
leninsky_prospekt_2,воскресенье,17,17,4,3890,0.039712,0.037008,0.051423,0.39801,0.574486
leninsky_prospekt_2,воскресенье,18,17,4,3528,0.037535,0.035723,0.05084,0.368159,0.5457
leninsky_prospekt_2,воскресенье,19,17,4,2825,0.028933,0.045165,0.059799,0.925373,0.955918
leninsky_prospekt_2,воскресенье,20,17,4,2307,0.025388,0.048505,0.067037,0.995025,0.997197
leninsky_prospekt_2,воскресенье,21,17,4,1696,0.052983,0.054171,0.071325,0.517413,0.676617
leninsky_prospekt_2,рабочий,6,80,4,23653,0.015648,0.013776,0.021617,0.333333,0.508306
leninsky_prospekt_2,рабочий,7,80,4,77571,0.016684,0.009093,0.013779,0.0199,0.06509
leninsky_prospekt_2,рабочий,8,80,4,97803,0.009008,0.008225,0.011771,0.338308,0.514184
leninsky_prospekt_2,рабочий,9,80,4,52094,0.019872,0.01005,0.014073,0.004975,0.022461
leninsky_prospekt_2,рабочий,10,80,4,31966,0.015098,0.013035,0.018428,0.253731,0.417928
leninsky_prospekt_2,рабочий,11,80,4,23863,0.018152,0.01609,0.021955,0.268657,0.437282
leninsky_prospekt_2,рабочий,12,80,4,22286,0.024296,0.016324,0.022753,0.039801,0.112538
leninsky_prospekt_2,рабочий,13,80,4,20838,0.022041,0.015842,0.022628,0.069652,0.166801
leninsky_prospekt_2,рабочий,14,80,4,20704,0.019912,0.017693,0.026147,0.308458,0.483766
leninsky_prospekt_2,рабочий,15,80,4,19983,0.020193,0.018267,0.025936,0.318408,0.493747
leninsky_prospekt_2,рабочий,16,80,4,20299,0.014502,0.015411,0.02158,0.616915,0.757799
leninsky_prospekt_2,рабочий,17,80,4,24407,0.029548,0.016794,0.022163,0.004975,0.022461
leninsky_prospekt_2,рабочий,18,80,4,25161,0.019396,0.014354,0.019581,0.069652,0.166801
leninsky_prospekt_2,рабочий,19,80,4,17693,0.015488,0.01784,0.026108,0.666667,0.789338
leninsky_prospekt_2,рабочий,20,80,4,12813,0.017684,0.019101,0.027399,0.621891,0.761871
leninsky_prospekt_2,рабочий,21,80,4,9468,0.041755,0.023427,0.033318,0.00995,0.039147
leninsky_prospekt_2,суббота,6,16,4,1871,0.051185,0.039831,0.053757,0.134328,0.26538
leninsky_prospekt_2,суббота,7,16,4,4131,0.049291,0.037822,0.049609,0.079602,0.185155
leninsky_prospekt_2,суббота,8,16,4,5108,0.043434,0.032377,0.043283,0.054726,0.142995
leninsky_prospekt_2,суббота,9,16,4,5078,0.031401,0.032714,0.044512,0.567164,0.720466
leninsky_prospekt_2,суббота,10,16,4,4849,0.028896,0.039587,0.051415,0.890547,0.936094
leninsky_prospekt_2,суббота,11,16,4,4783,0.022787,0.028786,0.03922,0.825871,0.898991
leninsky_prospekt_2,суббота,12,16,4,4880,0.02577,0.025351,0.034401,0.487562,0.64867
leninsky_prospekt_2,суббота,13,16,4,4705,0.029236,0.039712,0.053858,0.900498,0.940808
leninsky_prospekt_2,суббота,14,16,4,4962,0.036815,0.035876,0.046351,0.452736,0.616635
leninsky_prospekt_2,суббота,15,16,4,4676,0.03017,0.034723,0.046899,0.721393,0.831262
leninsky_prospekt_2,суббота,16,16,4,4349,0.054091,0.041334,0.05751,0.109453,0.230806
leninsky_prospekt_2,суббота,17,16,4,4139,0.037151,0.044344,0.058834,0.756219,0.854236
leninsky_prospekt_2,суббота,18,16,4,3738,0.04743,0.038593,0.056048,0.19403,0.342977
leninsky_prospekt_2,суббота,19,16,4,3570,0.052999,0.056289,0.076681,0.597015,0.745321
leninsky_prospekt_2,суббота,20,16,4,2259,0.032243,0.042678,0.057189,0.870647,0.925777
leninsky_prospekt_2,суббота,21,16,4,1848,0.048692,0.050004,0.067977,0.557214,0.711766
prospekt_veteranov_1,воскресенье,6,17,4,3367,0.059211,0.037718,0.05218,0.014925,0.05297
prospekt_veteranov_1,воскресенье,7,17,4,5687,0.029768,0.03044,0.041523,0.557214,0.711766
prospekt_veteranov_1,воскресенье,8,17,4,7877,0.036146,0.029175,0.041136,0.169154,0.309741
prospekt_veteranov_1,воскресенье,9,17,4,8210,0.024224,0.026182,0.036042,0.621891,0.761871
prospekt_veteranov_1,воскресенье,10,17,4,7909,0.037358,0.035512,0.050886,0.422886,0.596633
prospekt_veteranov_1,воскресенье,11,17,4,8979,0.036095,0.032527,0.044485,0.323383,0.499214
prospekt_veteranov_1,воскресенье,12,17,4,9092,0.022315,0.031853,0.045726,0.885572,0.934431
prospekt_veteranov_1,воскресенье,13,17,4,9424,0.032514,0.030374,0.04129,0.373134,0.550703
prospekt_veteranov_1,воскресенье,14,17,4,8861,0.031638,0.027702,0.036702,0.243781,0.40493
prospekt_veteranov_1,воскресенье,15,17,4,8348,0.035058,0.028599,0.038913,0.149254,0.284263
prospekt_veteranov_1,воскресенье,16,17,4,7542,0.02155,0.029285,0.04059,0.875622,0.9282
prospekt_veteranov_1,воскресенье,17,17,4,8208,0.028157,0.030149,0.039837,0.61194,0.756411
prospekt_veteranov_1,воскресенье,18,17,4,7563,0.039265,0.0362,0.047793,0.318408,0.493747
prospekt_veteranov_1,воскресенье,19,17,4,6409,0.027355,0.032671,0.044836,0.776119,0.868169
prospekt_veteranov_1,воскресенье,20,17,4,6632,0.042326,0.042327,0.054879,0.507463,0.666771
prospekt_veteranov_1,воскресенье,21,17,4,4634,0.049981,0.043415,0.057276,0.248756,0.411704
prospekt_veteranov_1,воскресенье,22,17,4,2537,0.069879,0.061252,0.083426,0.258706,0.424094
prospekt_veteranov_1,воскресенье,23,17,4,1512,0.08538,0.07152,0.095207,0.179104,0.323657
prospekt_veteranov_1,рабочий,5,80,4,12023,0.022652,0.010977,0.01687,0.004975,0.022461
prospekt_veteranov_1,рабочий,6,80,4,61775,0.058052,0.014113,0.023031,0.004975,0.022461
prospekt_veteranov_1,рабочий,7,80,4,147140,0.01127,0.006494,0.00967,0.0199,0.06509
prospekt_veteranov_1,рабочий,8,80,4,166235,0.010189,0.00751,0.010488,0.084577,0.193139
prospekt_veteranov_1,рабочий,9,80,4,91455,0.009168,0.009081,0.01275,0.457711,0.620954
prospekt_veteranov_1,рабочий,10,80,4,56800,0.020714,0.0117,0.01615,0.00995,0.039147
prospekt_veteranov_1,рабочий,11,80,4,42433,0.014674,0.013184,0.018036,0.288557,0.462027
prospekt_veteranov_1,рабочий,12,80,4,40528,0.020899,0.013629,0.019313,0.0199,0.06509
prospekt_veteranov_1,рабочий,13,80,4,38232,0.019991,0.013909,0.020404,0.069652,0.166801
prospekt_veteranov_1,рабочий,14,80,4,36446,0.018106,0.013576,0.019178,0.094527,0.20793
prospekt_veteranov_1,рабочий,15,80,4,35745,0.020928,0.013861,0.019384,0.039801,0.112538
prospekt_veteranov_1,рабочий,16,80,4,36131,0.016336,0.012976,0.017945,0.129353,0.259649
prospekt_veteranov_1,рабочий,17,80,4,45335,0.015042,0.012575,0.017451,0.164179,0.303049
prospekt_veteranov_1,рабочий,18,80,4,47361,0.017851,0.013437,0.019674,0.119403,0.245767
prospekt_veteranov_1,рабочий,19,80,4,34237,0.019581,0.014456,0.020641,0.099502,0.215094
prospekt_veteranov_1,рабочий,20,80,4,30231,0.038752,0.016668,0.02328,0.004975,0.022461
prospekt_veteranov_1,рабочий,21,80,4,20308,0.031223,0.017319,0.024138,0.00995,0.039147
prospekt_veteranov_1,рабочий,22,80,4,11139,0.029498,0.030646,0.043457,0.527363,0.685722
prospekt_veteranov_1,рабочий,23,80,4,6382,0.067428,0.045226,0.063938,0.024876,0.078027
prospekt_veteranov_1,суббота,5,16,4,862,0.041711,0.049337,0.068009,0.726368,0.834203
prospekt_veteranov_1,суббота,6,16,4,4618,0.074636,0.041665,0.057935,0.004975,0.022461
prospekt_veteranov_1,суббота,7,16,4,8132,0.032401,0.024627,0.033338,0.079602,0.185155
prospekt_veteranov_1,суббота,8,16,4,10767,0.034425,0.023421,0.032942,0.0199,0.06509
prospekt_veteranov_1,суббота,9,16,4,10028,0.036653,0.024706,0.034581,0.029851,0.090939
prospekt_veteranov_1,суббота,10,16,4,8983,0.017893,0.025394,0.034588,0.915423,0.951349
prospekt_veteranov_1,суббота,11,16,4,9153,0.02159,0.027076,0.037375,0.835821,0.904105
prospekt_veteranov_1,суббота,12,16,4,8962,0.026177,0.028797,0.038976,0.631841,0.766559
prospekt_veteranov_1,суббота,13,16,4,9164,0.025396,0.029772,0.039361,0.78607,0.875035
prospekt_veteranov_1,суббота,14,16,4,8858,0.026533,0.026845,0.034971,0.567164,0.720466
prospekt_veteranov_1,суббота,15,16,4,8491,0.033685,0.033676,0.045485,0.487562,0.64867
prospekt_veteranov_1,суббота,16,16,4,7930,0.036378,0.02649,0.036351,0.054726,0.142995
prospekt_veteranov_1,суббота,17,16,4,8049,0.039958,0.029825,0.042623,0.094527,0.20793
prospekt_veteranov_1,суббота,18,16,4,7256,0.032224,0.030233,0.040811,0.41791,0.59204
prospekt_veteranov_1,суббота,19,16,4,6133,0.048756,0.037335,0.051031,0.094527,0.20793
prospekt_veteranov_1,суббота,20,16,4,6338,0.034444,0.03783,0.053109,0.626866,0.763213
prospekt_veteranov_1,суббота,21,16,4,4395,0.03274,0.033817,0.04548,0.517413,0.676617
prospekt_veteranov_1,суббота,22,16,4,2450,0.052859,0.064345,0.087193,0.810945,0.892623
prospekt_veteranov_1,суббота,23,16,4,1710,0.098674,0.078446,0.109491,0.154229,0.289731
prospekt_veteranov_2,воскресенье,5,17,4,4109,0.062774,0.034374,0.053363,0.004975,0.022461
prospekt_veteranov_2,воскресенье,6,17,4,16077,0.014661,0.020818,0.028089,0.920398,0.95364
prospekt_veteranov_2,воскресенье,7,17,4,22130,0.021284,0.020148,0.02756,0.41791,0.59204
prospekt_veteranov_2,воскресенье,8,17,4,25749,0.027015,0.01918,0.025502,0.034826,0.102468
prospekt_veteranov_2,воскресенье,9,17,4,28967,0.021246,0.017967,0.024805,0.21393,0.36915
prospekt_veteranov_2,воскресенье,10,17,4,29849,0.021248,0.020369,0.027025,0.437811,0.606505
prospekt_veteranov_2,воскресенье,11,17,4,31195,0.009744,0.017645,0.024352,0.99005,0.995108
prospekt_veteranov_2,воскресенье,12,17,4,33106,0.026866,0.021658,0.029066,0.139303,0.272086
prospekt_veteranov_2,воскресенье,13,17,4,33804,0.022889,0.020398,0.026971,0.313433,0.490451
prospekt_veteranov_2,воскресенье,14,17,4,31485,0.014242,0.019413,0.026723,0.910448,0.948326
prospekt_veteranov_2,воскресенье,15,17,4,28548,0.026203,0.018922,0.026237,0.059701,0.151677
prospekt_veteranov_2,воскресенье,16,17,4,26824,0.025435,0.024997,0.034004,0.487562,0.64867
prospekt_veteranov_2,воскресенье,17,17,4,26905,0.023467,0.020372,0.027326,0.223881,0.383915
prospekt_veteranov_2,воскресенье,18,17,4,23055,0.015268,0.019688,0.026171,0.825871,0.898991
prospekt_veteranov_2,воскресенье,19,17,4,18370,0.025612,0.024403,0.03394,0.432836,0.604478
prospekt_veteranov_2,воскресенье,20,17,4,14736,0.016684,0.022499,0.029781,0.900498,0.940808
prospekt_veteranov_2,воскресенье,21,17,4,10712,0.035009,0.029034,0.04161,0.179104,0.323657
prospekt_veteranov_2,воскресенье,22,17,4,6921,0.039973,0.034916,0.048662,0.253731,0.417928
prospekt_veteranov_2,воскресенье,23,17,4,3823,0.04286,0.044709,0.06187,0.577114,0.73041
prospekt_veteranov_2,рабочий,5,79,4,71659,0.007463,0.008102,0.013676,0.552239,0.707379
prospekt_veteranov_2,рабочий,6,79,4,265512,0.017443,0.00834,0.012005,0.004975,0.022461
prospekt_veteranov_2,рабочий,7,80,4,500884,0.011242,0.008116,0.011524,0.064677,0.160179
prospekt_veteranov_2,рабочий,8,80,4,535678,0.01915,0.009277,0.013298,0.004975,0.022461
prospekt_veteranov_2,рабочий,9,80,4,354345,0.016573,0.01033,0.014728,0.00995,0.039147
prospekt_veteranov_2,рабочий,10,80,4,231834,0.015813,0.009784,0.013865,0.014925,0.05297
prospekt_veteranov_2,рабочий,11,79,4,172183,0.021286,0.009619,0.01439,0.004975,0.022461
prospekt_veteranov_2,рабочий,12,80,4,166346,0.018295,0.009689,0.013427,0.004975,0.022461
prospekt_veteranov_2,рабочий,13,80,4,158491,0.007738,0.009037,0.013066,0.701493,0.818606
prospekt_veteranov_2,рабочий,14,80,4,135545,0.009109,0.008684,0.012146,0.393035,0.568497
prospekt_veteranov_2,рабочий,15,80,4,129534,0.016155,0.009761,0.014196,0.004975,0.022461
prospekt_veteranov_2,рабочий,16,80,4,137019,0.020656,0.011122,0.016468,0.004975,0.022461
prospekt_veteranov_2,рабочий,17,80,4,156812,0.018561,0.009614,0.013214,0.004975,0.022461
prospekt_veteranov_2,рабочий,18,80,4,142727,0.014004,0.008919,0.012737,0.034826,0.102468
prospekt_veteranov_2,рабочий,19,80,4,100024,0.012894,0.010781,0.015394,0.208955,0.362382
prospekt_veteranov_2,рабочий,20,79,4,69603,0.014229,0.010405,0.014668,0.084577,0.193139
prospekt_veteranov_2,рабочий,21,79,4,47442,0.023476,0.012913,0.018597,0.004975,0.022461
prospekt_veteranov_2,рабочий,22,80,4,30378,0.012211,0.01537,0.021155,0.835821,0.904105
prospekt_veteranov_2,рабочий,23,80,4,15756,0.029104,0.019997,0.028614,0.049751,0.134065
prospekt_veteranov_2,суббота,5,16,4,5759,0.038711,0.037448,0.063242,0.452736,0.616635
prospekt_veteranov_2,суббота,6,16,4,21531,0.028216,0.022511,0.030542,0.109453,0.230806
prospekt_veteranov_2,суббота,7,16,4,32423,0.030853,0.01992,0.027588,0.0199,0.06509
prospekt_veteranov_2,суббота,8,16,4,36778,0.019627,0.018215,0.02533,0.338308,0.514184
prospekt_veteranov_2,суббота,9,16,4,36743,0.021658,0.01706,0.022495,0.094527,0.20793
prospekt_veteranov_2,суббота,10,16,4,34792,0.028004,0.020302,0.027018,0.024876,0.078027
prospekt_veteranov_2,суббота,11,16,4,33743,0.017264,0.018214,0.02397,0.616915,0.757799
prospekt_veteranov_2,суббота,12,16,4,34820,0.026193,0.021792,0.028959,0.144279,0.277474
prospekt_veteranov_2,суббота,13,16,4,35167,0.022171,0.022815,0.031531,0.542289,0.69788
prospekt_veteranov_2,суббота,14,16,4,33832,0.031958,0.02457,0.03339,0.079602,0.185155
prospekt_veteranov_2,суббота,15,16,4,32919,0.028206,0.019404,0.026322,0.024876,0.078027
prospekt_veteranov_2,суббота,16,16,4,29687,0.029213,0.024838,0.034595,0.218905,0.376791
prospekt_veteranov_2,суббота,17,16,4,29512,0.026622,0.022708,0.030379,0.189055,0.336777
prospekt_veteranov_2,суббота,18,16,4,25446,0.016941,0.020432,0.028912,0.756219,0.854236
prospekt_veteranov_2,суббота,19,16,4,19216,0.026379,0.025459,0.034704,0.427861,0.601802
prospekt_veteranov_2,суббота,20,16,4,15599,0.034554,0.029331,0.038889,0.243781,0.40493
prospekt_veteranov_2,суббота,21,16,4,11032,0.019224,0.023984,0.03217,0.835821,0.904105
prospekt_veteranov_2,суббота,22,16,4,7674,0.022798,0.025925,0.035563,0.711443,0.826017
prospekt_veteranov_2,суббота,23,16,4,5028,0.039628,0.048205,0.066822,0.761194,0.858447
