vestibule_id,station_id,group,hub,day3,hour,p0,p1,p2,p3,n_days,total,U,max_share,max_quarter,phi
akademicheskaya_1,akademicheskaya,Спальные конечные,False,воскресенье,0,0.534362,0.319776,0.13885,0.007013,17,713,0.354137,0.534362,0,2.07343
akademicheskaya_1,akademicheskaya,Спальные конечные,False,воскресенье,5,0.000317,0.001902,0.500634,0.497146,17,3154,0.497781,0.500634,2,0.975991
akademicheskaya_1,akademicheskaya,Спальные конечные,False,воскресенье,6,0.203261,0.255882,0.247486,0.293371,17,10243,0.049253,0.293371,3,1.070089
akademicheskaya_1,akademicheskaya,Спальные конечные,False,воскресенье,7,0.249833,0.247674,0.231004,0.271489,17,13437,0.021489,0.271489,3,2.067387
akademicheskaya_1,akademicheskaya,Спальные конечные,False,воскресенье,8,0.220823,0.25631,0.24899,0.273877,17,17077,0.030187,0.273877,3,2.463704
akademicheskaya_1,akademicheskaya,Спальные конечные,False,воскресенье,9,0.257081,0.271711,0.237082,0.234126,17,20301,0.028792,0.271711,1,1.419067
akademicheskaya_1,akademicheskaya,Спальные конечные,False,воскресенье,10,0.24795,0.259225,0.250178,0.242647,17,22440,0.009403,0.259225,1,1.579662
akademicheskaya_1,akademicheskaya,Спальные конечные,False,воскресенье,11,0.241963,0.262206,0.253548,0.242283,17,24946,0.015754,0.262206,1,1.764517
akademicheskaya_1,akademicheskaya,Спальные конечные,False,воскресенье,12,0.255859,0.250019,0.247229,0.246894,17,26882,0.005878,0.255859,0,2.510181
akademicheskaya_1,akademicheskaya,Спальные конечные,False,воскресенье,13,0.243802,0.254165,0.253811,0.248223,17,28273,0.007976,0.254165,1,2.242289
akademicheskaya_1,akademicheskaya,Спальные конечные,False,воскресенье,14,0.259125,0.267678,0.233325,0.239872,17,28411,0.026803,0.267678,1,2.29735
akademicheskaya_1,akademicheskaya,Спальные конечные,False,воскресенье,15,0.265336,0.250619,0.238491,0.245554,17,27045,0.015955,0.265336,0,1.786733
akademicheskaya_1,akademicheskaya,Спальные конечные,False,воскресенье,16,0.248495,0.263215,0.251369,0.236921,17,25747,0.014584,0.263215,1,2.469258
akademicheskaya_1,akademicheskaya,Спальные конечные,False,воскресенье,17,0.255593,0.258569,0.247006,0.238832,17,26550,0.014162,0.258569,1,1.968767
akademicheskaya_1,akademicheskaya,Спальные конечные,False,воскресенье,18,0.269683,0.263274,0.244302,0.222741,17,23561,0.032957,0.269683,0,2.055478
akademicheskaya_1,akademicheskaya,Спальные конечные,False,воскресенье,19,0.269309,0.263909,0.238893,0.227889,17,19628,0.033218,0.269309,0,1.674798
akademicheskaya_1,akademicheskaya,Спальные конечные,False,воскресенье,20,0.286986,0.254076,0.241832,0.217106,17,16743,0.041062,0.286986,0,1.327792
akademicheskaya_1,akademicheskaya,Спальные конечные,False,воскресенье,21,0.279552,0.27169,0.233215,0.215543,17,14373,0.051242,0.279552,0,2.087069
akademicheskaya_1,akademicheskaya,Спальные конечные,False,воскресенье,22,0.341074,0.276847,0.205197,0.176882,17,11584,0.117921,0.341074,0,1.648017
akademicheskaya_1,akademicheskaya,Спальные конечные,False,воскресенье,23,0.307498,0.283235,0.218197,0.19107,17,5935,0.090733,0.307498,0,1.569867
akademicheskaya_1,akademicheskaya,Спальные конечные,False,рабочий,0,0.554512,0.28795,0.143714,0.013824,80,3834,0.342462,0.554512,0,1.374444
akademicheskaya_1,akademicheskaya,Спальные конечные,False,рабочий,5,0.000426,0.000345,0.529006,0.470223,79,49317,0.499229,0.529006,2,1.093036
akademicheskaya_1,akademicheskaya,Спальные конечные,False,рабочий,6,0.187017,0.222523,0.264382,0.326077,80,157889,0.090459,0.326077,3,2.948119
akademicheskaya_1,akademicheskaya,Спальные конечные,False,рабочий,7,0.20539,0.228023,0.248343,0.318243,80,340158,0.068243,0.318243,3,4.159836
akademicheskaya_1,akademicheskaya,Спальные конечные,False,рабочий,8,0.286508,0.28261,0.236362,0.19452,80,405032,0.069118,0.286508,0,4.749901
akademicheskaya_1,akademicheskaya,Спальные конечные,False,рабочий,9,0.296809,0.276629,0.226964,0.199599,80,250798,0.073438,0.296809,0,3.466633
akademicheskaya_1,akademicheskaya,Спальные конечные,False,рабочий,10,0.287375,0.272595,0.231105,0.208925,80,162039,0.05997,0.287375,0,3.34986
akademicheskaya_1,akademicheskaya,Спальные конечные,False,рабочий,11,0.246879,0.257713,0.256962,0.238446,80,134584,0.014675,0.257713,1,2.246572
akademicheskaya_1,akademicheskaya,Спальные конечные,False,рабочий,12,0.250051,0.247462,0.244991,0.257496,79,127870,0.007547,0.257496,3,2.765814
akademicheskaya_1,akademicheskaya,Спальные конечные,False,рабочий,13,0.24338,0.255269,0.258726,0.242625,79,131046,0.013995,0.258726,2,2.422903
akademicheskaya_1,akademicheskaya,Спальные конечные,False,рабочий,14,0.257991,0.261887,0.236142,0.24398,80,129892,0.019878,0.261887,1,2.271441
akademicheskaya_1,akademicheskaya,Спальные конечные,False,рабочий,15,0.243308,0.243728,0.251752,0.261212,80,135721,0.012964,0.261212,3,2.988547
akademicheskaya_1,akademicheskaya,Спальные конечные,False,рабочий,16,0.235748,0.252712,0.2599,0.25164,80,146364,0.014252,0.2599,2,2.604278
akademicheskaya_1,akademicheskaya,Спальные конечные,False,рабочий,17,0.230556,0.263949,0.257428,0.248067,80,190461,0.021377,0.263949,1,3.012288
akademicheskaya_1,akademicheskaya,Спальные конечные,False,рабочий,18,0.278569,0.272763,0.242529,0.20614,80,183269,0.051332,0.278569,0,2.387408
akademicheskaya_1,akademicheskaya,Спальные конечные,False,рабочий,19,0.279665,0.26759,0.236045,0.216701,80,127120,0.047255,0.279665,0,1.843509
akademicheskaya_1,akademicheskaya,Спальные конечные,False,рабочий,20,0.296843,0.268399,0.22687,0.207888,80,101882,0.065242,0.296843,0,1.954574
akademicheskaya_1,akademicheskaya,Спальные конечные,False,рабочий,21,0.291659,0.271828,0.229241,0.207272,80,79977,0.063487,0.291659,0,1.752996
akademicheskaya_1,akademicheskaya,Спальные конечные,False,рабочий,22,0.336776,0.281107,0.214371,0.167746,80,56836,0.117883,0.336776,0,1.821329
akademicheskaya_1,akademicheskaya,Спальные конечные,False,рабочий,23,0.317096,0.279269,0.219807,0.183829,80,29212,0.096365,0.317096,0,1.85379
akademicheskaya_1,akademicheskaya,Спальные конечные,False,суббота,0,0.599,0.259,0.138,0.004,16,1000,0.358,0.599,0,1.489986
akademicheskaya_1,akademicheskaya,Спальные конечные,False,суббота,5,0.001651,0.007783,0.490566,0.5,16,4240,0.490566,0.5,3,8.879913
akademicheskaya_1,akademicheskaya,Спальные конечные,False,суббота,6,0.221526,0.252276,0.238916,0.287282,16,13398,0.039558,0.287282,3,1.837636
akademicheskaya_1,akademicheskaya,Спальные конечные,False,суббота,7,0.229542,0.232713,0.250446,0.287299,16,20188,0.037745,0.287299,3,2.721119
akademicheskaya_1,akademicheskaya,Спальные конечные,False,суббота,8,0.252788,0.26544,0.235684,0.246088,16,25373,0.018228,0.26544,1,2.985458
akademicheskaya_1,akademicheskaya,Спальные конечные,False,суббота,9,0.25574,0.268905,0.240601,0.234754,16,25827,0.024645,0.268905,1,1.467203
akademicheskaya_1,akademicheskaya,Спальные конечные,False,суббота,10,0.257787,0.267906,0.241198,0.23311,16,26584,0.025692,0.267906,1,2.346317
akademicheskaya_1,akademicheskaya,Спальные конечные,False,суббота,11,0.240624,0.260278,0.248542,0.250557,16,28289,0.010835,0.260278,1,2.357195
akademicheskaya_1,akademicheskaya,Спальные конечные,False,суббота,12,0.244984,0.252321,0.252184,0.250512,16,29304,0.005016,0.252321,1,2.177117
akademicheskaya_1,akademicheskaya,Спальные конечные,False,суббота,13,0.252193,0.249936,0.254545,0.243326,16,31464,0.006738,0.254545,2,2.961279
akademicheskaya_1,akademicheskaya,Спальные конечные,False,суббота,14,0.250997,0.270084,0.240975,0.237943,16,31331,0.021081,0.270084,1,2.749576
akademicheskaya_1,akademicheskaya,Спальные конечные,False,суббота,15,0.254213,0.251774,0.247498,0.246516,16,31572,0.005986,0.254213,0,2.519525
akademicheskaya_1,akademicheskaya,Спальные конечные,False,суббота,16,0.249092,0.262044,0.252792,0.236072,16,29724,0.014836,0.262044,1,2.418254
akademicheskaya_1,akademicheskaya,Спальные конечные,False,суббота,17,0.25249,0.255657,0.245045,0.246808,16,30627,0.008146,0.255657,1,1.931396
akademicheskaya_1,akademicheskaya,Спальные конечные,False,суббота,18,0.275888,0.261387,0.241383,0.221342,16,26895,0.037275,0.275888,0,2.572732
akademicheskaya_1,akademicheskaya,Спальные конечные,False,суббота,19,0.262686,0.260931,0.247937,0.228445,16,21086,0.023618,0.262686,0,1.811892
akademicheskaya_1,akademicheskaya,Спальные конечные,False,суббота,20,0.288021,0.264699,0.233111,0.214168,16,18266,0.052721,0.288021,0,1.589686
akademicheskaya_1,akademicheskaya,Спальные конечные,False,суббота,21,0.277615,0.273118,0.234278,0.214989,16,15345,0.050733,0.277615,0,2.002384
akademicheskaya_1,akademicheskaya,Спальные конечные,False,суббота,22,0.327186,0.275425,0.223031,0.174357,16,12635,0.102612,0.327186,0,2.260327
akademicheskaya_1,akademicheskaya,Спальные конечные,False,суббота,23,0.286254,0.271414,0.224811,0.217521,16,7682,0.057667,0.286254,0,2.448822
avtovo_1,avtovo,Спальные конечные,False,воскресенье,0,0.6759,0.119114,0.110803,0.094183,17,361,0.4259,0.6759,0,
avtovo_1,avtovo,Спальные конечные,False,воскресенье,5,0.010545,0.037493,0.503222,0.44874,17,1707,0.451963,0.503222,2,1.508084
avtovo_1,avtovo,Спальные конечные,False,воскресенье,6,0.15643,0.24525,0.278539,0.319782,17,6789,0.098321,0.319782,3,1.632784
avtovo_1,avtovo,Спальные конечные,False,воскресенье,7,0.248193,0.221965,0.250139,0.279703,17,10790,0.029842,0.279703,3,1.924173
avtovo_1,avtovo,Спальные конечные,False,воскресенье,8,0.242586,0.242514,0.265045,0.249856,17,13892,0.015045,0.265045,2,1.846048
avtovo_1,avtovo,Спальные конечные,False,воскресенье,9,0.252471,0.275142,0.240178,0.232209,17,16188,0.027613,0.275142,1,1.565736
avtovo_1,avtovo,Спальные конечные,False,воскресенье,10,0.246591,0.266455,0.22902,0.257934,17,17016,0.024389,0.266455,1,2.233273
avtovo_1,avtovo,Спальные конечные,False,воскресенье,11,0.231178,0.274109,0.256309,0.238404,17,18821,0.030418,0.274109,1,2.164837
avtovo_1,avtovo,Спальные конечные,False,воскресенье,12,0.248433,0.245859,0.241244,0.264464,17,20585,0.014464,0.264464,3,3.460624
avtovo_1,avtovo,Спальные конечные,False,воскресенье,13,0.238773,0.253387,0.2635,0.24434,17,21556,0.016886,0.2635,2,2.986523
avtovo_1,avtovo,Спальные конечные,False,воскресенье,14,0.262606,0.25267,0.247866,0.236858,17,21439,0.015276,0.262606,0,3.317238
avtovo_1,avtovo,Спальные конечные,False,воскресенье,15,0.272082,0.24442,0.243758,0.239739,17,21148,0.022082,0.272082,0,4.100699
avtovo_1,avtovo,Спальные конечные,False,воскресенье,16,0.237285,0.26702,0.250891,0.244805,17,20212,0.01791,0.26702,1,3.659189
avtovo_1,avtovo,Спальные конечные,False,воскресенье,17,0.257642,0.248671,0.251092,0.242595,17,21068,0.008734,0.257642,0,3.672364
avtovo_1,avtovo,Спальные конечные,False,воскресенье,18,0.25461,0.245086,0.257852,0.242452,17,19740,0.012462,0.257852,2,5.208783
avtovo_1,avtovo,Спальные конечные,False,воскресенье,19,0.270727,0.266913,0.240803,0.221557,17,17043,0.03764,0.270727,0,4.808652
avtovo_1,avtovo,Спальные конечные,False,воскресенье,20,0.265505,0.289687,0.234922,0.209886,17,14060,0.055192,0.289687,1,3.33947
avtovo_1,avtovo,Спальные конечные,False,воскресенье,21,0.298386,0.288155,0.227802,0.185658,17,10654,0.08654,0.298386,0,2.70973
avtovo_1,avtovo,Спальные конечные,False,воскресенье,22,0.276618,0.275441,0.227794,0.220147,17,6800,0.052059,0.276618,0,4.684982
avtovo_1,avtovo,Спальные конечные,False,воскресенье,23,0.35947,0.276367,0.186361,0.177802,17,3622,0.135837,0.35947,0,5.463944
avtovo_1,avtovo,Спальные конечные,False,рабочий,0,0.444828,0.321839,0.144061,0.089272,80,2610,0.266667,0.444828,0,0.056719
avtovo_1,avtovo,Спальные конечные,False,рабочий,5,0.002632,0.068853,0.604389,0.324125,80,33811,0.428514,0.604389,2,8.739045
avtovo_1,avtovo,Спальные конечные,False,рабочий,6,0.157584,0.216058,0.26838,0.357978,80,108406,0.126358,0.357978,3,2.547111
avtovo_1,avtovo,Спальные конечные,False,рабочий,7,0.206455,0.218583,0.253167,0.321795,80,226175,0.074962,0.321795,3,5.190131
avtovo_1,avtovo,Спальные конечные,False,рабочий,8,0.283735,0.282203,0.235547,0.198515,80,289097,0.065938,0.283735,0,6.63563
avtovo_1,avtovo,Спальные конечные,False,рабочий,9,0.297845,0.280903,0.230885,0.190366,80,200030,0.078748,0.297845,0,4.899257
avtovo_1,avtovo,Спальные конечные,False,рабочий,10,0.272949,0.267776,0.246393,0.212883,80,135901,0.040724,0.272949,0,3.856253
avtovo_1,avtovo,Спальные конечные,False,рабочий,11,0.26726,0.255685,0.247843,0.229212,80,108258,0.022945,0.26726,0,3.817769
avtovo_1,avtovo,Спальные конечные,False,рабочий,12,0.237327,0.237477,0.25655,0.268646,80,107219,0.025196,0.268646,3,3.477381
avtovo_1,avtovo,Спальные конечные,False,рабочий,13,0.255016,0.250039,0.255522,0.239422,80,108695,0.010578,0.255522,2,4.857724
avtovo_1,avtovo,Спальные конечные,False,рабочий,14,0.26621,0.254781,0.24195,0.237058,80,103422,0.020992,0.26621,0,3.646775
avtovo_1,avtovo,Спальные конечные,False,рабочий,15,0.262288,0.243582,0.230458,0.263672,80,110554,0.02596,0.263672,3,5.186362
avtovo_1,avtovo,Спальные конечные,False,рабочий,16,0.225535,0.24599,0.256101,0.272374,80,128867,0.028475,0.272374,3,4.851105
avtovo_1,avtovo,Спальные конечные,False,рабочий,17,0.234015,0.279583,0.246998,0.239404,80,168297,0.029583,0.279583,1,4.791421
avtovo_1,avtovo,Спальные конечные,False,рабочий,18,0.282169,0.28618,0.227358,0.204292,80,142854,0.06835,0.28618,1,5.243977
avtovo_1,avtovo,Спальные конечные,False,рабочий,19,0.279937,0.278986,0.234572,0.206505,80,100937,0.058923,0.279937,0,5.155097
avtovo_1,avtovo,Спальные конечные,False,рабочий,20,0.285128,0.284645,0.228921,0.201306,80,72571,0.069773,0.285128,0,3.399137
avtovo_1,avtovo,Спальные конечные,False,рабочий,21,0.31342,0.288568,0.21725,0.180762,80,50016,0.101987,0.31342,0,2.801636
avtovo_1,avtovo,Спальные конечные,False,рабочий,22,0.28189,0.280099,0.245628,0.192382,80,27908,0.061989,0.28189,0,2.067896
avtovo_1,avtovo,Спальные конечные,False,рабочий,23,0.324843,0.263072,0.213189,0.198896,80,14133,0.087915,0.324843,0,1.464492
avtovo_1,avtovo,Спальные конечные,False,суббота,0,0.647668,0.142487,0.101036,0.108808,16,386,0.397668,0.647668,0,
avtovo_1,avtovo,Спальные конечные,False,суббота,5,0.009284,0.060124,0.495579,0.435013,16,2262,0.430592,0.495579,2,3.394074
avtovo_1,avtovo,Спальные конечные,False,суббота,6,0.155428,0.228478,0.280962,0.335131,16,8898,0.116094,0.335131,3,2.266052
avtovo_1,avtovo,Спальные конечные,False,суббота,7,0.223258,0.213939,0.251213,0.31159,16,15453,0.062803,0.31159,3,2.981433
avtovo_1,avtovo,Спальные конечные,False,суббота,8,0.261439,0.252996,0.248445,0.23712,16,19779,0.014435,0.261439,0,3.161751
avtovo_1,avtovo,Спальные конечные,False,суббота,9,0.261414,0.27133,0.23677,0.230486,16,20370,0.032744,0.27133,1,2.571576
avtovo_1,avtovo,Спальные конечные,False,суббота,10,0.247748,0.277151,0.227898,0.247203,16,20202,0.027151,0.277151,1,3.373618
avtovo_1,avtovo,Спальные конечные,False,суббота,11,0.245089,0.267194,0.250205,0.237511,16,20719,0.017399,0.267194,1,3.072703
avtovo_1,avtovo,Спальные конечные,False,суббота,12,0.249919,0.250104,0.250518,0.249459,16,21727,0.000621,0.250518,2,5.226637
avtovo_1,avtovo,Спальные конечные,False,суббота,13,0.25431,0.244915,0.257843,0.242932,16,23204,0.012153,0.257843,2,2.873305
avtovo_1,avtovo,Спальные конечные,False,суббота,14,0.24438,0.262022,0.248662,0.244936,16,23353,0.012022,0.262022,1,3.514771
avtovo_1,avtovo,Спальные конечные,False,суббота,15,0.270878,0.251052,0.231659,0.24641,16,25421,0.021931,0.270878,0,5.783227
avtovo_1,avtovo,Спальные конечные,False,суббота,16,0.254182,0.258682,0.259955,0.227182,16,22000,0.022818,0.259955,2,4.823395
avtovo_1,avtovo,Спальные конечные,False,суббота,17,0.260084,0.252966,0.23942,0.24753,16,23181,0.013049,0.260084,0,4.14524
avtovo_1,avtovo,Спальные конечные,False,суббота,18,0.254474,0.265854,0.255183,0.224489,16,21177,0.025511,0.265854,1,7.334221
avtovo_1,avtovo,Спальные конечные,False,суббота,19,0.279495,0.247283,0.240637,0.232584,16,17757,0.029495,0.279495,0,7.242173
avtovo_1,avtovo,Спальные конечные,False,суббота,20,0.296755,0.271437,0.229063,0.202745,16,15009,0.068192,0.296755,0,3.711655
avtovo_1,avtovo,Спальные конечные,False,суббота,21,0.321061,0.285728,0.214412,0.1788,16,10783,0.106788,0.321061,0,2.619851
avtovo_1,avtovo,Спальные конечные,False,суббота,22,0.277945,0.264536,0.2401,0.217419,16,7980,0.042481,0.277945,0,6.269863
avtovo_1,avtovo,Спальные конечные,False,суббота,23,0.311276,0.271697,0.226964,0.190064,16,4851,0.082973,0.311276,0,4.939792
baltiyskaya_1,baltiyskaya,Центр и вокзалы,True,воскресенье,0,0.649901,0.304734,0.042406,0.002959,17,1014,0.454635,0.649901,0,1.306259
baltiyskaya_1,baltiyskaya,Центр и вокзалы,True,воскресенье,5,0.002784,0.003479,0.5762,0.417537,17,1437,0.493737,0.5762,2,2.575119
baltiyskaya_1,baltiyskaya,Центр и вокзалы,True,воскресенье,6,0.148647,0.30321,0.309717,0.238426,17,6761,0.112927,0.309717,2,2.532594
baltiyskaya_1,baltiyskaya,Центр и вокзалы,True,воскресенье,7,0.255787,0.243145,0.204505,0.296563,17,11232,0.05235,0.296563,3,6.675801
baltiyskaya_1,baltiyskaya,Центр и вокзалы,True,воскресенье,8,0.340423,0.164468,0.316188,0.178921,17,15845,0.156611,0.340423,0,5.085457
baltiyskaya_1,baltiyskaya,Центр и вокзалы,True,воскресенье,9,0.309586,0.255411,0.222257,0.212746,17,22501,0.064997,0.309586,0,4.765168
baltiyskaya_1,baltiyskaya,Центр и вокзалы,True,воскресенье,10,0.254663,0.256523,0.166169,0.322645,17,23109,0.083831,0.322645,3,4.971689
baltiyskaya_1,baltiyskaya,Центр и вокзалы,True,воскресенье,11,0.278322,0.224102,0.301771,0.195805,17,29085,0.080093,0.301771,2,15.187095
baltiyskaya_1,baltiyskaya,Центр и вокзалы,True,воскресенье,12,0.359261,0.192728,0.299524,0.148487,17,26265,0.158785,0.359261,0,4.268477
baltiyskaya_1,baltiyskaya,Центр и вокзалы,True,воскресенье,13,0.139459,0.382812,0.303055,0.174674,17,25728,0.185868,0.382812,1,3.21555
baltiyskaya_1,baltiyskaya,Центр и вокзалы,True,воскресенье,14,0.24262,0.130813,0.226319,0.400248,17,39568,0.150248,0.400248,3,8.743389
baltiyskaya_1,baltiyskaya,Центр и вокзалы,True,воскресенье,15,0.378575,0.27774,0.187546,0.156139,17,37031,0.156315,0.378575,0,10.405117
baltiyskaya_1,baltiyskaya,Центр и вокзалы,True,воскресенье,16,0.193244,0.34903,0.164869,0.292858,17,38097,0.141888,0.34903,1,6.079567
baltiyskaya_1,baltiyskaya,Центр и вокзалы,True,воскресенье,17,0.218929,0.394769,0.159188,0.227113,17,38734,0.144769,0.394769,1,33.091014
baltiyskaya_1,baltiyskaya,Центр и вокзалы,True,воскресенье,18,0.344121,0.177674,0.203703,0.274501,17,49253,0.118622,0.344121,0,8.396398
baltiyskaya_1,baltiyskaya,Центр и вокзалы,True,воскресенье,19,0.289028,0.202324,0.252082,0.256566,17,43712,0.047676,0.289028,0,13.418407
baltiyskaya_1,baltiyskaya,Центр и вокзалы,True,воскресенье,20,0.352348,0.213027,0.20528,0.229345,17,35113,0.102348,0.352348,0,14.950303
baltiyskaya_1,baltiyskaya,Центр и вокзалы,True,воскресенье,21,0.27065,0.232483,0.272375,0.224492,17,33039,0.043025,0.272375,2,5.864374
baltiyskaya_1,baltiyskaya,Центр и вокзалы,True,воскресенье,22,0.354742,0.248127,0.174233,0.222898,17,15617,0.104742,0.354742,0,16.878291
baltiyskaya_1,baltiyskaya,Центр и вокзалы,True,воскресенье,23,0.302602,0.393183,0.183107,0.121108,17,17984,0.195785,0.393183,1,11.623033
baltiyskaya_1,baltiyskaya,Центр и вокзалы,True,рабочий,0,0.667377,0.296066,0.034426,0.002131,80,6100,0.463443,0.667377,0,2.254173
baltiyskaya_1,baltiyskaya,Центр и вокзалы,True,рабочий,5,0.007815,0.006129,0.465369,0.520686,80,6526,0.486056,0.520686,3,1.456103
baltiyskaya_1,baltiyskaya,Центр и вокзалы,True,рабочий,6,0.091872,0.289084,0.257295,0.361748,80,80122,0.158128,0.361748,3,5.436455
baltiyskaya_1,baltiyskaya,Центр и вокзалы,True,рабочий,7,0.158753,0.18619,0.308222,0.346835,80,257532,0.155056,0.346835,3,10.515186
baltiyskaya_1,baltiyskaya,Центр и вокзалы,True,рабочий,8,0.293006,0.278071,0.233592,0.195331,61,281148,0.071076,0.293006,0,8.56333
baltiyskaya_1,baltiyskaya,Центр и вокзалы,True,рабочий,9,0.243023,0.303655,0.242795,0.210526,74,249836,0.053655,0.303655,1,53.128534
baltiyskaya_1,baltiyskaya,Центр и вокзалы,True,рабочий,10,0.309275,0.277931,0.183248,0.229546,80,191260,0.087206,0.309275,0,10.27376
baltiyskaya_1,baltiyskaya,Центр и вокзалы,True,рабочий,11,0.302181,0.257865,0.286594,0.15336,80,178873,0.09664,0.302181,0,8.978982
baltiyskaya_1,baltiyskaya,Центр и вокзалы,True,рабочий,12,0.359736,0.287083,0.179952,0.173229,80,166889,0.146819,0.359736,0,8.648652
baltiyskaya_1,baltiyskaya,Центр и вокзалы,True,рабочий,13,0.246115,0.257835,0.248165,0.247885,80,114170,0.007835,0.257835,1,2.624204
baltiyskaya_1,baltiyskaya,Центр и вокзалы,True,рабочий,14,0.166406,0.182374,0.251871,0.399349,80,189561,0.15122,0.399349,3,8.709725
baltiyskaya_1,baltiyskaya,Центр и вокзалы,True,рабочий,15,0.288869,0.241828,0.234386,0.234918,80,244277,0.038869,0.288869,0,13.099338
baltiyskaya_1,baltiyskaya,Центр и вокзалы,True,рабочий,16,0.198206,0.265173,0.239894,0.296727,80,332417,0.0619,0.296727,3,10.058432
baltiyskaya_1,baltiyskaya,Центр и вокзалы,True,рабочий,17,0.245899,0.285168,0.2322,0.236733,80,428428,0.035168,0.285168,1,12.711734
baltiyskaya_1,baltiyskaya,Центр и вокзалы,True,рабочий,18,0.298623,0.28208,0.220286,0.199011,80,472054,0.080703,0.298623,0,12.927446
baltiyskaya_1,baltiyskaya,Центр и вокзалы,True,рабочий,19,0.318187,0.249033,0.234097,0.198684,80,270888,0.068187,0.318187,0,10.28414
baltiyskaya_1,baltiyskaya,Центр и вокзалы,True,рабочий,20,0.305229,0.282652,0.206966,0.205152,80,183020,0.087881,0.305229,0,3.230337
baltiyskaya_1,baltiyskaya,Центр и вокзалы,True,рабочий,21,0.285746,0.27215,0.252772,0.189331,80,138350,0.060669,0.285746,0,4.115295
baltiyskaya_1,baltiyskaya,Центр и вокзалы,True,рабочий,22,0.30297,0.310107,0.192148,0.194776,80,84487,0.113077,0.310107,1,3.556327
baltiyskaya_1,baltiyskaya,Центр и вокзалы,True,рабочий,23,0.27683,0.388776,0.193589,0.140806,80,71311,0.165606,0.388776,1,6.038683
baltiyskaya_1,baltiyskaya,Центр и вокзалы,True,суббота,0,0.75374,0.228423,0.017261,0.000575,16,1738,0.50374,0.75374,0,2.097648
baltiyskaya_1,baltiyskaya,Центр и вокзалы,True,суббота,5,0.027778,0.01936,0.453704,0.499158,16,1188,0.452862,0.499158,3,7.940676
baltiyskaya_1,baltiyskaya,Центр и вокзалы,True,суббота,6,0.130886,0.339595,0.296048,0.233472,16,8198,0.135643,0.339595,1,4.363758
baltiyskaya_1,baltiyskaya,Центр и вокзалы,True,суббота,7,0.250098,0.25867,0.209069,0.282162,16,15282,0.040931,0.282162,3,5.715169
baltiyskaya_1,baltiyskaya,Центр и вокзалы,True,суббота,8,0.349048,0.171856,0.313289,0.165807,16,22484,0.162338,0.349048,0,6.999825
baltiyskaya_1,baltiyskaya,Центр и вокзалы,True,суббота,9,0.310845,0.265495,0.209575,0.214085,16,27718,0.07634,0.310845,0,8.450431
baltiyskaya_1,baltiyskaya,Центр и вокзалы,True,суббота,10,0.275561,0.272634,0.174729,0.277077,16,28364,0.075271,0.277077,3,5.993134
baltiyskaya_1,baltiyskaya,Центр и вокзалы,True,суббота,11,0.265331,0.231197,0.296516,0.206956,16,32548,0.061847,0.296516,2,8.693876
baltiyskaya_1,baltiyskaya,Центр и вокзалы,True,суббота,12,0.339349,0.20473,0.296323,0.159598,16,30865,0.135671,0.339349,0,4.469174
baltiyskaya_1,baltiyskaya,Центр и вокзалы,True,суббота,13,0.183405,0.352175,0.269032,0.195388,16,29792,0.121207,0.352175,1,4.087703
baltiyskaya_1,baltiyskaya,Центр и вокзалы,True,суббота,14,0.267789,0.166121,0.209934,0.356156,16,39098,0.123945,0.356156,3,8.806378
baltiyskaya_1,baltiyskaya,Центр и вокзалы,True,суббота,15,0.329374,0.274664,0.213447,0.182515,16,38731,0.104038,0.329374,0,7.048331
baltiyskaya_1,baltiyskaya,Центр и вокзалы,True,суббота,16,0.177012,0.324414,0.210161,0.288413,16,42082,0.112827,0.324414,1,12.036308
baltiyskaya_1,baltiyskaya,Центр и вокзалы,True,суббота,17,0.239973,0.372235,0.170457,0.217335,16,38696,0.122235,0.372235,1,9.913984
baltiyskaya_1,baltiyskaya,Центр и вокзалы,True,суббота,18,0.334401,0.197915,0.247054,0.22063,16,45565,0.084401,0.334401,0,13.156496
baltiyskaya_1,baltiyskaya,Центр и вокзалы,True,суббота,19,0.275448,0.246231,0.23714,0.241181,16,40592,0.025448,0.275448,0,18.173759
baltiyskaya_1,baltiyskaya,Центр и вокзалы,True,суббота,20,0.381584,0.23158,0.166829,0.220007,16,31799,0.131584,0.381584,0,8.720438
baltiyskaya_1,baltiyskaya,Центр и вокзалы,True,суббота,21,0.297602,0.234263,0.261134,0.207001,16,30739,0.058736,0.297602,0,9.352815
baltiyskaya_1,baltiyskaya,Центр и вокзалы,True,суббота,22,0.331828,0.241214,0.197918,0.22904,16,18154,0.081828,0.331828,0,16.841404
baltiyskaya_1,baltiyskaya,Центр и вокзалы,True,суббота,23,0.260499,0.346585,0.22799,0.164927,16,20979,0.107083,0.346585,1,7.661689
chernyshevskaya_1,chernyshevskaya,Центр и вокзалы,False,воскресенье,0,0.704745,0.284271,0.007469,0.003515,17,2276,0.489016,0.704745,0,1.242341
chernyshevskaya_1,chernyshevskaya,Центр и вокзалы,False,воскресенье,5,0.007817,0.011985,0.57061,0.409588,17,1919,0.480198,0.57061,2,1.7308
chernyshevskaya_1,chernyshevskaya,Центр и вокзалы,False,воскресенье,6,0.264185,0.262984,0.225758,0.247073,17,3331,0.027169,0.264185,0,1.129525
chernyshevskaya_1,chernyshevskaya,Центр и вокзалы,False,воскресенье,7,0.210537,0.251538,0.241902,0.296023,17,4878,0.04756,0.296023,3,2.633709
chernyshevskaya_1,chernyshevskaya,Центр и вокзалы,False,воскресенье,8,0.230575,0.260725,0.249037,0.259663,17,7529,0.020388,0.260725,1,2.201043
chernyshevskaya_1,chernyshevskaya,Центр и вокзалы,False,воскресенье,9,0.239435,0.265416,0.257762,0.237387,17,9276,0.023178,0.265416,1,1.552269
chernyshevskaya_1,chernyshevskaya,Центр и вокзалы,False,воскресенье,10,0.236382,0.242017,0.267029,0.254572,17,10115,0.021602,0.267029,2,2.590465
chernyshevskaya_1,chernyshevskaya,Центр и вокзалы,False,воскресенье,11,0.23379,0.248955,0.262726,0.254529,17,12199,0.017256,0.262726,2,2.105609
chernyshevskaya_1,chernyshevskaya,Центр и вокзалы,False,воскресенье,12,0.219846,0.251874,0.253749,0.274531,17,18140,0.030154,0.274531,3,2.688605
chernyshevskaya_1,chernyshevskaya,Центр и вокзалы,False,воскресенье,13,0.234607,0.280291,0.262825,0.222276,17,22787,0.043117,0.280291,1,3.621264
chernyshevskaya_1,chernyshevskaya,Центр и вокзалы,False,воскресенье,14,0.254322,0.259069,0.248007,0.238603,17,22330,0.01339,0.259069,1,1.84589
chernyshevskaya_1,chernyshevskaya,Центр и вокзалы,False,воскресенье,15,0.241572,0.241489,0.252713,0.264226,17,24146,0.016939,0.264226,3,1.890163
chernyshevskaya_1,chernyshevskaya,Центр и вокзалы,False,воскресенье,16,0.243748,0.254103,0.248789,0.25336,17,25592,0.007463,0.254103,1,2.011678
chernyshevskaya_1,chernyshevskaya,Центр и вокзалы,False,воскресенье,17,0.249163,0.253468,0.247626,0.249744,17,29270,0.003468,0.253468,1,1.786982
chernyshevskaya_1,chernyshevskaya,Центр и вокзалы,False,воскресенье,18,0.254699,0.253735,0.24792,0.243646,17,31123,0.008434,0.254699,0,2.765953
chernyshevskaya_1,chernyshevskaya,Центр и вокзалы,False,воскресенье,19,0.256063,0.254559,0.251584,0.237794,17,31254,0.012206,0.256063,0,3.189078
chernyshevskaya_1,chernyshevskaya,Центр и вокзалы,False,воскресенье,20,0.269894,0.265215,0.241256,0.223634,17,30134,0.03511,0.269894,0,3.176366
chernyshevskaya_1,chernyshevskaya,Центр и вокзалы,False,воскресенье,21,0.288229,0.275622,0.231704,0.204445,17,26413,0.063851,0.288229,0,2.607898
chernyshevskaya_1,chernyshevskaya,Центр и вокзалы,False,воскресенье,22,0.28507,0.275074,0.231501,0.208356,17,20609,0.060144,0.28507,0,3.518557
chernyshevskaya_1,chernyshevskaya,Центр и вокзалы,False,воскресенье,23,0.308938,0.27564,0.224325,0.191097,17,14265,0.084578,0.308938,0,2.314266
chernyshevskaya_1,chernyshevskaya,Центр и вокзалы,False,рабочий,0,0.678049,0.305314,0.009408,0.00723,79,11480,0.483362,0.678049,0,2.251478
chernyshevskaya_1,chernyshevskaya,Центр и вокзалы,False,рабочий,5,0.008677,0.013497,0.551458,0.426368,80,8298,0.477826,0.551458,2,1.00819
chernyshevskaya_1,chernyshevskaya,Центр и вокзалы,False,рабочий,6,0.187813,0.268404,0.24551,0.298273,80,25946,0.066677,0.298273,3,1.376625
chernyshevskaya_1,chernyshevskaya,Центр и вокзалы,False,рабочий,7,0.208701,0.236773,0.251552,0.302975,80,53790,0.054527,0.302975,3,2.159094
chernyshevskaya_1,chernyshevskaya,Центр и вокзалы,False,рабочий,8,0.242217,0.295808,0.252444,0.20953,80,84193,0.048252,0.295808,1,1.930825
chernyshevskaya_1,chernyshevskaya,Центр и вокзалы,False,рабочий,9,0.233381,0.274962,0.257941,0.233715,80,80782,0.032903,0.274962,1,1.607145
chernyshevskaya_1,chernyshevskaya,Центр и вокзалы,False,рабочий,10,0.240377,0.259082,0.252086,0.248454,80,89763,0.011168,0.259082,1,1.99845
chernyshevskaya_1,chernyshevskaya,Центр и вокзалы,False,рабочий,11,0.232264,0.248874,0.260873,0.257988,80,102590,0.018861,0.260873,2,2.206289
chernyshevskaya_1,chernyshevskaya,Центр и вокзалы,False,рабочий,12,0.228903,0.253239,0.259625,0.258233,80,129972,0.021097,0.259625,2,3.058695
chernyshevskaya_1,chernyshevskaya,Центр и вокзалы,False,рабочий,13,0.241022,0.268628,0.256256,0.234094,80,143626,0.024884,0.268628,1,3.627864
chernyshevskaya_1,chernyshevskaya,Центр и вокзалы,False,рабочий,14,0.222569,0.257794,0.250642,0.268995,80,175334,0.027431,0.268995,3,3.92618
chernyshevskaya_1,chernyshevskaya,Центр и вокзалы,False,рабочий,15,0.236992,0.266141,0.244547,0.25232,80,229784,0.018461,0.266141,1,5.030042
chernyshevskaya_1,chernyshevskaya,Центр и вокзалы,False,рабочий,16,0.221804,0.249783,0.250133,0.27828,80,303583,0.028412,0.27828,3,7.634449
chernyshevskaya_1,chernyshevskaya,Центр и вокзалы,False,рабочий,17,0.239293,0.260724,0.242407,0.257576,80,475354,0.0183,0.260724,1,23.302303
chernyshevskaya_1,chernyshevskaya,Центр и вокзалы,False,рабочий,18,0.274306,0.29313,0.249852,0.182711,80,558226,0.067437,0.29313,1,9.26715
chernyshevskaya_1,chernyshevskaya,Центр и вокзалы,False,рабочий,19,0.31079,0.278341,0.220944,0.189924,80,312735,0.089131,0.31079,0,4.942607
chernyshevskaya_1,chernyshevskaya,Центр и вокзалы,False,рабочий,20,0.293667,0.274477,0.226292,0.205565,80,221789,0.068144,0.293667,0,3.138875
chernyshevskaya_1,chernyshevskaya,Центр и вокзалы,False,рабочий,21,0.287012,0.278314,0.227463,0.207211,80,176125,0.065326,0.287012,0,4.687612
chernyshevskaya_1,chernyshevskaya,Центр и вокзалы,False,рабочий,22,0.307111,0.283807,0.223264,0.185817,80,120839,0.090918,0.307111,0,3.678467
chernyshevskaya_1,chernyshevskaya,Центр и вокзалы,False,рабочий,23,0.299126,0.277195,0.21563,0.208049,80,78746,0.076321,0.299126,0,3.909885
chernyshevskaya_1,chernyshevskaya,Центр и вокзалы,False,суббота,0,0.702484,0.293051,0.00307,0.001395,16,3583,0.495534,0.702484,0,1.680907
chernyshevskaya_1,chernyshevskaya,Центр и вокзалы,False,суббота,5,0.022018,0.0263,0.512538,0.439144,16,1635,0.451682,0.512538,2,7.180122
chernyshevskaya_1,chernyshevskaya,Центр и вокзалы,False,суббота,6,0.23772,0.267571,0.226052,0.268657,16,3685,0.036228,0.268657,3,2.936169
chernyshevskaya_1,chernyshevskaya,Центр и вокзалы,False,суббота,7,0.231954,0.250331,0.22798,0.289735,16,6040,0.040066,0.289735,3,2.592503
chernyshevskaya_1,chernyshevskaya,Центр и вокзалы,False,суббота,8,0.244396,0.273638,0.241779,0.240187,16,8789,0.023638,0.273638,1,1.611327
chernyshevskaya_1,chernyshevskaya,Центр и вокзалы,False,суббота,9,0.234707,0.276949,0.250839,0.237505,16,10724,0.027788,0.276949,1,2.207287
chernyshevskaya_1,chernyshevskaya,Центр и вокзалы,False,суббота,10,0.224611,0.267162,0.253539,0.254689,16,11304,0.025389,0.267162,1,1.190124
chernyshevskaya_1,chernyshevskaya,Центр и вокзалы,False,суббота,11,0.222144,0.258579,0.25985,0.259427,16,14162,0.027856,0.25985,2,1.6427
chernyshevskaya_1,chernyshevskaya,Центр и вокзалы,False,суббота,12,0.221949,0.24702,0.274444,0.256587,16,19545,0.031031,0.274444,2,2.593392
chernyshevskaya_1,chernyshevskaya,Центр и вокзалы,False,суббота,13,0.238223,0.263007,0.260774,0.237995,16,21950,0.023781,0.263007,1,2.479163
chernyshevskaya_1,chernyshevskaya,Центр и вокзалы,False,суббота,14,0.233863,0.263806,0.25867,0.243662,16,27452,0.022476,0.263806,1,4.822008
chernyshevskaya_1,chernyshevskaya,Центр и вокзалы,False,суббота,15,0.240651,0.267708,0.244291,0.247351,16,31045,0.017708,0.267708,1,7.412804
chernyshevskaya_1,chernyshevskaya,Центр и вокзалы,False,суббота,16,0.242494,0.268137,0.249857,0.239511,16,31510,0.018137,0.268137,1,4.40961
chernyshevskaya_1,chernyshevskaya,Центр и вокзалы,False,суббота,17,0.230973,0.252818,0.246177,0.270032,16,34333,0.02285,0.270032,3,9.01559
chernyshevskaya_1,chernyshevskaya,Центр и вокзалы,False,суббота,18,0.256832,0.262561,0.244486,0.236122,16,37180,0.019392,0.262561,1,3.799638
chernyshevskaya_1,chernyshevskaya,Центр и вокзалы,False,суббота,19,0.267025,0.256776,0.252364,0.223836,16,36491,0.026164,0.267025,0,3.83945
chernyshevskaya_1,chernyshevskaya,Центр и вокзалы,False,суббота,20,0.277042,0.263686,0.238346,0.220926,16,34215,0.040728,0.277042,0,2.947052
chernyshevskaya_1,chernyshevskaya,Центр и вокзалы,False,суббота,21,0.294595,0.263841,0.230327,0.211237,16,30435,0.058436,0.294595,0,3.670705
chernyshevskaya_1,chernyshevskaya,Центр и вокзалы,False,суббота,22,0.283408,0.268518,0.235894,0.21218,16,23909,0.051926,0.283408,0,2.504703
chernyshevskaya_1,chernyshevskaya,Центр и вокзалы,False,суббота,23,0.271556,0.25964,0.23586,0.232945,16,19554,0.031196,0.271556,0,2.92326
devyatkino_1,devyatkino,Спальные конечные,True,воскресенье,0,0.772727,0.227273,0.0,0.0,17,44,0.522727,0.772727,0,
devyatkino_1,devyatkino,Спальные конечные,True,воскресенье,5,0.015405,0.037508,0.519759,0.427328,17,1493,0.447086,0.519759,2,0.888235
devyatkino_1,devyatkino,Спальные конечные,True,воскресенье,6,0.207544,0.214956,0.298468,0.279031,17,6071,0.0775,0.298468,2,1.047116
devyatkino_1,devyatkino,Спальные конечные,True,воскресенье,7,0.207827,0.27541,0.206452,0.310312,17,9455,0.085722,0.310312,3,1.70485
devyatkino_1,devyatkino,Спальные конечные,True,воскресенье,8,0.206836,0.256767,0.25432,0.282077,17,13078,0.043164,0.282077,3,2.738697
devyatkino_1,devyatkino,Спальные конечные,True,воскресенье,9,0.279362,0.248095,0.223034,0.249509,17,12729,0.029362,0.279362,0,4.164186
devyatkino_1,devyatkino,Спальные конечные,True,воскресенье,10,0.247405,0.250837,0.230583,0.271175,17,11948,0.022012,0.271175,3,3.799881
devyatkino_1,devyatkino,Спальные конечные,True,воскресенье,11,0.324068,0.239978,0.222753,0.213201,17,12772,0.074068,0.324068,0,5.005832
devyatkino_1,devyatkino,Спальные конечные,True,воскресенье,12,0.202438,0.320713,0.258907,0.217943,17,13866,0.079619,0.320713,1,3.018877
devyatkino_1,devyatkino,Спальные конечные,True,воскресенье,13,0.214869,0.326352,0.243687,0.215092,17,13464,0.076352,0.326352,1,3.251107
devyatkino_1,devyatkino,Спальные конечные,True,воскресенье,14,0.209571,0.398034,0.197263,0.195132,17,14544,0.148034,0.398034,1,3.897747
devyatkino_1,devyatkino,Спальные конечные,True,воскресенье,15,0.295373,0.193482,0.309424,0.201721,17,13593,0.104797,0.309424,2,6.893273
devyatkino_1,devyatkino,Спальные конечные,True,воскресенье,16,0.193116,0.240334,0.315604,0.250945,17,15079,0.06655,0.315604,2,7.511719
devyatkino_1,devyatkino,Спальные конечные,True,воскресенье,17,0.193077,0.359662,0.266374,0.180887,17,12306,0.126036,0.359662,1,3.982684
devyatkino_1,devyatkino,Спальные конечные,True,воскресенье,18,0.326842,0.181667,0.316667,0.174825,17,11400,0.143509,0.326842,0,2.531399
devyatkino_1,devyatkino,Спальные конечные,True,воскресенье,19,0.287862,0.213145,0.238955,0.260037,17,12902,0.0479,0.287862,0,8.646063
devyatkino_1,devyatkino,Спальные конечные,True,воскресенье,20,0.303038,0.248751,0.199325,0.248886,17,7405,0.053038,0.303038,0,4.279701
devyatkino_1,devyatkino,Спальные конечные,True,воскресенье,21,0.164277,0.470841,0.145953,0.218929,17,6276,0.220841,0.470841,1,3.744334
devyatkino_1,devyatkino,Спальные конечные,True,воскресенье,22,0.306989,0.209993,0.267799,0.215219,17,3062,0.074788,0.306989,0,3.398809
devyatkino_1,devyatkino,Спальные конечные,True,воскресенье,23,0.521849,0.215966,0.141176,0.121008,17,2380,0.271849,0.521849,0,2.524721
devyatkino_1,devyatkino,Спальные конечные,True,рабочий,0,0.689781,0.255474,0.051095,0.00365,80,274,0.445255,0.689781,0,
devyatkino_1,devyatkino,Спальные конечные,True,рабочий,5,0.004388,0.023019,0.544316,0.428277,80,29628,0.472593,0.544316,2,5.17336
devyatkino_1,devyatkino,Спальные конечные,True,рабочий,6,0.16433,0.204981,0.287002,0.343686,80,141891,0.130688,0.343686,3,1.719682
devyatkino_1,devyatkino,Спальные конечные,True,рабочий,7,0.16242,0.212227,0.261511,0.363842,80,410621,0.125353,0.363842,3,3.859402
devyatkino_1,devyatkino,Спальные конечные,True,рабочий,8,0.325006,0.290007,0.216144,0.168843,80,526849,0.115013,0.325006,0,7.628456
devyatkino_1,devyatkino,Спальные конечные,True,рабочий,9,0.32446,0.298597,0.216855,0.160088,80,215176,0.123057,0.32446,0,3.581224
devyatkino_1,devyatkino,Спальные конечные,True,рабочий,10,0.290783,0.282303,0.216329,0.210585,80,96113,0.073086,0.290783,0,4.298636
devyatkino_1,devyatkino,Спальные конечные,True,рабочий,11,0.290273,0.232072,0.225452,0.252203,80,69793,0.042476,0.290273,0,3.730418
devyatkino_1,devyatkino,Спальные конечные,True,рабочий,12,0.233748,0.265489,0.284306,0.216457,80,57023,0.049796,0.284306,2,3.915334
devyatkino_1,devyatkino,Спальные конечные,True,рабочий,13,0.2523,0.262047,0.260163,0.225491,80,45656,0.024509,0.262047,1,3.326287
devyatkino_1,devyatkino,Спальные конечные,True,рабочий,14,0.1997,0.43072,0.18555,0.18403,80,50671,0.18072,0.43072,1,3.152918
devyatkino_1,devyatkino,Спальные конечные,True,рабочий,15,0.261885,0.239337,0.237205,0.261573,80,38452,0.023458,0.261885,0,1.871808
devyatkino_1,devyatkino,Спальные конечные,True,рабочий,16,0.223111,0.199382,0.211346,0.366161,80,50486,0.116161,0.366161,3,2.343913
devyatkino_1,devyatkino,Спальные конечные,True,рабочий,17,0.20686,0.298219,0.300903,0.194019,80,70787,0.099121,0.300903,2,4.264414
devyatkino_1,devyatkino,Спальные конечные,True,рабочий,18,0.267451,0.239064,0.30509,0.188395,80,60097,0.072541,0.30509,2,3.447229
devyatkino_1,devyatkino,Спальные конечные,True,рабочий,19,0.304447,0.202261,0.24449,0.248801,80,45466,0.054447,0.304447,0,3.017946
devyatkino_1,devyatkino,Спальные конечные,True,рабочий,20,0.301085,0.252731,0.240152,0.206032,80,25996,0.053816,0.301085,0,1.69094
devyatkino_1,devyatkino,Спальные конечные,True,рабочий,21,0.199121,0.42403,0.190509,0.186341,80,21831,0.17403,0.42403,1,3.709728
devyatkino_1,devyatkino,Спальные конечные,True,рабочий,22,0.326549,0.259519,0.228549,0.185383,80,11398,0.086068,0.326549,0,2.034796
devyatkino_1,devyatkino,Спальные конечные,True,рабочий,23,0.454208,0.207054,0.17005,0.168688,80,8080,0.204208,0.454208,0,2.185606
devyatkino_1,devyatkino,Спальные конечные,True,суббота,0,0.634146,0.341463,0.02439,0.0,16,41,0.47561,0.634146,0,
devyatkino_1,devyatkino,Спальные конечные,True,суббота,5,0.012293,0.02925,0.530733,0.427724,16,2359,0.458457,0.530733,2,1.901709
devyatkino_1,devyatkino,Спальные конечные,True,суббота,6,0.202559,0.241395,0.290987,0.265059,16,8832,0.056046,0.290987,2,1.11468
devyatkino_1,devyatkino,Спальные конечные,True,суббота,7,0.186793,0.249398,0.225465,0.338344,16,13705,0.088344,0.338344,3,2.470318
devyatkino_1,devyatkino,Спальные конечные,True,суббота,8,0.240861,0.274521,0.247254,0.237364,16,18301,0.024521,0.274521,1,3.553157
devyatkino_1,devyatkino,Спальные конечные,True,суббота,9,0.271722,0.2882,0.222171,0.217907,16,17356,0.059922,0.2882,1,3.447395
devyatkino_1,devyatkino,Спальные конечные,True,суббота,10,0.253404,0.272637,0.227759,0.2462,16,15130,0.026041,0.272637,1,2.739408
devyatkino_1,devyatkino,Спальные конечные,True,суббота,11,0.298137,0.241041,0.238552,0.22227,16,14064,0.048137,0.298137,0,1.351599
devyatkino_1,devyatkino,Спальные конечные,True,суббота,12,0.23021,0.284365,0.255827,0.229598,16,14717,0.040192,0.284365,1,3.125841
devyatkino_1,devyatkino,Спальные конечные,True,суббота,13,0.239981,0.299647,0.241919,0.218454,16,14447,0.049647,0.299647,1,2.24808
devyatkino_1,devyatkino,Спальные конечные,True,суббота,14,0.226438,0.353665,0.207154,0.212744,16,14313,0.103665,0.353665,1,1.974205
devyatkino_1,devyatkino,Спальные конечные,True,суббота,15,0.274467,0.210384,0.297866,0.217283,16,14060,0.072333,0.297866,2,4.493254
devyatkino_1,devyatkino,Спальные конечные,True,суббота,16,0.240978,0.23516,0.269259,0.254603,16,13578,0.023862,0.269259,2,3.305592
devyatkino_1,devyatkino,Спальные конечные,True,суббота,17,0.219985,0.328082,0.256214,0.19572,16,11869,0.084295,0.328082,1,5.071132
devyatkino_1,devyatkino,Спальные конечные,True,суббота,18,0.311789,0.193527,0.295136,0.199548,16,10629,0.106924,0.311789,0,2.615346
devyatkino_1,devyatkino,Спальные конечные,True,суббота,19,0.30303,0.214218,0.241757,0.240995,16,10494,0.05303,0.30303,0,4.372102
devyatkino_1,devyatkino,Спальные конечные,True,суббота,20,0.314963,0.268488,0.20851,0.208039,16,6369,0.083451,0.314963,0,5.771589
devyatkino_1,devyatkino,Спальные конечные,True,суббота,21,0.170894,0.426894,0.188766,0.213447,16,5875,0.176894,0.426894,1,10.745085
devyatkino_1,devyatkino,Спальные конечные,True,суббота,22,0.318084,0.258756,0.244818,0.178342,16,2798,0.076841,0.318084,0,2.57892
devyatkino_1,devyatkino,Спальные конечные,True,суббота,23,0.444033,0.252039,0.148999,0.15493,16,2698,0.196071,0.444033,0,4.094461
devyatkino_2,devyatkino,Спальные конечные,True,воскресенье,0,0.808511,0.159574,0.031915,0.0,17,94,0.558511,0.808511,0,
devyatkino_2,devyatkino,Спальные конечные,True,воскресенье,5,0.004196,0.016621,0.43279,0.546393,17,6197,0.479183,0.546393,3,2.531535
devyatkino_2,devyatkino,Спальные конечные,True,воскресенье,6,0.187626,0.231671,0.268616,0.312087,17,26201,0.080703,0.312087,3,3.091661
devyatkino_2,devyatkino,Спальные конечные,True,воскресенье,7,0.245617,0.232236,0.233088,0.289059,17,37591,0.039059,0.289059,3,2.761976
devyatkino_2,devyatkino,Спальные конечные,True,воскресенье,8,0.222065,0.245489,0.247316,0.285131,17,48711,0.035131,0.285131,3,2.892561
devyatkino_2,devyatkino,Спальные конечные,True,воскресенье,9,0.27895,0.257251,0.231604,0.232194,17,54196,0.036202,0.27895,0,2.698268
devyatkino_2,devyatkino,Спальные конечные,True,воскресенье,10,0.259485,0.262105,0.238896,0.239514,17,53429,0.021589,0.262105,1,2.55291
devyatkino_2,devyatkino,Спальные конечные,True,воскресенье,11,0.268006,0.254573,0.246714,0.230707,17,51663,0.022579,0.268006,0,2.569178
devyatkino_2,devyatkino,Спальные конечные,True,воскресенье,12,0.240286,0.259131,0.256762,0.243822,17,54868,0.015893,0.259131,1,3.443211
devyatkino_2,devyatkino,Спальные конечные,True,воскресенье,13,0.243114,0.266501,0.264022,0.226362,17,54859,0.030524,0.266501,1,3.73026
devyatkino_2,devyatkino,Спальные конечные,True,воскресенье,14,0.24384,0.294941,0.233139,0.22808,17,54950,0.044941,0.294941,1,4.527539
devyatkino_2,devyatkino,Спальные конечные,True,воскресенье,15,0.271482,0.237493,0.264634,0.226391,17,51252,0.036116,0.271482,0,5.144259
devyatkino_2,devyatkino,Спальные конечные,True,воскресенье,16,0.237632,0.251755,0.276362,0.234251,17,49703,0.028117,0.276362,2,6.325029
devyatkino_2,devyatkino,Спальные конечные,True,воскресенье,17,0.235949,0.28982,0.252696,0.221535,17,45442,0.042516,0.28982,1,3.098944
devyatkino_2,devyatkino,Спальные конечные,True,воскресенье,18,0.28309,0.229014,0.272507,0.21539,17,40443,0.055597,0.28309,0,2.60446
devyatkino_2,devyatkino,Спальные конечные,True,воскресенье,19,0.280813,0.240946,0.250556,0.227685,17,35066,0.031369,0.280813,0,4.976415
devyatkino_2,devyatkino,Спальные конечные,True,воскресенье,20,0.297734,0.255258,0.22754,0.219468,17,24532,0.052992,0.297734,0,2.755639
devyatkino_2,devyatkino,Спальные конечные,True,воскресенье,21,0.24386,0.338466,0.214096,0.203578,17,18445,0.088466,0.338466,1,3.744049
devyatkino_2,devyatkino,Спальные конечные,True,воскресенье,22,0.297707,0.264042,0.249041,0.18921,17,11733,0.061749,0.297707,0,2.212538
devyatkino_2,devyatkino,Спальные конечные,True,воскресенье,23,0.345042,0.241348,0.200518,0.213091,17,7715,0.095042,0.345042,0,1.488799
devyatkino_2,devyatkino,Спальные конечные,True,рабочий,0,0.848276,0.144828,0.006897,0.0,80,435,0.598276,0.848276,0,
devyatkino_2,devyatkino,Спальные конечные,True,рабочий,5,0.001783,0.010921,0.476986,0.51031,79,99810,0.487296,0.51031,3,11.005025
devyatkino_2,devyatkino,Спальные конечные,True,рабочий,6,0.18091,0.234147,0.258488,0.326454,80,415593,0.084942,0.326454,3,3.057541
devyatkino_2,devyatkino,Спальные конечные,True,рабочий,7,0.219502,0.233584,0.253947,0.292967,80,764435,0.046914,0.292967,3,5.480971
devyatkino_2,devyatkino,Спальные конечные,True,рабочий,8,0.280026,0.26436,0.235929,0.219684,80,793725,0.044386,0.280026,0,5.918083
devyatkino_2,devyatkino,Спальные конечные,True,рабочий,9,0.29484,0.277003,0.231481,0.196677,80,566976,0.071843,0.29484,0,4.037374
devyatkino_2,devyatkino,Спальные конечные,True,рабочий,10,0.289455,0.27251,0.231684,0.206351,80,363245,0.061965,0.289455,0,3.936764
devyatkino_2,devyatkino,Спальные конечные,True,рабочий,11,0.265629,0.254312,0.244772,0.235287,80,274533,0.019941,0.265629,0,3.817356
devyatkino_2,devyatkino,Спальные конечные,True,рабочий,12,0.256441,0.255533,0.252898,0.235128,80,242153,0.014872,0.256441,0,3.134617
devyatkino_2,devyatkino,Спальные конечные,True,рабочий,13,0.250745,0.261842,0.252355,0.235058,80,216096,0.014942,0.261842,1,2.446419
devyatkino_2,devyatkino,Спальные конечные,True,рабочий,14,0.249287,0.307541,0.224895,0.218277,80,206421,0.057541,0.307541,1,2.909002
devyatkino_2,devyatkino,Спальные конечные,True,рабочий,15,0.260101,0.252591,0.245232,0.242077,80,178431,0.012691,0.260101,0,2.9434
devyatkino_2,devyatkino,Спальные конечные,True,рабочий,16,0.243463,0.24465,0.234399,0.277488,80,183687,0.027488,0.277488,3,2.597857
devyatkino_2,devyatkino,Спальные конечные,True,рабочий,17,0.227014,0.270792,0.265734,0.23646,80,211520,0.036526,0.270792,1,2.910532
devyatkino_2,devyatkino,Спальные конечные,True,рабочий,18,0.265855,0.246586,0.267036,0.220524,80,191394,0.03289,0.267036,2,2.776818
devyatkino_2,devyatkino,Спальные конечные,True,рабочий,19,0.278119,0.255672,0.242151,0.224057,80,140598,0.033791,0.278119,0,2.608676
devyatkino_2,devyatkino,Спальные конечные,True,рабочий,20,0.295412,0.260354,0.229558,0.214676,80,97640,0.055766,0.295412,0,2.053837
devyatkino_2,devyatkino,Спальные конечные,True,рабочий,21,0.252832,0.3059,0.229804,0.211465,80,71870,0.058731,0.3059,1,2.6129
devyatkino_2,devyatkino,Спальные конечные,True,рабочий,22,0.292971,0.28122,0.23489,0.190919,80,47486,0.07419,0.292971,0,1.709692
devyatkino_2,devyatkino,Спальные конечные,True,рабочий,23,0.317569,0.260703,0.209846,0.211883,80,29455,0.078272,0.317569,0,1.645472
devyatkino_2,devyatkino,Спальные конечные,True,суббота,0,0.876033,0.107438,0.016529,0.0,16,121,0.626033,0.876033,0,
devyatkino_2,devyatkino,Спальные конечные,True,суббота,5,0.004507,0.018026,0.435444,0.542023,16,8876,0.477467,0.542023,3,10.898048
devyatkino_2,devyatkino,Спальные конечные,True,суббота,6,0.195604,0.249518,0.262263,0.292615,16,34759,0.054878,0.292615,3,2.489142
devyatkino_2,devyatkino,Спальные конечные,True,суббота,7,0.226962,0.217764,0.243892,0.311383,16,51859,0.061383,0.311383,3,3.962605
devyatkino_2,devyatkino,Спальные конечные,True,суббота,8,0.255732,0.251186,0.246851,0.246231,16,66202,0.006918,0.255732,0,4.990411
devyatkino_2,devyatkino,Спальные конечные,True,суббота,9,0.268507,0.273786,0.232546,0.225162,16,65544,0.042292,0.273786,1,2.465997
devyatkino_2,devyatkino,Спальные конечные,True,суббота,10,0.260917,0.276212,0.228856,0.234014,16,61851,0.03713,0.276212,1,3.443227
devyatkino_2,devyatkino,Спальные конечные,True,суббота,11,0.255607,0.262309,0.245354,0.23673,16,57741,0.017916,0.262309,1,2.756186
devyatkino_2,devyatkino,Спальные конечные,True,суббота,12,0.244621,0.2705,0.245552,0.239328,16,58000,0.0205,0.2705,1,2.429922
devyatkino_2,devyatkino,Спальные конечные,True,суббота,13,0.246278,0.266719,0.256913,0.230091,16,57825,0.023632,0.266719,1,2.916311
devyatkino_2,devyatkino,Спальные конечные,True,суббота,14,0.250736,0.289054,0.230637,0.229572,16,56370,0.039791,0.289054,1,4.037054
devyatkino_2,devyatkino,Спальные конечные,True,суббота,15,0.265123,0.242091,0.256052,0.236735,16,53579,0.021174,0.265123,0,5.181913
devyatkino_2,devyatkino,Спальные конечные,True,суббота,16,0.245401,0.255916,0.262833,0.23585,16,49735,0.018749,0.262833,2,5.249703
devyatkino_2,devyatkino,Спальные конечные,True,суббота,17,0.24516,0.278422,0.249638,0.22678,16,46900,0.028422,0.278422,1,4.984575
devyatkino_2,devyatkino,Спальные конечные,True,суббота,18,0.277621,0.244713,0.257347,0.220319,16,40051,0.034968,0.277621,0,3.0435
devyatkino_2,devyatkino,Спальные конечные,True,суббота,19,0.284319,0.252976,0.248253,0.214452,16,30916,0.037295,0.284319,0,2.887816
devyatkino_2,devyatkino,Спальные конечные,True,суббота,20,0.285714,0.259643,0.233172,0.221471,16,22477,0.045357,0.285714,0,2.135127
devyatkino_2,devyatkino,Спальные конечные,True,суббота,21,0.249071,0.307137,0.228279,0.215513,16,18565,0.057137,0.307137,1,3.668175
devyatkino_2,devyatkino,Спальные конечные,True,суббота,22,0.290128,0.279116,0.236254,0.194502,16,12622,0.069244,0.290128,0,2.457769
devyatkino_2,devyatkino,Спальные конечные,True,суббота,23,0.292808,0.250261,0.213673,0.243257,16,9566,0.043069,0.292808,0,2.32703
grazhdansky_prospekt_1,grazhdansky_prospekt,Спальные конечные,False,воскресенье,0,0.427663,0.36089,0.163752,0.047695,17,629,0.288553,0.427663,0,1.237648
grazhdansky_prospekt_1,grazhdansky_prospekt,Спальные конечные,False,воскресенье,5,0.003199,0.028259,0.36257,0.605972,17,3751,0.468542,0.605972,3,3.463681
grazhdansky_prospekt_1,grazhdansky_prospekt,Спальные конечные,False,воскресенье,6,0.208265,0.259574,0.23036,0.3018,17,12220,0.061375,0.3018,3,2.123218
grazhdansky_prospekt_1,grazhdansky_prospekt,Спальные конечные,False,воскресенье,7,0.251824,0.23985,0.238541,0.269785,17,16035,0.021609,0.269785,3,2.66313
grazhdansky_prospekt_1,grazhdansky_prospekt,Спальные конечные,False,воскресенье,8,0.233507,0.238721,0.246742,0.281031,17,19948,0.031031,0.281031,3,2.599075
grazhdansky_prospekt_1,grazhdansky_prospekt,Спальные конечные,False,воскресенье,9,0.271551,0.256279,0.232182,0.239988,17,23572,0.02783,0.271551,0,1.93706
grazhdansky_prospekt_1,grazhdansky_prospekt,Спальные конечные,False,воскресенье,10,0.255521,0.261984,0.233222,0.249272,17,23364,0.017506,0.261984,1,2.380632
grazhdansky_prospekt_1,grazhdansky_prospekt,Спальные конечные,False,воскресенье,11,0.245919,0.263404,0.246256,0.244421,17,26708,0.013404,0.263404,1,3.003913
grazhdansky_prospekt_1,grazhdansky_prospekt,Спальные конечные,False,воскресенье,12,0.252133,0.246409,0.256435,0.245023,17,27426,0.008569,0.256435,2,2.854914
grazhdansky_prospekt_1,grazhdansky_prospekt,Спальные конечные,False,воскресенье,13,0.249448,0.260416,0.249339,0.240796,17,27625,0.010416,0.260416,1,3.460835
grazhdansky_prospekt_1,grazhdansky_prospekt,Спальные конечные,False,воскресенье,14,0.260425,0.264441,0.234186,0.240948,17,28392,0.024866,0.264441,1,2.749133
grazhdansky_prospekt_1,grazhdansky_prospekt,Спальные конечные,False,воскресенье,15,0.264208,0.24661,0.246038,0.243143,17,26252,0.014208,0.264208,0,2.919924
grazhdansky_prospekt_1,grazhdansky_prospekt,Спальные конечные,False,воскресенье,16,0.244953,0.260759,0.260603,0.233685,17,25560,0.021362,0.260759,1,2.723671
grazhdansky_prospekt_1,grazhdansky_prospekt,Спальные конечные,False,воскресенье,17,0.243102,0.266753,0.246458,0.243687,17,25623,0.016753,0.266753,1,1.725844
grazhdansky_prospekt_1,grazhdansky_prospekt,Спальные конечные,False,воскресенье,18,0.260327,0.263852,0.243831,0.23199,17,22126,0.02418,0.263852,1,2.142609
grazhdansky_prospekt_1,grazhdansky_prospekt,Спальные конечные,False,воскресенье,19,0.271611,0.268004,0.23718,0.223205,17,17746,0.039615,0.271611,0,2.076195
grazhdansky_prospekt_1,grazhdansky_prospekt,Спальные конечные,False,воскресенье,20,0.260939,0.256461,0.253454,0.229145,17,15632,0.020855,0.260939,0,2.235267
grazhdansky_prospekt_1,grazhdansky_prospekt,Спальные конечные,False,воскресенье,21,0.286554,0.282335,0.218832,0.212279,17,13275,0.068889,0.286554,0,1.609517
grazhdansky_prospekt_1,grazhdansky_prospekt,Спальные конечные,False,воскресенье,22,0.287934,0.29222,0.237998,0.181847,17,9332,0.080154,0.29222,1,1.589535
grazhdansky_prospekt_1,grazhdansky_prospekt,Спальные конечные,False,воскресенье,23,0.298041,0.286356,0.219306,0.196297,17,5563,0.084397,0.298041,0,1.806792
grazhdansky_prospekt_1,grazhdansky_prospekt,Спальные конечные,False,рабочий,0,0.457388,0.31729,0.160638,0.064684,79,3262,0.274678,0.457388,0,1.32383
grazhdansky_prospekt_1,grazhdansky_prospekt,Спальные конечные,False,рабочий,5,0.001026,0.046325,0.45854,0.494109,79,71128,0.452649,0.494109,3,8.668954
grazhdansky_prospekt_1,grazhdansky_prospekt,Спальные конечные,False,рабочий,6,0.192945,0.237926,0.248309,0.32082,79,207733,0.07082,0.32082,3,2.587943
grazhdansky_prospekt_1,grazhdansky_prospekt,Спальные конечные,False,рабочий,7,0.211091,0.225065,0.257097,0.306747,80,421572,0.063844,0.306747,3,4.723664
grazhdansky_prospekt_1,grazhdansky_prospekt,Спальные конечные,False,рабочий,8,0.296327,0.278142,0.226747,0.198784,80,474600,0.074469,0.296327,0,6.491893
grazhdansky_prospekt_1,grazhdansky_prospekt,Спальные конечные,False,рабочий,9,0.298354,0.27596,0.230062,0.195624,80,295260,0.074314,0.298354,0,4.937658
grazhdansky_prospekt_1,grazhdansky_prospekt,Спальные конечные,False,рабочий,10,0.29079,0.270867,0.229573,0.208769,80,188428,0.061658,0.29079,0,3.656413
grazhdansky_prospekt_1,grazhdansky_prospekt,Спальные конечные,False,рабочий,11,0.246607,0.255678,0.255989,0.241726,80,147936,0.011667,0.255989,2,2.824007
grazhdansky_prospekt_1,grazhdansky_prospekt,Спальные конечные,False,рабочий,12,0.267124,0.244213,0.241331,0.247332,80,138797,0.017124,0.267124,0,2.679783
grazhdansky_prospekt_1,grazhdansky_prospekt,Спальные конечные,False,рабочий,13,0.249331,0.255276,0.249897,0.245495,80,136080,0.005276,0.255276,1,2.642547
grazhdansky_prospekt_1,grazhdansky_prospekt,Спальные конечные,False,рабочий,14,0.257975,0.262147,0.230994,0.248884,80,134207,0.020122,0.262147,1,2.649494
grazhdansky_prospekt_1,grazhdansky_prospekt,Спальные конечные,False,рабочий,15,0.251001,0.245873,0.234935,0.26819,80,140792,0.019191,0.26819,3,3.352483
grazhdansky_prospekt_1,grazhdansky_prospekt,Спальные конечные,False,рабочий,16,0.242585,0.248574,0.243637,0.265204,80,153101,0.015204,0.265204,3,3.268026
grazhdansky_prospekt_1,grazhdansky_prospekt,Спальные конечные,False,рабочий,17,0.239183,0.262766,0.248889,0.249162,80,183684,0.012766,0.262766,1,2.849186
grazhdansky_prospekt_1,grazhdansky_prospekt,Спальные конечные,False,рабочий,18,0.276081,0.269432,0.240446,0.21404,80,173257,0.045513,0.276081,0,2.184442
grazhdansky_prospekt_1,grazhdansky_prospekt,Спальные конечные,False,рабочий,19,0.290677,0.264698,0.23114,0.213486,80,115441,0.055375,0.290677,0,2.362568
grazhdansky_prospekt_1,grazhdansky_prospekt,Спальные конечные,False,рабочий,20,0.27374,0.27117,0.236819,0.218271,80,91437,0.044911,0.27374,0,1.920679
grazhdansky_prospekt_1,grazhdansky_prospekt,Спальные конечные,False,рабочий,21,0.286422,0.283607,0.225954,0.204017,80,69607,0.070029,0.286422,0,1.809001
grazhdansky_prospekt_1,grazhdansky_prospekt,Спальные конечные,False,рабочий,22,0.28934,0.294653,0.235407,0.1806,80,45742,0.083993,0.294653,1,1.702386
grazhdansky_prospekt_1,grazhdansky_prospekt,Спальные конечные,False,рабочий,23,0.293756,0.275249,0.223321,0.207673,80,25882,0.069005,0.293756,0,1.912303
grazhdansky_prospekt_1,grazhdansky_prospekt,Спальные конечные,False,суббота,0,0.450742,0.330634,0.160594,0.05803,15,741,0.281377,0.450742,0,1.971167
grazhdansky_prospekt_1,grazhdansky_prospekt,Спальные конечные,False,суббота,5,0.002017,0.029336,0.368537,0.60011,16,5454,0.468647,0.60011,3,3.450019
grazhdansky_prospekt_1,grazhdansky_prospekt,Спальные конечные,False,суббота,6,0.209956,0.254652,0.232753,0.302639,16,16713,0.057291,0.302639,3,2.820601
grazhdansky_prospekt_1,grazhdansky_prospekt,Спальные конечные,False,суббота,7,0.241404,0.236626,0.238165,0.283805,16,24693,0.033805,0.283805,3,4.295517
grazhdansky_prospekt_1,grazhdansky_prospekt,Спальные конечные,False,суббота,8,0.261368,0.256125,0.232148,0.250358,16,28611,0.017852,0.261368,0,4.188493
grazhdansky_prospekt_1,grazhdansky_prospekt,Спальные конечные,False,суббота,9,0.261342,0.261174,0.234899,0.242584,16,29800,0.022517,0.261342,0,2.654117
grazhdansky_prospekt_1,grazhdansky_prospekt,Спальные конечные,False,суббота,10,0.264173,0.258661,0.2356,0.241566,16,28663,0.022834,0.264173,0,2.170845
grazhdansky_prospekt_1,grazhdansky_prospekt,Спальные конечные,False,суббота,11,0.24362,0.256021,0.249462,0.250897,16,29271,0.006918,0.256021,1,3.26203
grazhdansky_prospekt_1,grazhdansky_prospekt,Спальные конечные,False,суббота,12,0.252405,0.246112,0.24799,0.253492,16,30352,0.005897,0.253492,3,2.191597
grazhdansky_prospekt_1,grazhdansky_prospekt,Спальные конечные,False,суббота,13,0.23971,0.262772,0.250216,0.247301,16,31221,0.012988,0.262772,1,2.827986
grazhdansky_prospekt_1,grazhdansky_prospekt,Спальные конечные,False,суббота,14,0.255707,0.26223,0.237754,0.244309,16,30969,0.017937,0.26223,1,2.914015
grazhdansky_prospekt_1,grazhdansky_prospekt,Спальные конечные,False,суббота,15,0.26493,0.249975,0.236152,0.248942,16,30023,0.01493,0.26493,0,3.108296
grazhdansky_prospekt_1,grazhdansky_prospekt,Спальные конечные,False,суббота,16,0.25034,0.264934,0.250723,0.234003,16,28709,0.015997,0.264934,1,3.111249
grazhdansky_prospekt_1,grazhdansky_prospekt,Спальные конечные,False,суббота,17,0.246372,0.272849,0.239461,0.241318,16,29082,0.022849,0.272849,1,3.632344
grazhdansky_prospekt_1,grazhdansky_prospekt,Спальные конечные,False,суббота,18,0.272624,0.260068,0.23451,0.232798,16,24532,0.032692,0.272624,0,2.702901
grazhdansky_prospekt_1,grazhdansky_prospekt,Спальные конечные,False,суббота,19,0.276355,0.262371,0.238221,0.223053,16,18592,0.038726,0.276355,0,1.969884
grazhdansky_prospekt_1,grazhdansky_prospekt,Спальные конечные,False,суббота,20,0.246044,0.274413,0.250989,0.228554,16,16180,0.025402,0.274413,1,1.58094
grazhdansky_prospekt_1,grazhdansky_prospekt,Спальные конечные,False,суббота,21,0.286633,0.269067,0.229379,0.214921,16,13833,0.0557,0.286633,0,1.783161
grazhdansky_prospekt_1,grazhdansky_prospekt,Спальные конечные,False,суббота,22,0.284877,0.285989,0.236757,0.192378,16,9892,0.070865,0.285989,1,1.609432
grazhdansky_prospekt_1,grazhdansky_prospekt,Спальные конечные,False,суббота,23,0.271145,0.269912,0.220305,0.238638,16,6491,0.041057,0.271145,0,1.519112
kirovsky_zavod_1,kirovsky_zavod,Прочие,False,воскресенье,0,0.488665,0.274559,0.130982,0.105793,17,397,0.263224,0.488665,0,
kirovsky_zavod_1,kirovsky_zavod,Прочие,False,воскресенье,5,0.028129,0.060478,0.544304,0.367089,17,711,0.411392,0.544304,2,0.737382
kirovsky_zavod_1,kirovsky_zavod,Прочие,False,воскресенье,6,0.163594,0.266417,0.255184,0.314804,17,3472,0.086406,0.314804,3,1.209769
kirovsky_zavod_1,kirovsky_zavod,Прочие,False,воскресенье,7,0.231723,0.236752,0.238908,0.292617,17,5567,0.042617,0.292617,3,1.413823
kirovsky_zavod_1,kirovsky_zavod,Прочие,False,воскресенье,8,0.287317,0.274608,0.231206,0.206869,17,7396,0.061925,0.287317,0,1.198653
kirovsky_zavod_1,kirovsky_zavod,Прочие,False,воскресенье,9,0.265067,0.263274,0.251552,0.220108,17,7251,0.029892,0.265067,0,1.368971
kirovsky_zavod_1,kirovsky_zavod,Прочие,False,воскресенье,10,0.242067,0.277547,0.257732,0.222654,17,7469,0.035279,0.277547,1,2.574581
kirovsky_zavod_1,kirovsky_zavod,Прочие,False,воскресенье,11,0.240889,0.258139,0.262755,0.238217,17,8232,0.020894,0.262755,2,1.968508
kirovsky_zavod_1,kirovsky_zavod,Прочие,False,воскресенье,12,0.267979,0.2368,0.25421,0.24101,17,8788,0.022189,0.267979,0,2.282702
kirovsky_zavod_1,kirovsky_zavod,Прочие,False,воскресенье,13,0.249818,0.255739,0.26166,0.232783,17,9627,0.017399,0.26166,2,2.056981
kirovsky_zavod_1,kirovsky_zavod,Прочие,False,воскресенье,14,0.239614,0.269443,0.258122,0.232821,17,10158,0.027564,0.269443,1,1.296428
kirovsky_zavod_1,kirovsky_zavod,Прочие,False,воскресенье,15,0.257432,0.249071,0.25353,0.239967,17,10764,0.010962,0.257432,0,2.115543
kirovsky_zavod_1,kirovsky_zavod,Прочие,False,воскресенье,16,0.2542,0.276507,0.229236,0.240057,17,10535,0.030707,0.276507,1,3.733331
kirovsky_zavod_1,kirovsky_zavod,Прочие,False,воскресенье,17,0.253819,0.257402,0.250869,0.23791,17,9491,0.01209,0.257402,1,1.356401
kirovsky_zavod_1,kirovsky_zavod,Прочие,False,воскресенье,18,0.26845,0.255667,0.236975,0.238909,17,9309,0.024116,0.26845,0,1.770064
kirovsky_zavod_1,kirovsky_zavod,Прочие,False,воскресенье,19,0.249947,0.277208,0.242142,0.230703,17,9354,0.027208,0.277208,1,1.596633
kirovsky_zavod_1,kirovsky_zavod,Прочие,False,воскресенье,20,0.291506,0.320849,0.231564,0.156081,17,10360,0.112355,0.320849,1,10.84127
kirovsky_zavod_1,kirovsky_zavod,Прочие,False,воскресенье,21,0.315894,0.29922,0.198103,0.186783,17,6537,0.115114,0.315894,0,5.878672
kirovsky_zavod_1,kirovsky_zavod,Прочие,False,воскресенье,22,0.340412,0.248606,0.228872,0.182111,17,4662,0.090412,0.340412,0,2.485232
kirovsky_zavod_1,kirovsky_zavod,Прочие,False,воскресенье,23,0.316748,0.237228,0.187916,0.258108,17,2251,0.074856,0.316748,0,1.950044
kirovsky_zavod_1,kirovsky_zavod,Прочие,False,рабочий,0,0.48708,0.28531,0.152566,0.075044,80,2825,0.272389,0.48708,0,0.995219
kirovsky_zavod_1,kirovsky_zavod,Прочие,False,рабочий,5,0.009365,0.074488,0.519164,0.396982,80,11532,0.416146,0.519164,2,2.512436
kirovsky_zavod_1,kirovsky_zavod,Прочие,False,рабочий,6,0.162322,0.224219,0.268766,0.344693,80,45188,0.113459,0.344693,3,1.623644
kirovsky_zavod_1,kirovsky_zavod,Прочие,False,рабочий,7,0.234247,0.230626,0.240378,0.294749,80,87271,0.044749,0.294749,3,2.23506
kirovsky_zavod_1,kirovsky_zavod,Прочие,False,рабочий,8,0.276012,0.290047,0.242707,0.191234,80,113709,0.066059,0.290047,1,2.943742
kirovsky_zavod_1,kirovsky_zavod,Прочие,False,рабочий,9,0.28868,0.278739,0.237522,0.195059,80,73029,0.067418,0.28868,0,2.157862
kirovsky_zavod_1,kirovsky_zavod,Прочие,False,рабочий,10,0.257978,0.268543,0.248071,0.225408,80,56125,0.026521,0.268543,1,1.984763
kirovsky_zavod_1,kirovsky_zavod,Прочие,False,рабочий,11,0.247681,0.260713,0.248833,0.242773,80,53791,0.010713,0.260713,1,2.180982
kirovsky_zavod_1,kirovsky_zavod,Прочие,False,рабочий,12,0.239994,0.261882,0.251693,0.246431,80,62910,0.013575,0.261882,1,2.48332
kirovsky_zavod_1,kirovsky_zavod,Прочие,False,рабочий,13,0.254587,0.254207,0.244991,0.246215,80,60439,0.008794,0.254587,0,1.639728
kirovsky_zavod_1,kirovsky_zavod,Прочие,False,рабочий,14,0.230762,0.277048,0.236352,0.255838,80,74774,0.032886,0.277048,1,3.387589
kirovsky_zavod_1,kirovsky_zavod,Прочие,False,рабочий,15,0.211519,0.211545,0.243026,0.333911,80,116642,0.083911,0.333911,3,3.540309
kirovsky_zavod_1,kirovsky_zavod,Прочие,False,рабочий,16,0.241362,0.229635,0.233394,0.29561,80,201925,0.04561,0.29561,3,11.98465
kirovsky_zavod_1,kirovsky_zavod,Прочие,False,рабочий,17,0.302674,0.30662,0.210052,0.180654,80,262292,0.109294,0.30662,1,6.106877
kirovsky_zavod_1,kirovsky_zavod,Прочие,False,рабочий,18,0.337355,0.296411,0.20147,0.164764,80,164029,0.133766,0.337355,0,2.903524
kirovsky_zavod_1,kirovsky_zavod,Прочие,False,рабочий,19,0.285882,0.282301,0.234563,0.197254,80,91856,0.068183,0.285882,0,1.888044
kirovsky_zavod_1,kirovsky_zavod,Прочие,False,рабочий,20,0.317596,0.305316,0.20528,0.171808,80,68565,0.122913,0.317596,0,1.721912
kirovsky_zavod_1,kirovsky_zavod,Прочие,False,рабочий,21,0.306611,0.278471,0.209135,0.205783,80,39979,0.085082,0.306611,0,4.776928
kirovsky_zavod_1,kirovsky_zavod,Прочие,False,рабочий,22,0.31805,0.292336,0.212636,0.176978,80,32083,0.110386,0.31805,0,5.271131
kirovsky_zavod_1,kirovsky_zavod,Прочие,False,рабочий,23,0.342367,0.279131,0.178045,0.200457,80,17490,0.121498,0.342367,0,1.611227
kirovsky_zavod_1,kirovsky_zavod,Прочие,False,суббота,0,0.623832,0.165888,0.14486,0.065421,16,428,0.373832,0.623832,0,
kirovsky_zavod_1,kirovsky_zavod,Прочие,False,суббота,5,0.020636,0.075666,0.527945,0.375752,16,1163,0.403697,0.527945,2,2.035854
kirovsky_zavod_1,kirovsky_zavod,Прочие,False,суббота,6,0.172345,0.255088,0.276106,0.29646,16,4520,0.077655,0.29646,3,1.444848
kirovsky_zavod_1,kirovsky_zavod,Прочие,False,суббота,7,0.236558,0.234801,0.233991,0.29465,16,7402,0.04465,0.29465,3,1.219376
kirovsky_zavod_1,kirovsky_zavod,Прочие,False,суббота,8,0.28413,0.279858,0.230824,0.205188,16,9830,0.063988,0.28413,0,1.464837
kirovsky_zavod_1,kirovsky_zavod,Прочие,False,суббота,9,0.259217,0.281543,0.241012,0.218228,16,8734,0.04076,0.281543,1,2.337178
kirovsky_zavod_1,kirovsky_zavod,Прочие,False,суббота,10,0.227235,0.263799,0.263565,0.2454,16,8533,0.027364,0.263799,1,2.044502
kirovsky_zavod_1,kirovsky_zavod,Прочие,False,суббота,11,0.243739,0.256847,0.257807,0.241607,16,9383,0.014654,0.257807,2,1.711201
kirovsky_zavod_1,kirovsky_zavod,Прочие,False,суббота,12,0.25928,0.240163,0.249072,0.251485,16,10776,0.010765,0.25928,0,2.139607
kirovsky_zavod_1,kirovsky_zavod,Прочие,False,суббота,13,0.237796,0.251366,0.250364,0.260474,16,10980,0.012204,0.260474,3,2.972453
kirovsky_zavod_1,kirovsky_zavod,Прочие,False,суббота,14,0.247165,0.264426,0.252001,0.236408,16,11992,0.016428,0.264426,1,1.98303
kirovsky_zavod_1,kirovsky_zavod,Прочие,False,суббота,15,0.255108,0.245425,0.261665,0.237801,16,13116,0.016773,0.261665,2,2.576824
kirovsky_zavod_1,kirovsky_zavod,Прочие,False,суббота,16,0.256338,0.252246,0.239891,0.251524,16,12464,0.010109,0.256338,0,4.346348
kirovsky_zavod_1,kirovsky_zavod,Прочие,False,суббота,17,0.272922,0.269918,0.234461,0.222699,16,11648,0.04284,0.272922,0,2.441319
kirovsky_zavod_1,kirovsky_zavod,Прочие,False,суббота,18,0.275782,0.243154,0.240726,0.240338,16,10298,0.025782,0.275782,0,1.812814
kirovsky_zavod_1,kirovsky_zavod,Прочие,False,суббота,19,0.254894,0.274868,0.24923,0.221008,16,10063,0.029762,0.274868,1,1.720332
kirovsky_zavod_1,kirovsky_zavod,Прочие,False,суббота,20,0.299073,0.282828,0.207643,0.210455,16,9603,0.081901,0.299073,0,14.3791
kirovsky_zavod_1,kirovsky_zavod,Прочие,False,суббота,21,0.265811,0.312012,0.24865,0.173527,16,8333,0.077823,0.312012,1,25.064671
kirovsky_zavod_1,kirovsky_zavod,Прочие,False,суббота,22,0.352326,0.254057,0.225929,0.167688,16,5546,0.106383,0.352326,0,1.54392
kirovsky_zavod_1,kirovsky_zavod,Прочие,False,суббота,23,0.29706,0.256506,0.225076,0.221359,16,2959,0.053565,0.29706,0,2.671738
leninsky_prospekt_1,leninsky_prospekt,Спальные конечные,False,воскресенье,0,0.55291,0.113757,0.145503,0.187831,17,378,0.30291,0.55291,0,
leninsky_prospekt_1,leninsky_prospekt,Спальные конечные,False,воскресенье,5,0.027205,0.016417,0.426829,0.52955,17,2132,0.456379,0.52955,3,1.027231
leninsky_prospekt_1,leninsky_prospekt,Спальные конечные,False,воскресенье,6,0.220492,0.253759,0.262941,0.262808,17,7515,0.029508,0.262941,2,2.206923
leninsky_prospekt_1,leninsky_prospekt,Спальные конечные,False,воскресенье,7,0.251576,0.227467,0.228116,0.292841,17,10784,0.044418,0.292841,3,1.772762
leninsky_prospekt_1,leninsky_prospekt,Спальные конечные,False,воскресенье,8,0.256137,0.229702,0.256572,0.257589,17,13770,0.020298,0.257589,3,1.556547
leninsky_prospekt_1,leninsky_prospekt,Спальные конечные,False,воскресенье,9,0.255446,0.270542,0.239423,0.234589,17,15103,0.025988,0.270542,1,2.465517
leninsky_prospekt_1,leninsky_prospekt,Спальные конечные,False,воскресенье,10,0.240445,0.264052,0.243005,0.252498,17,16012,0.01655,0.264052,1,2.357756
leninsky_prospekt_1,leninsky_prospekt,Спальные конечные,False,воскресенье,11,0.226749,0.273575,0.254148,0.245527,17,16935,0.027724,0.273575,1,1.650745
leninsky_prospekt_1,leninsky_prospekt,Спальные конечные,False,воскресенье,12,0.241701,0.262941,0.260217,0.23514,17,17985,0.023158,0.262941,1,2.247067
leninsky_prospekt_1,leninsky_prospekt,Спальные конечные,False,воскресенье,13,0.24439,0.25505,0.252598,0.247961,17,18761,0.007649,0.25505,1,2.787373
leninsky_prospekt_1,leninsky_prospekt,Спальные конечные,False,воскресенье,14,0.247387,0.269704,0.24668,0.236229,17,18372,0.019704,0.269704,1,2.236483
leninsky_prospekt_1,leninsky_prospekt,Спальные конечные,False,воскресенье,15,0.264716,0.252792,0.242613,0.239879,17,17192,0.017508,0.264716,0,2.053987
leninsky_prospekt_1,leninsky_prospekt,Спальные конечные,False,воскресенье,16,0.251466,0.253212,0.26001,0.235312,17,16034,0.014688,0.26001,2,2.358438
leninsky_prospekt_1,leninsky_prospekt,Спальные конечные,False,воскресенье,17,0.256584,0.2476,0.249569,0.246247,17,16252,0.006584,0.256584,0,1.937071
leninsky_prospekt_1,leninsky_prospekt,Спальные конечные,False,воскресенье,18,0.280724,0.251447,0.235174,0.232655,17,14687,0.032171,0.280724,0,1.892629
leninsky_prospekt_1,leninsky_prospekt,Спальные конечные,False,воскресенье,19,0.271426,0.273686,0.239873,0.215015,17,11948,0.045112,0.273686,1,1.949326
leninsky_prospekt_1,leninsky_prospekt,Спальные конечные,False,воскресенье,20,0.292396,0.265669,0.230002,0.211933,17,10626,0.058065,0.292396,0,1.802456
leninsky_prospekt_1,leninsky_prospekt,Спальные конечные,False,воскресенье,21,0.304708,0.257889,0.234221,0.203182,17,7732,0.062597,0.304708,0,1.302763
leninsky_prospekt_1,leninsky_prospekt,Спальные конечные,False,воскресенье,22,0.319738,0.280158,0.228704,0.171399,17,5811,0.099897,0.319738,0,2.280585
leninsky_prospekt_1,leninsky_prospekt,Спальные конечные,False,воскресенье,23,0.298469,0.2928,0.210317,0.198413,17,3528,0.09127,0.298469,0,1.783858
leninsky_prospekt_1,leninsky_prospekt,Спальные конечные,False,рабочий,0,0.511954,0.180873,0.122661,0.184511,80,1924,0.261954,0.511954,0,
leninsky_prospekt_1,leninsky_prospekt,Спальные конечные,False,рабочий,5,0.007135,0.004164,0.434996,0.553705,80,36021,0.488701,0.553705,3,1.027542
leninsky_prospekt_1,leninsky_prospekt,Спальные конечные,False,рабочий,6,0.196632,0.258439,0.23455,0.310379,80,118465,0.068818,0.310379,3,2.524869
leninsky_prospekt_1,leninsky_prospekt,Спальные конечные,False,рабочий,7,0.213592,0.214001,0.259663,0.312744,80,251391,0.072407,0.312744,3,4.432131
leninsky_prospekt_1,leninsky_prospekt,Спальные конечные,False,рабочий,8,0.276607,0.285673,0.238754,0.198966,80,314667,0.06228,0.285673,1,6.279586
leninsky_prospekt_1,leninsky_prospekt,Спальные конечные,False,рабочий,9,0.303905,0.276362,0.227186,0.192547,80,199691,0.080267,0.303905,0,3.671115
leninsky_prospekt_1,leninsky_prospekt,Спальные конечные,False,рабочий,10,0.283643,0.266594,0.231757,0.218006,80,131556,0.050237,0.283643,0,3.360995
leninsky_prospekt_1,leninsky_prospekt,Спальные конечные,False,рабочий,11,0.26201,0.261263,0.239345,0.237382,80,104477,0.023273,0.26201,0,2.694904
leninsky_prospekt_1,leninsky_prospekt,Спальные конечные,False,рабочий,12,0.263961,0.251083,0.247964,0.236992,80,102265,0.015044,0.263961,0,2.474184
leninsky_prospekt_1,leninsky_prospekt,Спальные конечные,False,рабочий,13,0.247958,0.255874,0.259779,0.236389,80,94742,0.015653,0.259779,2,2.23065
leninsky_prospekt_1,leninsky_prospekt,Спальные конечные,False,рабочий,14,0.254537,0.263377,0.24362,0.238466,80,93334,0.017914,0.263377,1,2.411798
leninsky_prospekt_1,leninsky_prospekt,Спальные конечные,False,рабочий,15,0.244095,0.23922,0.249502,0.267182,80,97847,0.017182,0.267182,3,2.707995
leninsky_prospekt_1,leninsky_prospekt,Спальные конечные,False,рабочий,16,0.259041,0.250802,0.249028,0.241129,80,105964,0.009843,0.259041,0,3.157748
leninsky_prospekt_1,leninsky_prospekt,Спальные конечные,False,рабочий,17,0.257824,0.278387,0.238051,0.225738,80,135635,0.036211,0.278387,1,2.39611
leninsky_prospekt_1,leninsky_prospekt,Спальные конечные,False,рабочий,18,0.294191,0.29771,0.219108,0.18899,80,130721,0.091902,0.29771,1,2.289069
leninsky_prospekt_1,leninsky_prospekt,Спальные конечные,False,рабочий,19,0.300757,0.264141,0.231373,0.203729,80,78462,0.064898,0.300757,0,1.672315
leninsky_prospekt_1,leninsky_prospekt,Спальные конечные,False,рабочий,20,0.301659,0.276499,0.224335,0.197506,80,62322,0.078159,0.301659,0,1.776192
leninsky_prospekt_1,leninsky_prospekt,Спальные конечные,False,рабочий,21,0.309681,0.259278,0.224774,0.206267,80,41010,0.068959,0.309681,0,1.516615
leninsky_prospekt_1,leninsky_prospekt,Спальные конечные,False,рабочий,22,0.317913,0.28067,0.226371,0.175047,80,31603,0.098582,0.317913,0,1.522599
leninsky_prospekt_1,leninsky_prospekt,Спальные конечные,False,рабочий,23,0.309791,0.258312,0.223171,0.208725,80,17444,0.068104,0.309791,0,1.303611
leninsky_prospekt_1,leninsky_prospekt,Спальные конечные,False,суббота,0,0.692958,0.073239,0.061972,0.171831,16,355,0.442958,0.692958,0,
leninsky_prospekt_1,leninsky_prospekt,Спальные конечные,False,суббота,5,0.01407,0.017845,0.434111,0.533974,16,2914,0.468085,0.533974,3,3.679028
leninsky_prospekt_1,leninsky_prospekt,Спальные конечные,False,суббота,6,0.20686,0.258211,0.250751,0.284178,16,10321,0.04314,0.284178,3,2.363314
leninsky_prospekt_1,leninsky_prospekt,Спальные конечные,False,суббота,7,0.228798,0.222011,0.241865,0.307326,16,15765,0.057326,0.307326,3,2.886089
leninsky_prospekt_1,leninsky_prospekt,Спальные конечные,False,суббота,8,0.260934,0.256719,0.245562,0.236785,16,20166,0.017653,0.260934,0,2.722425
leninsky_prospekt_1,leninsky_prospekt,Спальные конечные,False,суббота,9,0.275115,0.271969,0.239042,0.213874,16,19072,0.047085,0.275115,0,2.214546
leninsky_prospekt_1,leninsky_prospekt,Спальные конечные,False,суббота,10,0.246155,0.257613,0.246104,0.250127,16,19638,0.00774,0.257613,1,2.947439
leninsky_prospekt_1,leninsky_prospekt,Спальные конечные,False,суббота,11,0.245348,0.264477,0.243941,0.246234,16,19185,0.014477,0.264477,1,2.603637
leninsky_prospekt_1,leninsky_prospekt,Спальные конечные,False,суббота,12,0.244145,0.259498,0.244536,0.251821,16,20451,0.01132,0.259498,1,2.275037
leninsky_prospekt_1,leninsky_prospekt,Спальные конечные,False,суббота,13,0.246232,0.248461,0.265714,0.239593,16,20635,0.015714,0.265714,2,2.594213
leninsky_prospekt_1,leninsky_prospekt,Спальные конечные,False,суббота,14,0.250527,0.263798,0.245017,0.240657,16,20872,0.014325,0.263798,1,3.80906
leninsky_prospekt_1,leninsky_prospekt,Спальные конечные,False,суббота,15,0.250388,0.259959,0.247532,0.242121,16,19957,0.010347,0.259959,1,2.559904
leninsky_prospekt_1,leninsky_prospekt,Спальные конечные,False,суббота,16,0.25166,0.256281,0.251235,0.240824,16,18827,0.009176,0.256281,1,1.760842
leninsky_prospekt_1,leninsky_prospekt,Спальные конечные,False,суббота,17,0.266258,0.259424,0.234528,0.23979,16,18437,0.025682,0.266258,0,3.064166
leninsky_prospekt_1,leninsky_prospekt,Спальные конечные,False,суббота,18,0.283669,0.24929,0.241575,0.225466,16,16202,0.033669,0.283669,0,1.788073
leninsky_prospekt_1,leninsky_prospekt,Спальные конечные,False,суббота,19,0.279877,0.25717,0.236505,0.226448,16,12727,0.037047,0.279877,0,1.841831
leninsky_prospekt_1,leninsky_prospekt,Спальные конечные,False,суббота,20,0.303626,0.26616,0.230641,0.199573,16,10783,0.069786,0.303626,0,1.437003
leninsky_prospekt_1,leninsky_prospekt,Спальные конечные,False,суббота,21,0.308225,0.242053,0.234756,0.214966,16,8085,0.058225,0.308225,0,1.36623
leninsky_prospekt_1,leninsky_prospekt,Спальные конечные,False,суббота,22,0.318786,0.271559,0.230309,0.179345,16,6691,0.090345,0.318786,0,1.70242
leninsky_prospekt_1,leninsky_prospekt,Спальные конечные,False,суббота,23,0.291587,0.262981,0.226683,0.21875,16,4160,0.054567,0.291587,0,1.586073
leninsky_prospekt_2,leninsky_prospekt,Спальные конечные,False,воскресенье,6,0.018546,0.091246,0.459199,0.431009,17,1348,0.390208,0.459199,2,0.777395
leninsky_prospekt_2,leninsky_prospekt,Спальные конечные,False,воскресенье,7,0.266476,0.251433,0.240688,0.241404,17,2792,0.017908,0.266476,0,0.713324
leninsky_prospekt_2,leninsky_prospekt,Спальные конечные,False,воскресенье,8,0.255252,0.270483,0.236082,0.238183,17,3808,0.025735,0.270483,1,1.316732
leninsky_prospekt_2,leninsky_prospekt,Спальные конечные,False,воскресенье,9,0.265588,0.26654,0.25821,0.209662,17,4202,0.040338,0.26654,1,0.941358
leninsky_prospekt_2,leninsky_prospekt,Спальные конечные,False,воскресенье,10,0.2476,0.259879,0.247153,0.245367,17,4479,0.009879,0.259879,1,1.534582
leninsky_prospekt_2,leninsky_prospekt,Спальные конечные,False,воскресенье,11,0.246646,0.276386,0.245975,0.230993,17,4472,0.026386,0.276386,1,1.298728
leninsky_prospekt_2,leninsky_prospekt,Спальные конечные,False,воскресенье,12,0.268056,0.252895,0.24721,0.231838,17,4749,0.020952,0.268056,0,1.049062
leninsky_prospekt_2,leninsky_prospekt,Спальные конечные,False,воскресенье,13,0.231495,0.272474,0.269256,0.226775,17,4661,0.041729,0.272474,1,1.550535
leninsky_prospekt_2,leninsky_prospekt,Спальные конечные,False,воскресенье,14,0.276207,0.271311,0.228133,0.224349,17,4493,0.047518,0.276207,0,1.432564
leninsky_prospekt_2,leninsky_prospekt,Спальные конечные,False,воскресенье,15,0.267478,0.256741,0.235027,0.240754,17,4191,0.024219,0.267478,0,2.281791
leninsky_prospekt_2,leninsky_prospekt,Спальные конечные,False,воскресенье,16,0.245699,0.274049,0.242549,0.237703,17,4127,0.024049,0.274049,1,1.465028
leninsky_prospekt_2,leninsky_prospekt,Спальные конечные,False,воскресенье,17,0.269409,0.265039,0.225193,0.24036,17,3890,0.034447,0.269409,0,1.265112
leninsky_prospekt_2,leninsky_prospekt,Спальные конечные,False,воскресенье,18,0.260771,0.26729,0.239229,0.23271,17,3528,0.028061,0.26729,1,1.109664
leninsky_prospekt_2,leninsky_prospekt,Спальные конечные,False,воскресенье,19,0.260885,0.270442,0.251327,0.217345,17,2825,0.032655,0.270442,1,1.408296
leninsky_prospekt_2,leninsky_prospekt,Спальные конечные,False,воскресенье,20,0.301691,0.274382,0.221066,0.202861,17,2307,0.076073,0.301691,0,1.371445
leninsky_prospekt_2,leninsky_prospekt,Спальные конечные,False,воскресенье,21,0.319575,0.239387,0.23467,0.206368,17,1696,0.069575,0.319575,0,1.213033
leninsky_prospekt_2,leninsky_prospekt,Спальные конечные,False,рабочий,6,0.004143,0.113643,0.419482,0.462732,80,23653,0.382214,0.462732,3,1.936117
leninsky_prospekt_2,leninsky_prospekt,Спальные конечные,False,рабочий,7,0.203272,0.233863,0.251615,0.31125,80,77571,0.062865,0.31125,3,1.607039
leninsky_prospekt_2,leninsky_prospekt,Спальные конечные,False,рабочий,8,0.290891,0.300952,0.235524,0.172633,80,97803,0.091843,0.300952,1,1.721351
leninsky_prospekt_2,leninsky_prospekt,Спальные конечные,False,рабочий,9,0.308327,0.291531,0.225861,0.174281,80,52094,0.099858,0.308327,0,1.34378
leninsky_prospekt_2,leninsky_prospekt,Спальные конечные,False,рабочий,10,0.281455,0.271038,0.238785,0.208722,80,31966,0.052493,0.281455,0,1.398912
leninsky_prospekt_2,leninsky_prospekt,Спальные конечные,False,рабочий,11,0.262624,0.273436,0.241629,0.222311,80,23863,0.03606,0.273436,1,1.459589
leninsky_prospekt_2,leninsky_prospekt,Спальные конечные,False,рабочий,12,0.269048,0.255586,0.240375,0.234991,80,22286,0.024634,0.269048,0,1.438764
leninsky_prospekt_2,leninsky_prospekt,Спальные конечные,False,рабочий,13,0.256647,0.269028,0.242154,0.232172,80,20838,0.025674,0.269028,1,1.362696
leninsky_prospekt_2,leninsky_prospekt,Спальные конечные,False,рабочий,14,0.256327,0.277628,0.235848,0.230197,80,20704,0.033955,0.277628,1,1.633156
leninsky_prospekt_2,leninsky_prospekt,Спальные конечные,False,рабочий,15,0.263924,0.24741,0.240304,0.248361,80,19983,0.013924,0.263924,0,1.709547
leninsky_prospekt_2,leninsky_prospekt,Спальные конечные,False,рабочий,16,0.247204,0.269028,0.244002,0.239766,80,20299,0.019028,0.269028,1,1.20167
leninsky_prospekt_2,leninsky_prospekt,Спальные конечные,False,рабочий,17,0.221985,0.257221,0.262998,0.257795,80,24407,0.028015,0.262998,2,1.667414
leninsky_prospekt_2,leninsky_prospekt,Спальные конечные,False,рабочий,18,0.284329,0.283375,0.22523,0.207066,80,25161,0.067704,0.284329,0,1.31519
leninsky_prospekt_2,leninsky_prospekt,Спальные конечные,False,рабочий,19,0.295484,0.275589,0.228678,0.200249,80,17693,0.071073,0.295484,0,1.405308
leninsky_prospekt_2,leninsky_prospekt,Спальные конечные,False,рабочий,20,0.305549,0.270272,0.226801,0.197378,80,12813,0.075821,0.305549,0,1.222861
leninsky_prospekt_2,leninsky_prospekt,Спальные конечные,False,рабочий,21,0.3421,0.25,0.20997,0.19793,80,9468,0.0921,0.3421,0,1.272439
leninsky_prospekt_2,leninsky_prospekt,Спальные конечные,False,суббота,6,0.009621,0.129343,0.424906,0.43613,16,1871,0.361037,0.43613,3,1.119596
leninsky_prospekt_2,leninsky_prospekt,Спальные конечные,False,суббота,7,0.254418,0.246187,0.238683,0.260712,16,4131,0.01513,0.260712,3,1.36426
leninsky_prospekt_2,leninsky_prospekt,Спальные конечные,False,суббота,8,0.246672,0.305991,0.241778,0.20556,16,5108,0.055991,0.305991,1,1.319313
leninsky_prospekt_2,leninsky_prospekt,Спальные конечные,False,суббота,9,0.271761,0.269594,0.256203,0.202442,16,5078,0.047558,0.271761,0,1.33964
leninsky_prospekt_2,leninsky_prospekt,Спальные конечные,False,суббота,10,0.257166,0.283976,0.230769,0.228088,16,4849,0.041143,0.283976,1,1.792453
leninsky_prospekt_2,leninsky_prospekt,Спальные конечные,False,суббота,11,0.253607,0.245871,0.260297,0.240226,16,4783,0.013903,0.260297,2,0.940496
leninsky_prospekt_2,leninsky_prospekt,Спальные конечные,False,суббота,12,0.256762,0.241393,0.265369,0.236475,16,4880,0.022131,0.265369,2,0.822788
leninsky_prospekt_2,leninsky_prospekt,Спальные конечные,False,суббота,13,0.252922,0.263762,0.251647,0.231668,16,4705,0.018332,0.263762,1,1.779436
leninsky_prospekt_2,leninsky_prospekt,Спальные конечные,False,суббота,14,0.256953,0.284764,0.229343,0.22894,16,4962,0.041717,0.284764,1,1.583233
leninsky_prospekt_2,leninsky_prospekt,Спальные конечные,False,суббота,15,0.258127,0.255774,0.244012,0.242087,16,4676,0.013901,0.258127,0,1.363057
leninsky_prospekt_2,leninsky_prospekt,Спальные конечные,False,суббота,16,0.262359,0.269027,0.239595,0.229018,16,4349,0.031387,0.269027,1,1.815334
leninsky_prospekt_2,leninsky_prospekt,Спальные конечные,False,суббота,17,0.251027,0.257792,0.241121,0.25006,16,4139,0.008879,0.257792,1,1.986067
leninsky_prospekt_2,leninsky_prospekt,Спальные конечные,False,суббота,18,0.254949,0.271803,0.235152,0.238095,16,3738,0.026752,0.271803,1,1.389181
leninsky_prospekt_2,leninsky_prospekt,Спальные конечные,False,суббота,19,0.227731,0.237815,0.312045,0.222409,16,3570,0.062045,0.312045,2,2.879248
leninsky_prospekt_2,leninsky_prospekt,Спальные конечные,False,суббота,20,0.298362,0.243471,0.231961,0.226206,16,2259,0.048362,0.298362,0,0.990991
leninsky_prospekt_2,leninsky_prospekt,Спальные конечные,False,суббота,21,0.289502,0.232684,0.239177,0.238636,16,1848,0.039502,0.289502,0,1.095707
lesnaya_1,lesnaya,Прочие,False,воскресенье,0,0.633143,0.305143,0.056,0.005714,17,875,0.438286,0.633143,0,0.786727
lesnaya_1,lesnaya,Прочие,False,воскресенье,5,0.000998,0.002994,0.37525,0.620758,17,1002,0.496008,0.620758,3,0.767568
lesnaya_1,lesnaya,Прочие,False,воскресенье,6,0.193585,0.269257,0.261351,0.275808,17,4427,0.056415,0.275808,3,1.313354
lesnaya_1,lesnaya,Прочие,False,воскресенье,7,0.232672,0.231931,0.242002,0.293395,17,6752,0.043395,0.293395,3,1.76342
lesnaya_1,lesnaya,Прочие,False,воскресенье,8,0.231912,0.255135,0.257302,0.255651,17,9689,0.018088,0.257302,2,1.552603
lesnaya_1,lesnaya,Прочие,False,воскресенье,9,0.221871,0.275894,0.261097,0.241137,17,12976,0.036991,0.275894,1,1.202867
lesnaya_1,lesnaya,Прочие,False,воскресенье,10,0.231902,0.262765,0.262565,0.242768,17,15002,0.02533,0.262765,1,2.29621
lesnaya_1,lesnaya,Прочие,False,воскресенье,11,0.232369,0.27038,0.254184,0.243067,17,16732,0.024564,0.27038,1,1.877272
lesnaya_1,lesnaya,Прочие,False,воскресенье,12,0.234477,0.254448,0.260479,0.250596,17,19729,0.015523,0.260479,2,2.832833
lesnaya_1,lesnaya,Прочие,False,воскресенье,13,0.229642,0.267012,0.259929,0.243418,17,20471,0.026941,0.267012,1,1.980113
lesnaya_1,lesnaya,Прочие,False,воскресенье,14,0.23328,0.273071,0.248132,0.245517,17,21412,0.023071,0.273071,1,2.807302
lesnaya_1,lesnaya,Прочие,False,воскресенье,15,0.252413,0.254568,0.257848,0.23517,17,21342,0.01483,0.257848,2,2.272113
lesnaya_1,lesnaya,Прочие,False,воскресенье,16,0.236947,0.266594,0.267781,0.228678,17,21891,0.034375,0.267781,2,2.820048
lesnaya_1,lesnaya,Прочие,False,воскресенье,17,0.246815,0.257181,0.256359,0.239646,17,21899,0.013539,0.257181,1,2.023912
lesnaya_1,lesnaya,Прочие,False,воскресенье,18,0.263097,0.266337,0.24278,0.227786,17,21608,0.029434,0.266337,1,1.506282
lesnaya_1,lesnaya,Прочие,False,воскресенье,19,0.266862,0.266807,0.243715,0.222616,17,18058,0.033669,0.266862,0,2.620746
lesnaya_1,lesnaya,Прочие,False,воскресенье,20,0.26867,0.272057,0.240733,0.21854,17,16537,0.040727,0.272057,1,1.360508
lesnaya_1,lesnaya,Прочие,False,воскресенье,21,0.287665,0.280297,0.221426,0.210612,17,14795,0.067962,0.287665,0,1.873457
lesnaya_1,lesnaya,Прочие,False,воскресенье,22,0.286582,0.329551,0.214552,0.169314,17,13661,0.116134,0.329551,1,1.523882
lesnaya_1,lesnaya,Прочие,False,воскресенье,23,0.32914,0.272986,0.212639,0.185235,17,6678,0.102126,0.32914,0,1.834362
lesnaya_1,lesnaya,Прочие,False,рабочий,0,0.580263,0.339582,0.071752,0.008403,80,4641,0.419845,0.580263,0,1.838881
lesnaya_1,lesnaya,Прочие,False,рабочий,5,0.003488,0.001971,0.259554,0.734986,80,13188,0.49454,0.734986,3,2.50803
lesnaya_1,lesnaya,Прочие,False,рабочий,6,0.173375,0.233466,0.263026,0.330134,80,57713,0.093159,0.330134,3,1.379875
lesnaya_1,lesnaya,Прочие,False,рабочий,7,0.180122,0.223438,0.274188,0.322252,80,160908,0.09644,0.322252,3,3.746434
lesnaya_1,lesnaya,Прочие,False,рабочий,8,0.271103,0.285554,0.249583,0.19376,80,221377,0.056657,0.285554,1,4.001738
lesnaya_1,lesnaya,Прочие,False,рабочий,9,0.233396,0.258752,0.304483,0.203369,80,174476,0.063235,0.304483,2,7.17747
lesnaya_1,lesnaya,Прочие,False,рабочий,10,0.260809,0.270551,0.251434,0.217207,80,117013,0.032793,0.270551,1,2.629694
lesnaya_1,lesnaya,Прочие,False,рабочий,11,0.197124,0.238588,0.320113,0.244174,80,134793,0.070113,0.320113,2,7.592591
lesnaya_1,lesnaya,Прочие,False,рабочий,12,0.255663,0.246853,0.245527,0.251957,80,125204,0.00762,0.255663,0,2.712261
lesnaya_1,lesnaya,Прочие,False,рабочий,13,0.237918,0.25463,0.269994,0.237459,80,132840,0.024624,0.269994,2,3.590008
lesnaya_1,lesnaya,Прочие,False,рабочий,14,0.240162,0.248638,0.243175,0.268025,80,136379,0.018025,0.268025,3,4.253051
lesnaya_1,lesnaya,Прочие,False,рабочий,15,0.219898,0.251473,0.253906,0.274722,80,197687,0.030102,0.274722,3,7.844579
lesnaya_1,lesnaya,Прочие,False,рабочий,16,0.239548,0.253747,0.244175,0.26253,80,224302,0.016277,0.26253,3,5.488945
lesnaya_1,lesnaya,Прочие,False,рабочий,17,0.242918,0.282738,0.240785,0.233558,80,332919,0.032738,0.282738,1,7.481433
lesnaya_1,lesnaya,Прочие,False,рабочий,18,0.284525,0.318881,0.223912,0.172682,80,343667,0.103407,0.318881,1,5.013733
lesnaya_1,lesnaya,Прочие,False,рабочий,19,0.296709,0.278208,0.229344,0.195739,80,183510,0.074917,0.296709,0,3.250696
lesnaya_1,lesnaya,Прочие,False,рабочий,20,0.280558,0.289753,0.234219,0.19547,80,123978,0.070311,0.289753,1,2.755924
lesnaya_1,lesnaya,Прочие,False,рабочий,21,0.288578,0.291611,0.220146,0.199666,80,91653,0.080188,0.291611,1,2.399627
lesnaya_1,lesnaya,Прочие,False,рабочий,22,0.296094,0.324104,0.213945,0.165857,80,71869,0.120198,0.324104,1,1.814509
lesnaya_1,lesnaya,Прочие,False,рабочий,23,0.327182,0.289608,0.203388,0.179821,80,34412,0.116791,0.327182,0,1.648304
lesnaya_1,lesnaya,Прочие,False,суббота,0,0.672803,0.274477,0.046862,0.005858,16,1195,0.44728,0.672803,0,1.16087
lesnaya_1,lesnaya,Прочие,False,суббота,5,0.008278,0.006623,0.345199,0.639901,16,1208,0.485099,0.639901,3,2.656543
lesnaya_1,lesnaya,Прочие,False,суббота,6,0.179271,0.275041,0.255631,0.290057,16,5461,0.070729,0.290057,3,1.034401
lesnaya_1,lesnaya,Прочие,False,суббота,7,0.202421,0.209818,0.287444,0.300317,16,10409,0.087761,0.300317,3,2.81983
lesnaya_1,lesnaya,Прочие,False,суббота,8,0.251212,0.275036,0.246979,0.226773,16,14649,0.026248,0.275036,1,2.971384
lesnaya_1,lesnaya,Прочие,False,суббота,9,0.214867,0.249652,0.301937,0.233544,16,18686,0.051937,0.301937,2,3.625942
lesnaya_1,lesnaya,Прочие,False,суббота,10,0.237365,0.274335,0.261032,0.227268,16,18718,0.035367,0.274335,1,2.13097
lesnaya_1,lesnaya,Прочие,False,суббота,11,0.193139,0.247851,0.318504,0.240506,16,23962,0.068504,0.318504,2,5.553962
lesnaya_1,lesnaya,Прочие,False,суббота,12,0.243614,0.235935,0.252922,0.267529,16,23960,0.020451,0.267529,3,3.338109
lesnaya_1,lesnaya,Прочие,False,суббота,13,0.233758,0.256593,0.273671,0.235978,16,26583,0.030264,0.273671,2,3.160904
lesnaya_1,lesnaya,Прочие,False,суббота,14,0.245353,0.262097,0.253512,0.239038,16,28188,0.015609,0.262097,1,4.28516
lesnaya_1,lesnaya,Прочие,False,суббота,15,0.264038,0.261538,0.252213,0.222211,16,29598,0.027789,0.264038,0,5.461793
lesnaya_1,lesnaya,Прочие,False,суббота,16,0.231624,0.273422,0.257844,0.23711,16,27346,0.031266,0.273422,1,2.416314
lesnaya_1,lesnaya,Прочие,False,суббота,17,0.264428,0.254499,0.24457,0.236504,16,27898,0.018926,0.264428,0,1.600738
lesnaya_1,lesnaya,Прочие,False,суббота,18,0.261273,0.270395,0.249363,0.218969,16,25104,0.031668,0.270395,1,3.174228
lesnaya_1,lesnaya,Прочие,False,суббота,19,0.270129,0.265081,0.246299,0.218491,16,20605,0.03521,0.270129,0,2.816925
lesnaya_1,lesnaya,Прочие,False,суббота,20,0.261409,0.285476,0.245728,0.207387,16,19196,0.046885,0.285476,1,2.295461
lesnaya_1,lesnaya,Прочие,False,суббота,21,0.27548,0.278099,0.239415,0.207006,16,16415,0.053579,0.278099,1,2.529255
lesnaya_1,lesnaya,Прочие,False,суббота,22,0.293561,0.315834,0.217937,0.172668,16,15220,0.109396,0.315834,1,1.649419
lesnaya_1,lesnaya,Прочие,False,суббота,23,0.315676,0.269535,0.221716,0.193073,16,8344,0.085211,0.315676,0,2.742179
narvskaya_1,narvskaya,Прочие,False,воскресенье,0,0.707006,0.235669,0.055202,0.002123,17,471,0.457006,0.707006,0,2.81638
narvskaya_1,narvskaya,Прочие,False,воскресенье,5,0.001843,0.001843,0.474654,0.521659,17,1085,0.496313,0.521659,3,1.526223
narvskaya_1,narvskaya,Прочие,False,воскресенье,6,0.190069,0.256831,0.248515,0.304585,17,4209,0.061416,0.304585,3,1.594827
narvskaya_1,narvskaya,Прочие,False,воскресенье,7,0.221538,0.237001,0.261357,0.280104,17,7308,0.041461,0.280104,3,0.968792
narvskaya_1,narvskaya,Прочие,False,воскресенье,8,0.253687,0.27812,0.245983,0.22221,17,9086,0.031807,0.27812,1,1.578962
narvskaya_1,narvskaya,Прочие,False,воскресенье,9,0.232469,0.305128,0.248277,0.214126,17,9868,0.055128,0.305128,1,2.12894
narvskaya_1,narvskaya,Прочие,False,воскресенье,10,0.241489,0.270939,0.250474,0.237097,17,10017,0.021414,0.270939,1,1.699675
narvskaya_1,narvskaya,Прочие,False,воскресенье,11,0.228485,0.273509,0.258176,0.23983,17,11283,0.031685,0.273509,1,1.517114
narvskaya_1,narvskaya,Прочие,False,воскресенье,12,0.246391,0.251967,0.255022,0.24662,17,13093,0.006988,0.255022,2,2.213363
narvskaya_1,narvskaya,Прочие,False,воскресенье,13,0.229892,0.255961,0.263677,0.250469,17,14385,0.020108,0.263677,2,2.588192
narvskaya_1,narvskaya,Прочие,False,воскресенье,14,0.231624,0.24585,0.25365,0.268876,17,16026,0.022526,0.268876,3,9.432598
narvskaya_1,narvskaya,Прочие,False,воскресенье,15,0.240801,0.248352,0.27568,0.235167,17,16686,0.02568,0.27568,2,9.682962
narvskaya_1,narvskaya,Прочие,False,воскресенье,16,0.248098,0.255329,0.263628,0.232946,17,15905,0.018956,0.263628,2,3.384121
narvskaya_1,narvskaya,Прочие,False,воскресенье,17,0.236836,0.265246,0.260164,0.237754,17,16332,0.02541,0.265246,1,3.731852
narvskaya_1,narvskaya,Прочие,False,воскресенье,18,0.258319,0.264235,0.253821,0.223626,17,16228,0.026374,0.264235,1,1.808096
narvskaya_1,narvskaya,Прочие,False,воскресенье,19,0.245976,0.265887,0.246428,0.241709,17,15469,0.015887,0.265887,1,2.195735
narvskaya_1,narvskaya,Прочие,False,воскресенье,20,0.276056,0.275338,0.238073,0.210533,17,15323,0.051393,0.276056,0,12.355299
narvskaya_1,narvskaya,Прочие,False,воскресенье,21,0.287709,0.274896,0.209419,0.227976,17,11317,0.062605,0.287709,0,5.407795
narvskaya_1,narvskaya,Прочие,False,воскресенье,22,0.338818,0.271435,0.211999,0.177748,17,8934,0.110253,0.338818,0,6.111791
narvskaya_1,narvskaya,Прочие,False,воскресенье,23,0.346306,0.252858,0.205365,0.195471,17,4548,0.099164,0.346306,0,2.026794
narvskaya_1,narvskaya,Прочие,False,рабочий,0,0.742943,0.208569,0.046164,0.002325,80,3011,0.492943,0.742943,0,0.944836
narvskaya_1,narvskaya,Прочие,False,рабочий,5,0.000816,0.00204,0.506894,0.49025,80,12257,0.497144,0.506894,2,1.335024
narvskaya_1,narvskaya,Прочие,False,рабочий,6,0.17262,0.239851,0.264338,0.323191,80,47984,0.087529,0.323191,3,1.140374
narvskaya_1,narvskaya,Прочие,False,рабочий,7,0.213901,0.227081,0.252657,0.30636,80,95675,0.059018,0.30636,3,1.909849
narvskaya_1,narvskaya,Прочие,False,рабочий,8,0.270245,0.293401,0.250468,0.185886,57,92331,0.064114,0.293401,1,3.186816
narvskaya_1,narvskaya,Прочие,False,рабочий,9,0.249856,0.295574,0.242853,0.211717,80,92241,0.045574,0.295574,1,3.651072
narvskaya_1,narvskaya,Прочие,False,рабочий,10,0.242939,0.266087,0.253682,0.237293,80,81823,0.019768,0.266087,1,1.887804
narvskaya_1,narvskaya,Прочие,False,рабочий,11,0.238851,0.251988,0.260363,0.248798,80,82746,0.012351,0.260363,2,2.178128
narvskaya_1,narvskaya,Прочие,False,рабочий,12,0.222816,0.237457,0.274136,0.265591,80,102865,0.039727,0.274136,2,3.256533
narvskaya_1,narvskaya,Прочие,False,рабочий,13,0.247126,0.256351,0.26532,0.231203,80,109709,0.021671,0.26532,2,2.93074
narvskaya_1,narvskaya,Прочие,False,рабочий,14,0.220293,0.250554,0.243933,0.285221,80,133672,0.035774,0.285221,3,5.273466
narvskaya_1,narvskaya,Прочие,False,рабочий,15,0.222632,0.222104,0.258933,0.296331,80,195035,0.055264,0.296331,3,6.15903
narvskaya_1,narvskaya,Прочие,False,рабочий,16,0.19756,0.218688,0.282113,0.301639,80,320758,0.083752,0.301639,3,13.123263
narvskaya_1,narvskaya,Прочие,False,рабочий,17,0.262591,0.273979,0.237424,0.226006,80,433077,0.03657,0.273979,1,6.236884
narvskaya_1,narvskaya,Прочие,False,рабочий,18,0.305493,0.3255,0.210897,0.158109,80,380869,0.130994,0.3255,1,5.075665
narvskaya_1,narvskaya,Прочие,False,рабочий,19,0.288353,0.278903,0.22686,0.205884,80,185731,0.067256,0.288353,0,2.871014
narvskaya_1,narvskaya,Прочие,False,рабочий,20,0.296899,0.284086,0.225253,0.193762,80,126986,0.080985,0.296899,0,3.319691
narvskaya_1,narvskaya,Прочие,False,рабочий,21,0.288029,0.273032,0.221793,0.217147,80,89755,0.061061,0.288029,0,17.28197
narvskaya_1,narvskaya,Прочие,False,рабочий,22,0.34667,0.290195,0.208628,0.154507,80,55635,0.136865,0.34667,0,10.378602
narvskaya_1,narvskaya,Прочие,False,рабочий,23,0.318276,0.278509,0.211567,0.191648,80,28114,0.096785,0.318276,0,1.968928
narvskaya_1,narvskaya,Прочие,False,суббота,0,0.760902,0.18797,0.04812,0.003008,16,665,0.510902,0.760902,0,2.591305
narvskaya_1,narvskaya,Прочие,False,суббота,5,0.006897,0.008429,0.469732,0.514943,16,1305,0.484674,0.514943,3,4.101584
narvskaya_1,narvskaya,Прочие,False,суббота,6,0.17528,0.244068,0.262829,0.317822,16,5437,0.080651,0.317822,3,1.348689
narvskaya_1,narvskaya,Прочие,False,суббота,7,0.222767,0.239087,0.256908,0.281237,16,9988,0.038146,0.281237,3,1.740455
narvskaya_1,narvskaya,Прочие,False,суббота,8,0.282685,0.273156,0.234612,0.209546,16,11649,0.055842,0.282685,0,2.484507
narvskaya_1,narvskaya,Прочие,False,суббота,9,0.246137,0.297304,0.255752,0.200807,16,11648,0.053056,0.297304,1,1.703271
narvskaya_1,narvskaya,Прочие,False,суббота,10,0.232095,0.259751,0.252606,0.255548,16,11896,0.017905,0.259751,1,8.958733
narvskaya_1,narvskaya,Прочие,False,суббота,11,0.237459,0.25353,0.264794,0.244217,16,13316,0.018324,0.264794,2,2.573003
narvskaya_1,narvskaya,Прочие,False,суббота,12,0.222292,0.245661,0.277301,0.254746,16,15961,0.032047,0.277301,2,2.514366
narvskaya_1,narvskaya,Прочие,False,суббота,13,0.220616,0.247941,0.263976,0.267467,16,18335,0.031443,0.267467,3,2.204741
narvskaya_1,narvskaya,Прочие,False,суббота,14,0.240038,0.260416,0.260819,0.238727,16,19826,0.021235,0.260819,2,4.087491
narvskaya_1,narvskaya,Прочие,False,суббота,15,0.253824,0.272799,0.238331,0.235046,16,20396,0.026623,0.272799,1,11.126452
narvskaya_1,narvskaya,Прочие,False,суббота,16,0.255772,0.273487,0.250697,0.220044,16,20096,0.029956,0.273487,1,4.834428
narvskaya_1,narvskaya,Прочие,False,суббота,17,0.251477,0.253179,0.244932,0.250412,16,18793,0.005068,0.253179,1,2.659676
narvskaya_1,narvskaya,Прочие,False,суббота,18,0.262256,0.269283,0.238528,0.229934,16,18501,0.031539,0.269283,1,2.546649
narvskaya_1,narvskaya,Прочие,False,суббота,19,0.265752,0.259763,0.223893,0.250593,16,16030,0.026107,0.265752,0,5.930962
narvskaya_1,narvskaya,Прочие,False,суббота,20,0.264018,0.261691,0.250872,0.223418,16,17192,0.026582,0.264018,0,9.503319
narvskaya_1,narvskaya,Прочие,False,суббота,21,0.282459,0.273435,0.21845,0.225656,16,15404,0.055895,0.282459,0,23.132243
narvskaya_1,narvskaya,Прочие,False,суббота,22,0.383159,0.259884,0.192372,0.164584,16,10724,0.143044,0.383159,0,14.289298
narvskaya_1,narvskaya,Прочие,False,суббота,23,0.290391,0.275801,0.231495,0.202313,16,5620,0.066192,0.290391,0,1.792133
ploshchad_lenina_1,ploshchad_lenina,Центр и вокзалы,True,воскресенье,0,0.71298,0.275137,0.011883,0.0,17,1094,0.488117,0.71298,0,
ploshchad_lenina_1,ploshchad_lenina,Центр и вокзалы,True,воскресенье,5,0.001487,0.000372,0.458736,0.539405,17,2690,0.498141,0.539405,3,2.842815
ploshchad_lenina_1,ploshchad_lenina,Центр и вокзалы,True,воскресенье,6,0.183644,0.226686,0.245337,0.344333,17,5576,0.094333,0.344333,3,4.351656
ploshchad_lenina_1,ploshchad_lenina,Центр и вокзалы,True,воскресенье,7,0.253874,0.279587,0.184033,0.282506,17,8906,0.065967,0.282506,3,5.116594
ploshchad_lenina_1,ploshchad_lenina,Центр и вокзалы,True,воскресенье,8,0.286001,0.331119,0.188195,0.194685,17,12944,0.11712,0.331119,1,6.116818
ploshchad_lenina_1,ploshchad_lenina,Центр и вокзалы,True,воскресенье,9,0.216732,0.335337,0.286343,0.161588,17,14308,0.12168,0.335337,1,4.295563
ploshchad_lenina_1,ploshchad_lenina,Центр и вокзалы,True,воскресенье,10,0.187421,0.225381,0.252243,0.334955,17,19731,0.087198,0.334955,3,9.89123
ploshchad_lenina_1,ploshchad_lenina,Центр и вокзалы,True,воскресенье,11,0.177102,0.24798,0.268493,0.306425,17,15844,0.074918,0.306425,3,6.374039
ploshchad_lenina_1,ploshchad_lenina,Центр и вокзалы,True,воскресенье,12,0.328182,0.335157,0.140494,0.196166,17,23944,0.163339,0.335157,1,7.408096
ploshchad_lenina_1,ploshchad_lenina,Центр и вокзалы,True,воскресенье,13,0.261877,0.200829,0.253285,0.284009,17,20017,0.049171,0.284009,3,13.054875
ploshchad_lenina_1,ploshchad_lenina,Центр и вокзалы,True,воскресенье,14,0.125136,0.299171,0.175992,0.399702,17,32189,0.198872,0.399702,3,8.160553
ploshchad_lenina_1,ploshchad_lenina,Центр и вокзалы,True,воскресенье,15,0.231938,0.213007,0.311804,0.243252,17,22450,0.061804,0.311804,2,11.77515
ploshchad_lenina_1,ploshchad_lenina,Центр и вокзалы,True,воскресенье,16,0.11228,0.2399,0.237048,0.410772,17,35073,0.160772,0.410772,3,12.527935
ploshchad_lenina_1,ploshchad_lenina,Центр и вокзалы,True,воскресенье,17,0.170409,0.23997,0.318773,0.270848,17,29212,0.089621,0.318773,2,11.368
ploshchad_lenina_1,ploshchad_lenina,Центр и вокзалы,True,воскресенье,18,0.166349,0.375151,0.328422,0.130078,17,37193,0.203573,0.375151,1,23.104697
ploshchad_lenina_1,ploshchad_lenina,Центр и вокзалы,True,воскресенье,19,0.220218,0.220242,0.344266,0.215274,17,41863,0.094266,0.344266,2,36.96744
ploshchad_lenina_1,ploshchad_lenina,Центр и вокзалы,True,воскресенье,20,0.370589,0.189312,0.257262,0.182838,17,34599,0.127851,0.370589,0,15.814009
ploshchad_lenina_1,ploshchad_lenina,Центр и вокзалы,True,воскресенье,21,0.334619,0.217701,0.19601,0.251669,17,24111,0.086288,0.334619,0,15.422557
ploshchad_lenina_1,ploshchad_lenina,Центр и вокзалы,True,воскресенье,22,0.466943,0.203936,0.199521,0.1296,17,29676,0.216943,0.466943,0,24.290206
ploshchad_lenina_1,ploshchad_lenina,Центр и вокзалы,True,воскресенье,23,0.201609,0.197113,0.418757,0.182521,17,12678,0.168757,0.418757,2,31.160882
ploshchad_lenina_1,ploshchad_lenina,Центр и вокзалы,True,рабочий,0,0.641926,0.335366,0.019554,0.003154,80,4756,0.477292,0.641926,0,2.070924
ploshchad_lenina_1,ploshchad_lenina,Центр и вокзалы,True,рабочий,5,0.003337,0.003797,0.500863,0.492003,80,8691,0.492866,0.500863,2,1.271625
ploshchad_lenina_1,ploshchad_lenina,Центр и вокзалы,True,рабочий,6,0.159814,0.24233,0.238857,0.358999,80,59613,0.108999,0.358999,3,4.373005
ploshchad_lenina_1,ploshchad_lenina,Центр и вокзалы,True,рабочий,7,0.217026,0.244551,0.2208,0.317623,80,159529,0.067623,0.317623,3,12.82943
ploshchad_lenina_1,ploshchad_lenina,Центр и вокзалы,True,рабочий,8,0.265109,0.31711,0.261037,0.156744,80,251225,0.093256,0.31711,1,9.973554
ploshchad_lenina_1,ploshchad_lenina,Центр и вокзалы,True,рабочий,9,0.272529,0.319498,0.237315,0.170658,80,174671,0.092027,0.319498,1,6.976371
ploshchad_lenina_1,ploshchad_lenina,Центр и вокзалы,True,рабочий,10,0.195037,0.269795,0.248048,0.28712,80,150874,0.056915,0.28712,3,9.662584
ploshchad_lenina_1,ploshchad_lenina,Центр и вокзалы,True,рабочий,11,0.202834,0.23286,0.277965,0.286341,80,111273,0.064306,0.286341,3,3.808602
ploshchad_lenina_1,ploshchad_lenina,Центр и вокзалы,True,рабочий,12,0.273676,0.350832,0.191842,0.18365,80,143670,0.124508,0.350832,1,7.541018
ploshchad_lenina_1,ploshchad_lenina,Центр и вокзалы,True,рабочий,13,0.273061,0.225875,0.259881,0.241183,80,111832,0.032942,0.273061,0,4.092299
ploshchad_lenina_1,ploshchad_lenina,Центр и вокзалы,True,рабочий,14,0.170963,0.326047,0.231057,0.271932,80,161713,0.097979,0.326047,1,7.317344
ploshchad_lenina_1,ploshchad_lenina,Центр и вокзалы,True,рабочий,15,0.247189,0.209782,0.259749,0.28328,80,178576,0.043029,0.28328,3,7.888384
ploshchad_lenina_1,ploshchad_lenina,Центр и вокзалы,True,рабочий,16,0.219101,0.262736,0.242815,0.275348,80,253098,0.038084,0.275348,3,5.514893
ploshchad_lenina_1,ploshchad_lenina,Центр и вокзалы,True,рабочий,17,0.230074,0.263348,0.267006,0.239571,80,390635,0.030354,0.267006,2,15.346085
ploshchad_lenina_1,ploshchad_lenina,Центр и вокзалы,True,рабочий,18,0.298109,0.327392,0.237937,0.136561,80,377553,0.125502,0.327392,1,15.697184
ploshchad_lenina_1,ploshchad_lenina,Центр и вокзалы,True,рабочий,19,0.2715,0.22944,0.295986,0.203075,80,214527,0.067486,0.295986,2,12.656974
ploshchad_lenina_1,ploshchad_lenina,Центр и вокзалы,True,рабочий,20,0.365782,0.234796,0.233071,0.166351,80,137336,0.115782,0.365782,0,7.099393
ploshchad_lenina_1,ploshchad_lenina,Центр и вокзалы,True,рабочий,21,0.307142,0.233996,0.206789,0.252073,80,92882,0.059215,0.307142,0,5.854968
ploshchad_lenina_1,ploshchad_lenina,Центр и вокзалы,True,рабочий,22,0.413086,0.209463,0.2266,0.15085,80,98442,0.163086,0.413086,0,17.961964
ploshchad_lenina_1,ploshchad_lenina,Центр и вокзалы,True,рабочий,23,0.236884,0.246216,0.362446,0.154454,80,45651,0.112446,0.362446,2,7.366615
ploshchad_lenina_1,ploshchad_lenina,Центр и вокзалы,True,суббота,0,0.708215,0.278329,0.013456,0.0,16,1412,0.486544,0.708215,0,
ploshchad_lenina_1,ploshchad_lenina,Центр и вокзалы,True,суббота,5,0.023522,0.062937,0.371901,0.54164,16,1573,0.413541,0.54164,3,10.20105
ploshchad_lenina_1,ploshchad_lenina,Центр и вокзалы,True,суббота,6,0.163249,0.205086,0.272518,0.359147,16,6095,0.131665,0.359147,3,2.885724
ploshchad_lenina_1,ploshchad_lenina,Центр и вокзалы,True,суббота,7,0.236519,0.263748,0.205464,0.294269,16,11238,0.058017,0.294269,3,4.61625
ploshchad_lenina_1,ploshchad_lenina,Центр и вокзалы,True,суббота,8,0.283018,0.347976,0.198544,0.170463,16,17165,0.130993,0.347976,1,6.363061
ploshchad_lenina_1,ploshchad_lenina,Центр и вокзалы,True,суббота,9,0.210143,0.365724,0.263049,0.161084,16,16898,0.128773,0.365724,1,3.454127
ploshchad_lenina_1,ploshchad_lenina,Центр и вокзалы,True,суббота,10,0.174318,0.234142,0.250351,0.341188,16,21346,0.091539,0.341188,3,7.705281
ploshchad_lenina_1,ploshchad_lenina,Центр и вокзалы,True,суббота,11,0.182328,0.250116,0.282883,0.284674,16,17304,0.067672,0.284674,3,5.242932
ploshchad_lenina_1,ploshchad_lenina,Центр и вокзалы,True,суббота,12,0.286251,0.314573,0.173167,0.226009,16,24999,0.100824,0.314573,1,4.840715
ploshchad_lenina_1,ploshchad_lenina,Центр и вокзалы,True,суббота,13,0.301562,0.207527,0.239118,0.251793,16,20354,0.053356,0.301562,0,6.109496
ploshchad_lenina_1,ploshchad_lenina,Центр и вокзалы,True,суббота,14,0.143251,0.273295,0.220942,0.362512,16,29759,0.135808,0.362512,3,9.224367
ploshchad_lenina_1,ploshchad_lenina,Центр и вокзалы,True,суббота,15,0.231656,0.234519,0.310966,0.222858,16,23755,0.060966,0.310966,2,6.868886
ploshchad_lenina_1,ploshchad_lenina,Центр и вокзалы,True,суббота,16,0.166889,0.233322,0.267903,0.331886,16,32243,0.099789,0.331886,3,14.482717
ploshchad_lenina_1,ploshchad_lenina,Центр и вокзалы,True,суббота,17,0.179042,0.254118,0.308631,0.258209,16,27865,0.070958,0.308631,2,14.84331
ploshchad_lenina_1,ploshchad_lenina,Центр и вокзалы,True,суббота,18,0.175835,0.381854,0.29735,0.144962,16,33395,0.179203,0.381854,1,11.858533
ploshchad_lenina_1,ploshchad_lenina,Центр и вокзалы,True,суббота,19,0.22182,0.231258,0.300557,0.246365,16,38991,0.050557,0.300557,2,42.227863
ploshchad_lenina_1,ploshchad_lenina,Центр и вокзалы,True,суббота,20,0.324792,0.219753,0.266991,0.188464,16,32664,0.091783,0.324792,0,40.200561
ploshchad_lenina_1,ploshchad_lenina,Центр и вокзалы,True,суббота,21,0.288038,0.248084,0.183912,0.279966,16,24403,0.068004,0.288038,0,12.891308
ploshchad_lenina_1,ploshchad_lenina,Центр и вокзалы,True,суббота,22,0.445794,0.211328,0.20623,0.136648,16,30209,0.195794,0.445794,0,43.978291
ploshchad_lenina_1,ploshchad_lenina,Центр и вокзалы,True,суббота,23,0.194549,0.192468,0.42071,0.192273,16,15374,0.17071,0.42071,2,32.580191
ploshchad_lenina_2,ploshchad_lenina,Центр и вокзалы,True,воскресенье,5,0.142636,0.044961,0.482171,0.330233,17,645,0.312403,0.482171,2,3.358899
ploshchad_lenina_2,ploshchad_lenina,Центр и вокзалы,True,воскресенье,6,0.214224,0.232437,0.228968,0.324371,17,1153,0.074371,0.324371,3,3.543685
ploshchad_lenina_2,ploshchad_lenina,Центр и вокзалы,True,воскресенье,7,0.255402,0.237119,0.228809,0.27867,17,1805,0.034072,0.27867,3,1.537731
ploshchad_lenina_2,ploshchad_lenina,Центр и вокзалы,True,воскресенье,8,0.258819,0.264571,0.228144,0.248466,17,2608,0.02339,0.264571,1,1.105947
ploshchad_lenina_2,ploshchad_lenina,Центр и вокзалы,True,воскресенье,9,0.22695,0.274326,0.291631,0.207092,17,3525,0.065957,0.291631,2,1.202199
ploshchad_lenina_2,ploshchad_lenina,Центр и вокзалы,True,воскресенье,10,0.212355,0.284579,0.264365,0.238701,17,4403,0.048944,0.284579,1,1.693731
ploshchad_lenina_2,ploshchad_lenina,Центр и вокзалы,True,воскресенье,11,0.246175,0.258924,0.245943,0.248957,17,4314,0.008924,0.258924,1,1.987912
ploshchad_lenina_2,ploshchad_lenina,Центр и вокзалы,True,воскресенье,12,0.258445,0.25065,0.252848,0.238057,17,5003,0.011943,0.258445,0,2.221563
ploshchad_lenina_2,ploshchad_lenina,Центр и вокзалы,True,воскресенье,13,0.231859,0.264216,0.251962,0.251962,17,5223,0.018141,0.264216,1,1.717914
ploshchad_lenina_2,ploshchad_lenina,Центр и вокзалы,True,воскресенье,14,0.24766,0.284163,0.241108,0.227069,17,5342,0.034163,0.284163,1,1.423906
ploshchad_lenina_2,ploshchad_lenina,Центр и вокзалы,True,воскресенье,15,0.250378,0.248865,0.243381,0.257375,17,5288,0.007753,0.257375,3,1.945799
ploshchad_lenina_2,ploshchad_lenina,Центр и вокзалы,True,воскресенье,16,0.22437,0.239624,0.267293,0.268712,17,5638,0.036006,0.268712,3,2.471788
ploshchad_lenina_2,ploshchad_lenina,Центр и вокзалы,True,воскресенье,17,0.238429,0.263826,0.236257,0.261487,17,5985,0.025313,0.263826,1,2.069823
ploshchad_lenina_2,ploshchad_lenina,Центр и вокзалы,True,воскресенье,18,0.263449,0.25561,0.254688,0.226253,17,6506,0.023747,0.263449,0,2.145771
ploshchad_lenina_2,ploshchad_lenina,Центр и вокзалы,True,воскресенье,19,0.241197,0.260539,0.244338,0.253926,17,6049,0.014465,0.260539,1,2.432646
ploshchad_lenina_2,ploshchad_lenina,Центр и вокзалы,True,воскресенье,20,0.275176,0.234299,0.211746,0.278778,17,6385,0.053955,0.278778,3,15.816856
ploshchad_lenina_2,ploshchad_lenina,Центр и вокзалы,True,воскресенье,21,0.281504,0.266768,0.272612,0.179116,17,7872,0.070884,0.281504,0,36.39248
ploshchad_lenina_2,ploshchad_lenina,Центр и вокзалы,True,воскресенье,22,0.961538,0.038462,0.0,0.0,17,182,0.711538,0.961538,0,
ploshchad_lenina_2,ploshchad_lenina,Центр и вокзалы,True,рабочий,5,0.179374,0.048555,0.42175,0.350321,80,2492,0.272071,0.42175,2,
ploshchad_lenina_2,ploshchad_lenina,Центр и вокзалы,True,рабочий,6,0.128038,0.228216,0.272436,0.37131,80,8435,0.143746,0.37131,3,1.377505
ploshchad_lenina_2,ploshchad_lenina,Центр и вокзалы,True,рабочий,7,0.182713,0.207589,0.24976,0.359937,80,22954,0.109937,0.359937,3,2.166999
ploshchad_lenina_2,ploshchad_lenina,Центр и вокзалы,True,рабочий,8,0.250313,0.307114,0.250699,0.191874,80,41496,0.058126,0.307114,1,2.341889
ploshchad_lenina_2,ploshchad_lenina,Центр и вокзалы,True,рабочий,9,0.244299,0.265402,0.271642,0.218658,80,35256,0.037043,0.271642,2,1.36919
ploshchad_lenina_2,ploshchad_lenina,Центр и вокзалы,True,рабочий,10,0.233154,0.254099,0.250225,0.262522,80,35616,0.016846,0.262522,3,1.592037
ploshchad_lenina_2,ploshchad_lenina,Центр и вокзалы,True,рабочий,11,0.242427,0.246082,0.255925,0.255567,80,39117,0.011491,0.255925,2,1.385328
ploshchad_lenina_2,ploshchad_lenina,Центр и вокзалы,True,рабочий,12,0.205258,0.225976,0.273743,0.295024,79,55121,0.068767,0.295024,3,3.219325
ploshchad_lenina_2,ploshchad_lenina,Центр и вокзалы,True,рабочий,13,0.270946,0.259257,0.242232,0.227564,80,53040,0.030204,0.270946,0,2.328789
ploshchad_lenina_2,ploshchad_lenina,Центр и вокзалы,True,рабочий,14,0.219599,0.260312,0.247393,0.272695,80,65410,0.033007,0.272695,3,2.540869
ploshchad_lenina_2,ploshchad_lenina,Центр и вокзалы,True,рабочий,15,0.217734,0.220121,0.272778,0.289366,80,93017,0.062145,0.289366,3,4.571631
ploshchad_lenina_2,ploshchad_lenina,Центр и вокзалы,True,рабочий,16,0.21632,0.242664,0.247238,0.293779,80,122000,0.043779,0.293779,3,4.587713
ploshchad_lenina_2,ploshchad_lenina,Центр и вокзалы,True,рабочий,17,0.273509,0.256667,0.239139,0.230685,80,168693,0.030176,0.273509,0,6.757568
ploshchad_lenina_2,ploshchad_lenina,Центр и вокзалы,True,рабочий,18,0.330136,0.322714,0.198754,0.148397,80,156284,0.15285,0.330136,0,3.583024
ploshchad_lenina_2,ploshchad_lenina,Центр и вокзалы,True,рабочий,19,0.308582,0.277892,0.222891,0.190635,80,69599,0.086474,0.308582,0,2.17401
ploshchad_lenina_2,ploshchad_lenina,Центр и вокзалы,True,рабочий,20,0.320351,0.253047,0.204664,0.221937,80,42494,0.073399,0.320351,0,8.075705
ploshchad_lenina_2,ploshchad_lenina,Центр и вокзалы,True,рабочий,21,0.284852,0.253028,0.233524,0.228596,80,43426,0.037881,0.284852,0,38.737934
ploshchad_lenina_2,ploshchad_lenina,Центр и вокзалы,True,рабочий,22,0.975075,0.024925,0.0,0.0,80,1003,0.725075,0.975075,0,
ploshchad_lenina_2,ploshchad_lenina,Центр и вокзалы,True,суббота,5,0.224138,0.05665,0.445813,0.273399,16,406,0.219212,0.445813,2,
ploshchad_lenina_2,ploshchad_lenina,Центр и вокзалы,True,суббота,6,0.164797,0.249353,0.245902,0.339948,16,1159,0.089948,0.339948,3,1.30052
ploshchad_lenina_2,ploshchad_lenina,Центр и вокзалы,True,суббота,7,0.224018,0.213395,0.227714,0.334873,16,2165,0.084873,0.334873,3,1.255748
ploshchad_lenina_2,ploshchad_lenina,Центр и вокзалы,True,суббота,8,0.282498,0.239614,0.246315,0.231573,16,3731,0.032498,0.282498,0,3.277033
ploshchad_lenina_2,ploshchad_lenina,Центр и вокзалы,True,суббота,9,0.244676,0.278603,0.257801,0.21892,16,4038,0.036404,0.278603,1,1.346564
ploshchad_lenina_2,ploshchad_lenina,Центр и вокзалы,True,суббота,10,0.227356,0.246437,0.245517,0.28069,16,4350,0.03069,0.28069,3,1.873937
ploshchad_lenina_2,ploshchad_lenina,Центр и вокзалы,True,суббота,11,0.227085,0.25289,0.244426,0.275599,16,4844,0.028489,0.275599,3,1.457402
ploshchad_lenina_2,ploshchad_lenina,Центр и вокзалы,True,суббота,12,0.18827,0.216287,0.281534,0.313909,16,8031,0.095443,0.313909,3,3.750982
ploshchad_lenina_2,ploshchad_lenina,Центр и вокзалы,True,суббота,13,0.273401,0.256545,0.247606,0.222449,16,7831,0.029945,0.273401,0,4.682512
ploshchad_lenina_2,ploshchad_lenina,Центр и вокзалы,True,суббота,14,0.242411,0.24791,0.234162,0.275517,16,9092,0.025517,0.275517,3,4.346381
ploshchad_lenina_2,ploshchad_lenina,Центр и вокзалы,True,суббота,15,0.269613,0.230387,0.2677,0.2323,16,10452,0.037313,0.269613,0,5.129445
ploshchad_lenina_2,ploshchad_lenina,Центр и вокзалы,True,суббота,16,0.243964,0.261465,0.238271,0.256299,16,9485,0.017765,0.261465,1,2.41093
ploshchad_lenina_2,ploshchad_lenina,Центр и вокзалы,True,суббота,17,0.29671,0.26329,0.226319,0.213681,16,9575,0.06,0.29671,0,7.212633
ploshchad_lenina_2,ploshchad_lenina,Центр и вокзалы,True,суббота,18,0.276501,0.266955,0.251082,0.205461,16,9009,0.044539,0.276501,0,2.64875
ploshchad_lenina_2,ploshchad_lenina,Центр и вокзалы,True,суббота,19,0.266332,0.258369,0.247456,0.227843,16,6781,0.024701,0.266332,0,2.626523
ploshchad_lenina_2,ploshchad_lenina,Центр и вокзалы,True,суббота,20,0.31503,0.249834,0.207863,0.227273,16,6028,0.06503,0.31503,0,3.531337
ploshchad_lenina_2,ploshchad_lenina,Центр и вокзалы,True,суббота,21,0.235389,0.267041,0.294372,0.203198,16,9257,0.061413,0.294372,2,45.199505
ploshchad_lenina_2,ploshchad_lenina,Центр и вокзалы,True,суббота,22,0.983871,0.016129,0.0,0.0,16,186,0.733871,0.983871,0,
ploshchad_muzhestva_1,ploshchad_muzhestva,Прочие,False,воскресенье,0,0.62156,0.233945,0.139908,0.004587,17,436,0.37156,0.62156,0,3.469964
ploshchad_muzhestva_1,ploshchad_muzhestva,Прочие,False,воскресенье,5,0.001139,0.001139,0.381549,0.616173,17,878,0.497722,0.616173,3,1.453382
ploshchad_muzhestva_1,ploshchad_muzhestva,Прочие,False,воскресенье,6,0.20945,0.233938,0.240565,0.316047,17,3471,0.066047,0.316047,3,1.106463
ploshchad_muzhestva_1,ploshchad_muzhestva,Прочие,False,воскресенье,7,0.216398,0.246284,0.290408,0.24691,17,6391,0.040408,0.290408,2,1.438783
ploshchad_muzhestva_1,ploshchad_muzhestva,Прочие,False,воскресенье,8,0.235627,0.279115,0.241155,0.244103,17,8140,0.029115,0.279115,1,1.634179
ploshchad_muzhestva_1,ploshchad_muzhestva,Прочие,False,воскресенье,9,0.239002,0.275611,0.244289,0.241097,17,10025,0.025611,0.275611,1,1.04506
ploshchad_muzhestva_1,ploshchad_muzhestva,Прочие,False,воскресенье,10,0.229207,0.272799,0.257018,0.240976,17,11470,0.029817,0.272799,1,2.285323
ploshchad_muzhestva_1,ploshchad_muzhestva,Прочие,False,воскресенье,11,0.243469,0.265251,0.260753,0.230526,17,12671,0.026004,0.265251,1,1.848973
ploshchad_muzhestva_1,ploshchad_muzhestva,Прочие,False,воскресенье,12,0.2339,0.258608,0.250612,0.256879,17,13882,0.0161,0.258608,1,2.21669
ploshchad_muzhestva_1,ploshchad_muzhestva,Прочие,False,воскресенье,13,0.230109,0.263219,0.253985,0.252687,17,13863,0.019891,0.263219,1,1.919179
ploshchad_muzhestva_1,ploshchad_muzhestva,Прочие,False,воскресенье,14,0.245282,0.27694,0.242373,0.235406,17,14783,0.02694,0.27694,1,1.611042
ploshchad_muzhestva_1,ploshchad_muzhestva,Прочие,False,воскресенье,15,0.252559,0.261407,0.233913,0.252121,17,13676,0.016087,0.261407,1,2.291424
ploshchad_muzhestva_1,ploshchad_muzhestva,Прочие,False,воскресенье,16,0.2477,0.267763,0.249811,0.234726,17,13258,0.017763,0.267763,1,2.139832
ploshchad_muzhestva_1,ploshchad_muzhestva,Прочие,False,воскресенье,17,0.239772,0.258894,0.246887,0.254447,17,13492,0.013341,0.258894,1,1.659471
ploshchad_muzhestva_1,ploshchad_muzhestva,Прочие,False,воскресенье,18,0.260512,0.26976,0.246364,0.223364,17,12652,0.030272,0.26976,1,2.12096
ploshchad_muzhestva_1,ploshchad_muzhestva,Прочие,False,воскресенье,19,0.263645,0.267213,0.238284,0.230858,17,10370,0.030858,0.267213,1,1.747801
ploshchad_muzhestva_1,ploshchad_muzhestva,Прочие,False,воскресенье,20,0.286839,0.289326,0.233886,0.189948,17,9650,0.076166,0.289326,1,2.154454
ploshchad_muzhestva_1,ploshchad_muzhestva,Прочие,False,воскресенье,21,0.28895,0.291436,0.228315,0.191298,17,7240,0.080387,0.291436,1,1.621472
ploshchad_muzhestva_1,ploshchad_muzhestva,Прочие,False,воскресенье,22,0.289412,0.273711,0.247189,0.189688,17,4713,0.063123,0.289412,0,1.510994
ploshchad_muzhestva_1,ploshchad_muzhestva,Прочие,False,воскресенье,23,0.312479,0.275737,0.213174,0.19861,17,3021,0.088216,0.312479,0,1.383611
ploshchad_muzhestva_1,ploshchad_muzhestva,Прочие,False,рабочий,0,0.557829,0.312317,0.119833,0.010021,80,2395,0.370146,0.557829,0,0.863008
ploshchad_muzhestva_1,ploshchad_muzhestva,Прочие,False,рабочий,5,0.000317,0.000397,0.447222,0.552063,79,12600,0.499286,0.552063,3,1.283178
ploshchad_muzhestva_1,ploshchad_muzhestva,Прочие,False,рабочий,6,0.183538,0.211668,0.245666,0.359129,79,51973,0.109129,0.359129,3,1.532657
ploshchad_muzhestva_1,ploshchad_muzhestva,Прочие,False,рабочий,7,0.205254,0.213144,0.262489,0.319114,79,126234,0.081602,0.319114,3,2.95555
ploshchad_muzhestva_1,ploshchad_muzhestva,Прочие,False,рабочий,8,0.266341,0.290384,0.248297,0.194977,79,171025,0.056726,0.290384,1,3.182154
ploshchad_muzhestva_1,ploshchad_muzhestva,Прочие,False,рабочий,9,0.279205,0.282806,0.242261,0.195728,80,116069,0.062011,0.282806,1,2.293979
ploshchad_muzhestva_1,ploshchad_muzhestva,Прочие,False,рабочий,10,0.266521,0.271737,0.242079,0.219663,80,84361,0.038258,0.271737,1,2.049873
ploshchad_muzhestva_1,ploshchad_muzhestva,Прочие,False,рабочий,11,0.230766,0.247797,0.269067,0.25237,80,80913,0.021437,0.269067,2,2.875374
ploshchad_muzhestva_1,ploshchad_muzhestva,Прочие,False,рабочий,12,0.253688,0.251179,0.24336,0.251773,80,82491,0.00664,0.253688,0,2.681072
ploshchad_muzhestva_1,ploshchad_muzhestva,Прочие,False,рабочий,13,0.214843,0.244865,0.280043,0.26025,80,94832,0.040292,0.280043,2,4.103763
ploshchad_muzhestva_1,ploshchad_muzhestva,Прочие,False,рабочий,14,0.25661,0.256121,0.241932,0.245336,80,94018,0.012732,0.25661,0,2.538249
ploshchad_muzhestva_1,ploshchad_muzhestva,Прочие,False,рабочий,15,0.220607,0.232281,0.266474,0.280637,80,124121,0.047111,0.280637,3,4.986975
ploshchad_muzhestva_1,ploshchad_muzhestva,Прочие,False,рабочий,16,0.231775,0.256376,0.249498,0.262352,80,155280,0.018727,0.262352,3,3.307625
ploshchad_muzhestva_1,ploshchad_muzhestva,Прочие,False,рабочий,17,0.252536,0.253673,0.247037,0.246754,80,211863,0.006209,0.253673,1,6.013697
ploshchad_muzhestva_1,ploshchad_muzhestva,Прочие,False,рабочий,18,0.286738,0.304688,0.228215,0.180359,80,170033,0.091426,0.304688,1,3.698198
ploshchad_muzhestva_1,ploshchad_muzhestva,Прочие,False,рабочий,19,0.28629,0.267887,0.236066,0.209757,80,96507,0.054177,0.28629,0,2.064171
ploshchad_muzhestva_1,ploshchad_muzhestva,Прочие,False,рабочий,20,0.294222,0.288325,0.22171,0.195743,80,70705,0.082547,0.294222,0,1.92063
ploshchad_muzhestva_1,ploshchad_muzhestva,Прочие,False,рабочий,21,0.303464,0.274645,0.229031,0.19286,80,48823,0.078109,0.303464,0,1.81823
ploshchad_muzhestva_1,ploshchad_muzhestva,Прочие,False,рабочий,22,0.274772,0.280369,0.252382,0.192477,80,30014,0.057523,0.280369,1,1.446976
ploshchad_muzhestva_1,ploshchad_muzhestva,Прочие,False,рабочий,23,0.321433,0.275538,0.204019,0.19901,80,17366,0.096971,0.321433,0,1.503963
ploshchad_muzhestva_1,ploshchad_muzhestva,Прочие,False,суббота,0,0.646296,0.264815,0.088889,0.0,16,540,0.411111,0.646296,0,
ploshchad_muzhestva_1,ploshchad_muzhestva,Прочие,False,суббота,5,0.002521,0.005042,0.336134,0.656303,16,1190,0.492437,0.656303,3,3.533439
ploshchad_muzhestva_1,ploshchad_muzhestva,Прочие,False,суббота,6,0.181461,0.215356,0.261236,0.341948,16,5340,0.103184,0.341948,3,2.302027
ploshchad_muzhestva_1,ploshchad_muzhestva,Прочие,False,суббота,7,0.212083,0.201385,0.273338,0.313195,16,9534,0.086532,0.313195,3,2.362872
ploshchad_muzhestva_1,ploshchad_muzhestva,Прочие,False,суббота,8,0.243415,0.285703,0.257775,0.213107,16,12604,0.043478,0.285703,1,1.97807
ploshchad_muzhestva_1,ploshchad_muzhestva,Прочие,False,суббота,9,0.246757,0.262244,0.248958,0.242041,16,12721,0.012244,0.262244,1,2.304421
ploshchad_muzhestva_1,ploshchad_muzhestva,Прочие,False,суббота,10,0.242442,0.268035,0.255057,0.234467,16,13793,0.023091,0.268035,1,2.014958
ploshchad_muzhestva_1,ploshchad_muzhestva,Прочие,False,суббота,11,0.221261,0.263199,0.26619,0.24935,16,15380,0.029389,0.26619,2,2.176619
ploshchad_muzhestva_1,ploshchad_muzhestva,Прочие,False,суббота,12,0.250384,0.252968,0.255921,0.240726,16,16255,0.009274,0.255921,2,2.52605
ploshchad_muzhestva_1,ploshchad_muzhestva,Прочие,False,суббота,13,0.225266,0.24966,0.269017,0.256056,16,17668,0.025074,0.269017,2,4.013119
ploshchad_muzhestva_1,ploshchad_muzhestva,Прочие,False,суббота,14,0.255158,0.276195,0.231636,0.237011,16,17303,0.031353,0.276195,1,1.819752
ploshchad_muzhestva_1,ploshchad_muzhestva,Прочие,False,суббота,15,0.240606,0.260476,0.254815,0.244103,16,18017,0.015291,0.260476,1,3.19352
ploshchad_muzhestva_1,ploshchad_muzhestva,Прочие,False,суббота,16,0.25185,0.257544,0.259252,0.231353,16,15807,0.018647,0.259252,2,2.376529
ploshchad_muzhestva_1,ploshchad_muzhestva,Прочие,False,суббота,17,0.247151,0.269119,0.246012,0.237718,16,15796,0.019119,0.269119,1,1.76652
ploshchad_muzhestva_1,ploshchad_muzhestva,Прочие,False,суббота,18,0.258722,0.277197,0.240389,0.223691,16,14073,0.03592,0.277197,1,2.077298
ploshchad_muzhestva_1,ploshchad_muzhestva,Прочие,False,суббота,19,0.283574,0.254522,0.233236,0.228668,16,10946,0.038096,0.283574,0,3.322898
ploshchad_muzhestva_1,ploshchad_muzhestva,Прочие,False,суббота,20,0.279299,0.285522,0.236051,0.199129,16,9642,0.064821,0.285522,1,1.781673
ploshchad_muzhestva_1,ploshchad_muzhestva,Прочие,False,суббота,21,0.297746,0.274694,0.217128,0.210431,16,7765,0.07244,0.297746,0,1.167651
ploshchad_muzhestva_1,ploshchad_muzhestva,Прочие,False,суббота,22,0.276862,0.281978,0.238014,0.203146,16,5277,0.05884,0.281978,1,1.104017
ploshchad_muzhestva_1,ploshchad_muzhestva,Прочие,False,суббота,23,0.27596,0.273898,0.218758,0.231384,16,3881,0.049858,0.27596,0,2.013193
politekhnicheskaya_1,politekhnicheskaya,Прочие,False,воскресенье,0,0.578059,0.320675,0.088608,0.012658,17,237,0.398734,0.578059,0,
politekhnicheskaya_1,politekhnicheskaya,Прочие,False,воскресенье,5,0.0,0.0,0.28254,0.71746,17,630,0.5,0.71746,3,
politekhnicheskaya_1,politekhnicheskaya,Прочие,False,воскресенье,6,0.179851,0.281947,0.257268,0.280933,17,2958,0.070149,0.281947,1,1.79318
politekhnicheskaya_1,politekhnicheskaya,Прочие,False,воскресенье,7,0.2378,0.270746,0.229626,0.261828,17,4037,0.032574,0.270746,1,1.378544
politekhnicheskaya_1,politekhnicheskaya,Прочие,False,воскресенье,8,0.25315,0.252577,0.23845,0.255823,17,5238,0.01155,0.255823,3,2.118417
politekhnicheskaya_1,politekhnicheskaya,Прочие,False,воскресенье,9,0.229128,0.291812,0.240134,0.238926,17,7450,0.041812,0.291812,1,2.898633
politekhnicheskaya_1,politekhnicheskaya,Прочие,False,воскресенье,10,0.218871,0.259255,0.254768,0.267107,17,8023,0.031129,0.267107,3,3.502729
politekhnicheskaya_1,politekhnicheskaya,Прочие,False,воскресенье,11,0.245545,0.28445,0.238206,0.2318,17,8585,0.03445,0.28445,1,2.492927
politekhnicheskaya_1,politekhnicheskaya,Прочие,False,воскресенье,12,0.227444,0.266667,0.251572,0.254317,17,8745,0.022556,0.266667,1,1.460239
politekhnicheskaya_1,politekhnicheskaya,Прочие,False,воскресенье,13,0.23361,0.292744,0.256955,0.216691,17,12294,0.049699,0.292744,1,3.312251
politekhnicheskaya_1,politekhnicheskaya,Прочие,False,воскресенье,14,0.273672,0.268777,0.239912,0.217639,17,10012,0.042449,0.273672,0,2.103132
politekhnicheskaya_1,politekhnicheskaya,Прочие,False,воскресенье,15,0.25,0.235042,0.269358,0.245601,17,9092,0.019358,0.269358,2,6.624184
politekhnicheskaya_1,politekhnicheskaya,Прочие,False,воскресенье,16,0.244379,0.252266,0.259564,0.24379,17,8495,0.01183,0.259564,2,2.249949
politekhnicheskaya_1,politekhnicheskaya,Прочие,False,воскресенье,17,0.249488,0.246111,0.251176,0.253226,17,8293,0.004401,0.253226,3,1.798882
politekhnicheskaya_1,politekhnicheskaya,Прочие,False,воскресенье,18,0.263882,0.250386,0.255656,0.230077,17,7780,0.019923,0.263882,0,1.888107
politekhnicheskaya_1,politekhnicheskaya,Прочие,False,воскресенье,19,0.286846,0.244532,0.244691,0.22393,17,6310,0.036846,0.286846,0,2.256596
politekhnicheskaya_1,politekhnicheskaya,Прочие,False,воскресенье,20,0.284815,0.261467,0.245239,0.208478,17,6039,0.046282,0.284815,0,5.397236
politekhnicheskaya_1,politekhnicheskaya,Прочие,False,воскресенье,21,0.299562,0.273989,0.223088,0.203361,17,4106,0.073551,0.299562,0,2.041422
politekhnicheskaya_1,politekhnicheskaya,Прочие,False,воскресенье,22,0.30087,0.286261,0.220174,0.192696,17,2875,0.08713,0.30087,0,2.013789
politekhnicheskaya_1,politekhnicheskaya,Прочие,False,воскресенье,23,0.298788,0.278788,0.207879,0.214545,17,1650,0.077576,0.298788,0,1.122181
politekhnicheskaya_1,politekhnicheskaya,Прочие,False,рабочий,0,0.540559,0.333566,0.111888,0.013986,80,1430,0.374126,0.540559,0,
politekhnicheskaya_1,politekhnicheskaya,Прочие,False,рабочий,5,0.001145,0.000617,0.491631,0.506607,80,11352,0.498238,0.506607,3,1.463324
politekhnicheskaya_1,politekhnicheskaya,Прочие,False,рабочий,6,0.149838,0.240999,0.262544,0.346619,80,45162,0.109163,0.346619,3,1.911118
politekhnicheskaya_1,politekhnicheskaya,Прочие,False,рабочий,7,0.18949,0.214855,0.272139,0.323517,80,117521,0.095655,0.323517,3,10.398757
politekhnicheskaya_1,politekhnicheskaya,Прочие,False,рабочий,8,0.28713,0.277411,0.237555,0.197904,80,136440,0.064541,0.28713,0,4.163902
politekhnicheskaya_1,politekhnicheskaya,Прочие,False,рабочий,9,0.291374,0.277303,0.23258,0.198743,80,91676,0.068677,0.291374,0,3.50636
politekhnicheskaya_1,politekhnicheskaya,Прочие,False,рабочий,10,0.273631,0.268545,0.235573,0.222251,80,66056,0.042176,0.273631,0,2.058904
politekhnicheskaya_1,politekhnicheskaya,Прочие,False,рабочий,11,0.225834,0.235954,0.271636,0.266576,80,68382,0.038212,0.271636,2,4.167098
politekhnicheskaya_1,politekhnicheskaya,Прочие,False,рабочий,12,0.251896,0.241543,0.247331,0.259231,80,64622,0.011126,0.259231,3,2.966364
politekhnicheskaya_1,politekhnicheskaya,Прочие,False,рабочий,13,0.18575,0.210542,0.301004,0.302705,80,89949,0.103709,0.302705,3,9.747682
politekhnicheskaya_1,politekhnicheskaya,Прочие,False,рабочий,14,0.259984,0.259059,0.225524,0.255433,80,82182,0.024476,0.259984,0,4.741469
politekhnicheskaya_1,politekhnicheskaya,Прочие,False,рабочий,15,0.180236,0.197773,0.314019,0.307973,80,132804,0.121992,0.314019,2,13.427953
politekhnicheskaya_1,politekhnicheskaya,Прочие,False,рабочий,16,0.227728,0.241577,0.273939,0.256756,80,132285,0.030695,0.273939,2,4.626025
politekhnicheskaya_1,politekhnicheskaya,Прочие,False,рабочий,17,0.221006,0.260544,0.280893,0.237557,80,196719,0.041437,0.280893,2,13.668461
politekhnicheskaya_1,politekhnicheskaya,Прочие,False,рабочий,18,0.317587,0.280441,0.217185,0.184788,80,123623,0.098028,0.317587,0,3.146118
politekhnicheskaya_1,politekhnicheskaya,Прочие,False,рабочий,19,0.278117,0.268897,0.243701,0.209285,79,76360,0.047014,0.278117,0,3.08794
politekhnicheskaya_1,politekhnicheskaya,Прочие,False,рабочий,20,0.30533,0.257416,0.224434,0.21282,79,49422,0.062745,0.30533,0,4.012773
politekhnicheskaya_1,politekhnicheskaya,Прочие,False,рабочий,21,0.282193,0.300113,0.236698,0.180996,80,39675,0.082306,0.300113,1,6.994614
politekhnicheskaya_1,politekhnicheskaya,Прочие,False,рабочий,22,0.292947,0.276819,0.236654,0.19358,80,19594,0.069766,0.292947,0,1.841688
politekhnicheskaya_1,politekhnicheskaya,Прочие,False,рабочий,23,0.317389,0.278385,0.193335,0.210892,80,9512,0.095774,0.317389,0,1.619455
politekhnicheskaya_1,politekhnicheskaya,Прочие,False,суббота,0,0.669565,0.23913,0.086957,0.004348,16,230,0.419565,0.669565,0,
politekhnicheskaya_1,politekhnicheskaya,Прочие,False,суббота,5,0.00611,0.003055,0.244399,0.746436,16,982,0.496436,0.746436,3,2.45097
politekhnicheskaya_1,politekhnicheskaya,Прочие,False,суббота,6,0.185567,0.279859,0.24692,0.287654,16,3977,0.067513,0.287654,3,1.322751
politekhnicheskaya_1,politekhnicheskaya,Прочие,False,суббота,7,0.165705,0.179602,0.351549,0.303145,16,8491,0.154693,0.351549,2,20.501307
politekhnicheskaya_1,politekhnicheskaya,Прочие,False,суббота,8,0.257656,0.267589,0.229987,0.244768,16,8457,0.025245,0.267589,1,1.893149
politekhnicheskaya_1,politekhnicheskaya,Прочие,False,суббота,9,0.257975,0.266089,0.240636,0.235301,16,8997,0.024064,0.266089,1,1.822549
politekhnicheskaya_1,politekhnicheskaya,Прочие,False,суббота,10,0.257506,0.267374,0.246798,0.228322,16,9526,0.024879,0.267374,1,2.283396
politekhnicheskaya_1,politekhnicheskaya,Прочие,False,суббота,11,0.196269,0.215482,0.304927,0.283323,16,12544,0.088249,0.304927,2,11.633764
politekhnicheskaya_1,politekhnicheskaya,Прочие,False,суббота,12,0.247929,0.232001,0.250478,0.269591,16,10987,0.020069,0.269591,3,3.199457
politekhnicheskaya_1,politekhnicheskaya,Прочие,False,суббота,13,0.187697,0.21224,0.331546,0.268517,16,15850,0.100063,0.331546,2,8.356747
politekhnicheskaya_1,politekhnicheskaya,Прочие,False,суббота,14,0.269598,0.265558,0.228576,0.236268,16,12871,0.035157,0.269598,0,3.66935
politekhnicheskaya_1,politekhnicheskaya,Прочие,False,суббота,15,0.229047,0.226145,0.287985,0.256823,16,14473,0.044808,0.287985,2,10.072402
politekhnicheskaya_1,politekhnicheskaya,Прочие,False,суббота,16,0.259124,0.248175,0.246573,0.246128,16,11234,0.009124,0.259124,0,4.801535
politekhnicheskaya_1,politekhnicheskaya,Прочие,False,суббота,17,0.229937,0.246753,0.2664,0.25691,16,12012,0.02331,0.2664,2,4.385597
politekhnicheskaya_1,politekhnicheskaya,Прочие,False,суббота,18,0.286297,0.259289,0.239714,0.2147,16,11034,0.045586,0.286297,0,4.089562
politekhnicheskaya_1,politekhnicheskaya,Прочие,False,суббота,19,0.270637,0.278866,0.238898,0.211599,16,7656,0.049504,0.278866,1,1.570753
politekhnicheskaya_1,politekhnicheskaya,Прочие,False,суббота,20,0.280712,0.288091,0.235132,0.196064,16,6911,0.068803,0.288091,1,8.996659
politekhnicheskaya_1,politekhnicheskaya,Прочие,False,суббота,21,0.26614,0.281573,0.244683,0.207604,16,5313,0.047713,0.281573,1,3.045018
politekhnicheskaya_1,politekhnicheskaya,Прочие,False,суббота,22,0.299475,0.301226,0.216871,0.182428,16,3426,0.100701,0.301226,1,1.677423
politekhnicheskaya_1,politekhnicheskaya,Прочие,False,суббота,23,0.312139,0.25959,0.211771,0.2165,16,1903,0.071729,0.312139,0,1.269917
prospekt_veteranov_1,prospekt_veteranov,Спальные конечные,False,воскресенье,0,0.5,0.236842,0.092105,0.171053,17,76,0.25,0.5,0,
prospekt_veteranov_1,prospekt_veteranov,Спальные конечные,False,воскресенье,5,0.040936,0.027778,0.483918,0.447368,17,684,0.431287,0.483918,2,1.014152
prospekt_veteranov_1,prospekt_veteranov,Спальные конечные,False,воскресенье,6,0.112563,0.174636,0.329373,0.383427,17,3367,0.212801,0.383427,3,1.375124
prospekt_veteranov_1,prospekt_veteranov,Спальные конечные,False,воскресенье,7,0.260418,0.217338,0.241779,0.280464,17,5687,0.040883,0.280464,3,1.295996
prospekt_veteranov_1,prospekt_veteranov,Спальные конечные,False,воскресенье,8,0.216834,0.225594,0.263933,0.29364,17,7877,0.057573,0.29364,3,1.614898
prospekt_veteranov_1,prospekt_veteranov,Спальные конечные,False,воскресенье,9,0.263216,0.259196,0.260658,0.216931,17,8210,0.033069,0.263216,0,1.409099
prospekt_veteranov_1,prospekt_veteranov,Спальные конечные,False,воскресенье,10,0.241623,0.249968,0.243394,0.265015,17,7909,0.015015,0.265015,3,2.39095
prospekt_veteranov_1,prospekt_veteranov,Спальные конечные,False,воскресенье,11,0.254037,0.244905,0.249471,0.251587,17,8979,0.005624,0.254037,0,2.162701
prospekt_veteranov_1,prospekt_veteranov,Спальные конечные,False,воскресенье,12,0.25055,0.241971,0.25066,0.256819,17,9092,0.008029,0.256819,3,2.290616
prospekt_veteranov_1,prospekt_veteranov,Спальные конечные,False,воскресенье,13,0.247772,0.254775,0.24236,0.255093,17,9424,0.009868,0.255093,3,2.199624
prospekt_veteranov_1,prospekt_veteranov,Спальные конечные,False,воскресенье,14,0.263627,0.261257,0.233495,0.241621,17,8861,0.024884,0.263627,0,1.649928
prospekt_veteranov_1,prospekt_veteranov,Спальные конечные,False,воскресенье,15,0.256469,0.24413,0.237901,0.2615,17,8348,0.017968,0.2615,3,1.718888
prospekt_veteranov_1,prospekt_veteranov,Спальные конечные,False,воскресенье,16,0.248608,0.247017,0.232564,0.271811,17,7542,0.021811,0.271811,3,1.502348
prospekt_veteranov_1,prospekt_veteranov,Спальные конечные,False,воскресенье,17,0.250853,0.248294,0.23672,0.264133,17,8208,0.014985,0.264133,3,1.824993
prospekt_veteranov_1,prospekt_veteranov,Спальные конечные,False,воскресенье,18,0.257702,0.235356,0.24567,0.261272,17,7563,0.018974,0.261272,3,2.321488
prospekt_veteranov_1,prospekt_veteranov,Спальные конечные,False,воскресенье,19,0.272117,0.249805,0.22328,0.254798,17,6409,0.026915,0.272117,0,1.544871
prospekt_veteranov_1,prospekt_veteranov,Спальные конечные,False,воскресенье,20,0.22316,0.242159,0.243516,0.291164,17,6632,0.041164,0.291164,3,2.687745
prospekt_veteranov_1,prospekt_veteranov,Спальные конечные,False,воскресенье,21,0.348727,0.247087,0.237808,0.166379,17,4634,0.098727,0.348727,0,1.981313
prospekt_veteranov_1,prospekt_veteranov,Спальные конечные,False,воскресенье,22,0.271975,0.249113,0.245171,0.233741,17,2537,0.021975,0.271975,0,2.366903
prospekt_veteranov_1,prospekt_veteranov,Спальные конечные,False,воскресенье,23,0.30291,0.233466,0.261905,0.20172,17,1512,0.064815,0.30291,0,1.78553
prospekt_veteranov_1,prospekt_veteranov,Спальные конечные,False,рабочий,0,0.430642,0.242236,0.132505,0.194617,80,483,0.180642,0.430642,0,
prospekt_veteranov_1,prospekt_veteranov,Спальные конечные,False,рабочий,5,0.013058,0.009482,0.490477,0.486983,80,12023,0.47746,0.490477,2,0.818466
prospekt_veteranov_1,prospekt_veteranov,Спальные конечные,False,рабочий,6,0.107519,0.184282,0.315208,0.392991,80,61775,0.208199,0.392991,3,3.58601
prospekt_veteranov_1,prospekt_veteranov,Спальные конечные,False,рабочий,7,0.210269,0.225024,0.259386,0.305321,80,147140,0.064707,0.305321,3,1.532264
prospekt_veteranov_1,prospekt_veteranov,Спальные конечные,False,рабочий,8,0.294673,0.291353,0.225049,0.188925,80,166235,0.086026,0.294673,0,2.295753
prospekt_veteranov_1,prospekt_veteranov,Спальные конечные,False,рабочий,9,0.307867,0.277251,0.216686,0.198196,80,91455,0.085118,0.307867,0,1.85649
prospekt_veteranov_1,prospekt_veteranov,Спальные конечные,False,рабочий,10,0.289472,0.276408,0.224525,0.209595,80,56800,0.06588,0.289472,0,2.029033
prospekt_veteranov_1,prospekt_veteranov,Спальные конечные,False,рабочий,11,0.262319,0.255179,0.238776,0.243725,80,42433,0.017498,0.262319,0,1.883965
prospekt_veteranov_1,prospekt_veteranov,Спальные конечные,False,рабочий,12,0.25681,0.238082,0.246965,0.258143,80,40528,0.014953,0.258143,3,1.908781
prospekt_veteranov_1,prospekt_veteranov,Спальные конечные,False,рабочий,13,0.253008,0.249843,0.254263,0.242886,80,38232,0.007271,0.254263,2,1.842092
prospekt_veteranov_1,prospekt_veteranov,Спальные конечные,False,рабочий,14,0.251495,0.265406,0.241151,0.241947,80,36446,0.016902,0.265406,1,1.652489
prospekt_veteranov_1,prospekt_veteranov,Спальные конечные,False,рабочий,15,0.252063,0.241488,0.253322,0.253126,80,35745,0.008512,0.253322,2,1.745807
prospekt_veteranov_1,prospekt_veteranov,Спальные конечные,False,рабочий,16,0.231961,0.249094,0.258116,0.260829,80,36131,0.018945,0.260829,3,1.483274
prospekt_veteranov_1,prospekt_veteranov,Спальные конечные,False,рабочий,17,0.221837,0.252035,0.265137,0.26099,80,45335,0.028163,0.265137,2,1.81554
prospekt_veteranov_1,prospekt_veteranov,Спальные конечные,False,рабочий,18,0.277866,0.25293,0.234117,0.235088,80,47361,0.030795,0.277866,0,2.099223
prospekt_veteranov_1,prospekt_veteranov,Спальные конечные,False,рабочий,19,0.283728,0.268861,0.23165,0.215761,80,34237,0.052589,0.283728,0,1.82028
prospekt_veteranov_1,prospekt_veteranov,Спальные конечные,False,рабочий,20,0.238232,0.235784,0.253515,0.272469,80,30231,0.025983,0.272469,3,2.027115
prospekt_veteranov_1,prospekt_veteranov,Спальные конечные,False,рабочий,21,0.336124,0.24478,0.243402,0.175694,80,20308,0.086124,0.336124,0,1.605478
prospekt_veteranov_1,prospekt_veteranov,Спальные конечные,False,рабочий,22,0.258731,0.247688,0.252626,0.240955,80,11139,0.011356,0.258731,0,2.308957
prospekt_veteranov_1,prospekt_veteranov,Спальные конечные,False,рабочий,23,0.306487,0.232216,0.268098,0.1932,80,6382,0.074585,0.306487,0,2.655212
prospekt_veteranov_1,prospekt_veteranov,Спальные конечные,False,суббота,0,0.480519,0.207792,0.155844,0.155844,16,77,0.230519,0.480519,0,
prospekt_veteranov_1,prospekt_veteranov,Спальные конечные,False,суббота,5,0.030162,0.026682,0.461717,0.481439,16,862,0.443155,0.481439,3,0.663239
prospekt_veteranov_1,prospekt_veteranov,Спальные конечные,False,суббота,6,0.136856,0.196189,0.31139,0.355565,16,4618,0.166955,0.355565,3,2.131082
prospekt_veteranov_1,prospekt_veteranov,Спальные конечные,False,суббота,7,0.241515,0.221963,0.241638,0.294884,16,8132,0.044884,0.294884,3,1.163641
prospekt_veteranov_1,prospekt_veteranov,Спальные конечные,False,суббота,8,0.241386,0.246958,0.243615,0.268041,16,10767,0.018041,0.268041,3,1.326536
prospekt_veteranov_1,prospekt_veteranov,Спальные конечные,False,суббота,9,0.272836,0.266454,0.240527,0.220183,16,10028,0.03929,0.272836,0,1.629811
prospekt_veteranov_1,prospekt_veteranov,Спальные конечные,False,суббота,10,0.243237,0.264945,0.236001,0.255817,16,8983,0.020761,0.264945,1,1.387923
prospekt_veteranov_1,prospekt_veteranov,Спальные конечные,False,суббота,11,0.242216,0.258713,0.241669,0.257402,16,9153,0.016115,0.258713,1,1.606689
prospekt_veteranov_1,prospekt_veteranov,Спальные конечные,False,суббота,12,0.244588,0.242022,0.247936,0.265454,16,8962,0.015454,0.265454,3,1.768371
prospekt_veteranov_1,prospekt_veteranov,Спальные конечные,False,суббота,13,0.242471,0.262986,0.246726,0.247818,16,9164,0.012986,0.262986,1,1.935003
prospekt_veteranov_1,prospekt_veteranov,Спальные конечные,False,суббота,14,0.249718,0.270603,0.231881,0.247799,16,8858,0.020603,0.270603,1,1.495907
prospekt_veteranov_1,prospekt_veteranov,Спальные конечные,False,суббота,15,0.263338,0.246967,0.237428,0.252267,16,8491,0.015605,0.263338,0,2.202775
prospekt_veteranov_1,prospekt_veteranov,Спальные конечные,False,суббота,16,0.240101,0.266078,0.248676,0.245145,16,7930,0.016078,0.266078,1,1.466775
prospekt_veteranov_1,prospekt_veteranov,Спальные конечные,False,суббота,17,0.235806,0.237794,0.259784,0.266617,16,8049,0.026401,0.266617,3,1.835831
prospekt_veteranov_1,prospekt_veteranov,Спальные конечные,False,суббота,18,0.272602,0.254961,0.232635,0.239802,16,7256,0.027563,0.272602,0,1.560988
prospekt_veteranov_1,prospekt_veteranov,Спальные конечные,False,суббота,19,0.262351,0.234143,0.239361,0.264145,16,6133,0.026496,0.264145,3,2.058792
prospekt_veteranov_1,prospekt_veteranov,Спальные конечные,False,суббота,20,0.229568,0.220574,0.257021,0.292837,16,6338,0.049858,0.292837,3,2.171492
prospekt_veteranov_1,prospekt_veteranov,Спальные конечные,False,суббота,21,0.32537,0.244596,0.248009,0.182025,16,4395,0.07537,0.32537,0,1.236074
prospekt_veteranov_1,prospekt_veteranov,Спальные конечные,False,суббота,22,0.277959,0.224082,0.246939,0.25102,16,2450,0.02898,0.277959,0,2.34194
prospekt_veteranov_1,prospekt_veteranov,Спальные конечные,False,суббота,23,0.27076,0.233333,0.269006,0.226901,16,1710,0.039766,0.27076,0,2.469777
prospekt_veteranov_2,prospekt_veteranov,Спальные конечные,False,воскресенье,0,0.647059,0.268908,0.033613,0.05042,17,119,0.415966,0.647059,0,
prospekt_veteranov_2,prospekt_veteranov,Спальные конечные,False,воскресенье,5,0.008761,0.007544,0.498905,0.484789,17,4109,0.483694,0.498905,2,1.47622
prospekt_veteranov_2,prospekt_veteranov,Спальные конечные,False,воскресенье,6,0.188344,0.227779,0.263482,0.320396,17,16077,0.083878,0.320396,3,1.700294
prospekt_veteranov_2,prospekt_veteranov,Спальные конечные,False,воскресенье,7,0.241301,0.22901,0.248712,0.280976,17,22130,0.030976,0.280976,3,2.12088
prospekt_veteranov_2,prospekt_veteranov,Спальные конечные,False,воскресенье,8,0.241912,0.253524,0.232902,0.271661,17,25749,0.025185,0.271661,3,2.350538
prospekt_veteranov_2,prospekt_veteranov,Спальные конечные,False,воскресенье,9,0.26185,0.256326,0.238168,0.243657,17,28967,0.018176,0.26185,0,2.335062
prospekt_veteranov_2,prospekt_veteranov,Спальные конечные,False,воскресенье,10,0.25026,0.262019,0.236055,0.251667,17,29849,0.013945,0.262019,1,3.00907
prospekt_veteranov_2,prospekt_veteranov,Спальные конечные,False,воскресенье,11,0.26251,0.251547,0.244687,0.241257,17,31195,0.014057,0.26251,0,2.181155
prospekt_veteranov_2,prospekt_veteranov,Спальные конечные,False,воскресенье,12,0.248837,0.249743,0.246088,0.255331,17,33106,0.005331,0.255331,3,3.429777
prospekt_veteranov_2,prospekt_veteranov,Спальные конечные,False,воскресенье,13,0.249882,0.251242,0.265235,0.233641,17,33804,0.016477,0.265235,2,3.643852
prospekt_veteranov_2,prospekt_veteranov,Спальные конечные,False,воскресенье,14,0.263395,0.26565,0.230205,0.24075,17,31485,0.029046,0.26565,1,2.829982
prospekt_veteranov_2,prospekt_veteranov,Спальные конечные,False,воскресенье,15,0.251296,0.25641,0.243555,0.248739,17,28548,0.007706,0.25641,1,2.682341
prospekt_veteranov_2,prospekt_veteranov,Спальные конечные,False,воскресенье,16,0.245042,0.255107,0.256487,0.243364,17,26824,0.011594,0.256487,2,4.002661
prospekt_veteranov_2,prospekt_veteranov,Спальные конечные,False,воскресенье,17,0.254637,0.257833,0.244862,0.242669,17,26905,0.01247,0.257833,1,2.608449
prospekt_veteranov_2,prospekt_veteranov,Спальные конечные,False,воскресенье,18,0.279983,0.254175,0.2419,0.223943,17,23055,0.034157,0.279983,0,2.060139
prospekt_veteranov_2,prospekt_veteranov,Спальные конечные,False,воскресенье,19,0.286663,0.253947,0.240283,0.219107,17,18370,0.04061,0.286663,0,2.867616
prospekt_veteranov_2,prospekt_veteranov,Спальные конечные,False,воскресенье,20,0.278298,0.261061,0.243214,0.217427,17,14736,0.039359,0.278298,0,1.749072
prospekt_veteranov_2,prospekt_veteranov,Спальные конечные,False,воскресенье,21,0.301811,0.258588,0.225541,0.214059,17,10712,0.0604,0.301811,0,2.081966
prospekt_veteranov_2,prospekt_veteranov,Спальные конечные,False,воскресенье,22,0.290998,0.294033,0.22439,0.190579,17,6921,0.085031,0.294033,1,2.098783
prospekt_veteranov_2,prospekt_veteranov,Спальные конечные,False,воскресенье,23,0.304473,0.2757,0.21763,0.202197,17,3823,0.080173,0.304473,0,1.854546
prospekt_veteranov_2,prospekt_veteranov,Спальные конечные,False,рабочий,0,0.67035,0.265193,0.031308,0.033149,80,543,0.435543,0.67035,0,
prospekt_veteranov_2,prospekt_veteranov,Спальные конечные,False,рабочий,5,0.002693,0.001842,0.434419,0.561046,79,71659,0.495465,0.561046,3,1.717166
prospekt_veteranov_2,prospekt_veteranov,Спальные конечные,False,рабочий,6,0.172184,0.240724,0.252881,0.334211,79,265512,0.087092,0.334211,3,4.440154
prospekt_veteranov_2,prospekt_veteranov,Спальные конечные,False,рабочий,7,0.222035,0.226062,0.254891,0.297011,80,500884,0.051902,0.297011,3,8.546583
prospekt_veteranov_2,prospekt_veteranov,Спальные конечные,False,рабочий,8,0.293841,0.271269,0.231843,0.203047,80,535678,0.06511,0.293841,0,11.573459
prospekt_veteranov_2,prospekt_veteranov,Спальные конечные,False,рабочий,9,0.300137,0.28032,0.225707,0.193837,80,354345,0.080457,0.300137,0,8.986849
prospekt_veteranov_2,prospekt_veteranov,Спальные конечные,False,рабочий,10,0.284385,0.266786,0.227119,0.22171,80,231834,0.05117,0.284385,0,5.551927
prospekt_veteranov_2,prospekt_veteranov,Спальные конечные,False,рабочий,11,0.28062,0.250565,0.236487,0.232328,79,172183,0.031185,0.28062,0,4.270598
prospekt_veteranov_2,prospekt_veteranov,Спальные конечные,False,рабочий,12,0.251855,0.251386,0.246276,0.250484,80,166346,0.003724,0.251855,0,4.042244
prospekt_veteranov_2,prospekt_veteranov,Спальные конечные,False,рабочий,13,0.251693,0.258456,0.254488,0.235364,80,158491,0.014636,0.258456,1,3.309803
prospekt_veteranov_2,prospekt_veteranov,Спальные конечные,False,рабочий,14,0.26119,0.269682,0.230698,0.23843,80,135545,0.030872,0.269682,1,2.628853
prospekt_veteranov_2,prospekt_veteranov,Спальные конечные,False,рабочий,15,0.250606,0.247032,0.243658,0.258704,80,129534,0.00931,0.258704,3,3.066969
prospekt_veteranov_2,prospekt_veteranov,Спальные конечные,False,рабочий,16,0.233522,0.249214,0.259825,0.257439,80,137019,0.017264,0.259825,2,4.258404
prospekt_veteranov_2,prospekt_veteranov,Спальные конечные,False,рабочий,17,0.245338,0.249337,0.254502,0.250823,80,156812,0.005325,0.254502,2,3.639035
prospekt_veteranov_2,prospekt_veteranov,Спальные конечные,False,рабочий,18,0.276094,0.259629,0.244922,0.219356,80,142727,0.035722,0.276094,0,2.931444
prospekt_veteranov_2,prospekt_veteranov,Спальные конечные,False,рабочий,19,0.295849,0.269675,0.228035,0.20644,80,100024,0.065524,0.295849,0,2.990019
prospekt_veteranov_2,prospekt_veteranov,Спальные конечные,False,рабочий,20,0.282919,0.267259,0.231125,0.218697,79,69603,0.050177,0.282919,0,1.930334
prospekt_veteranov_2,prospekt_veteranov,Спальные конечные,False,рабочий,21,0.309852,0.261056,0.221871,0.207221,79,47442,0.070908,0.309852,0,2.046627
prospekt_veteranov_2,prospekt_veteranov,Спальные конечные,False,рабочий,22,0.282606,0.281618,0.240635,0.195141,80,30378,0.064224,0.282606,0,1.757866
prospekt_veteranov_2,prospekt_veteranov,Спальные конечные,False,рабочий,23,0.324067,0.274181,0.210713,0.191038,80,15756,0.098248,0.324067,0,1.627376
prospekt_veteranov_2,prospekt_veteranov,Спальные конечные,False,суббота,0,0.674699,0.198795,0.054217,0.072289,16,166,0.424699,0.674699,0,
prospekt_veteranov_2,prospekt_veteranov,Спальные конечные,False,суббота,5,0.006425,0.006598,0.480986,0.505991,16,5759,0.486977,0.505991,3,4.028738
prospekt_veteranov_2,prospekt_veteranov,Спальные конечные,False,суббота,6,0.201663,0.231805,0.260322,0.30621,16,21531,0.066532,0.30621,3,2.689037
prospekt_veteranov_2,prospekt_veteranov,Спальные конечные,False,суббота,7,0.235635,0.22885,0.242297,0.293218,16,32423,0.043218,0.293218,3,3.166232
prospekt_veteranov_2,prospekt_veteranov,Спальные конечные,False,суббота,8,0.268177,0.249388,0.232993,0.249443,16,36778,0.018177,0.268177,0,2.977555
prospekt_veteranov_2,prospekt_veteranov,Спальные конечные,False,суббота,9,0.279645,0.249952,0.230166,0.240236,16,36743,0.029645,0.279645,0,2.509655
prospekt_veteranov_2,prospekt_veteranov,Спальные конечные,False,суббота,10,0.259859,0.266067,0.236951,0.237123,16,34792,0.025926,0.266067,1,3.382826
prospekt_veteranov_2,prospekt_veteranov,Спальные конечные,False,суббота,11,0.270841,0.242865,0.248881,0.237412,16,33743,0.020841,0.270841,0,2.804912
prospekt_veteranov_2,prospekt_veteranov,Спальные конечные,False,суббота,12,0.247013,0.245491,0.25158,0.255916,16,34820,0.007496,0.255916,3,3.816663
prospekt_veteranov_2,prospekt_veteranov,Спальные конечные,False,суббота,13,0.247476,0.251201,0.25996,0.241363,16,35167,0.011161,0.25996,2,4.307793
prospekt_veteranov_2,prospekt_veteranov,Спальные конечные,False,суббота,14,0.262828,0.264868,0.237231,0.235073,16,33832,0.027696,0.264868,1,5.161314
prospekt_veteranov_2,prospekt_veteranov,Спальные конечные,False,суббота,15,0.251618,0.252529,0.238768,0.257086,16,32919,0.011232,0.257086,3,3.128546
prospekt_veteranov_2,prospekt_veteranov,Спальные конечные,False,суббота,16,0.254724,0.252366,0.240981,0.251928,16,29687,0.009019,0.254724,0,4.483783
prospekt_veteranov_2,prospekt_veteranov,Спальные конечные,False,суббота,17,0.248645,0.259488,0.243054,0.248814,16,29512,0.009488,0.259488,1,3.522207
prospekt_veteranov_2,prospekt_veteranov,Спальные конечные,False,суббота,18,0.271516,0.263853,0.240706,0.223925,16,25446,0.035369,0.271516,0,2.446918
prospekt_veteranov_2,prospekt_veteranov,Спальные конечные,False,суббота,19,0.282005,0.256921,0.240529,0.220545,16,19216,0.038926,0.282005,0,2.939953
prospekt_veteranov_2,prospekt_veteranov,Спальные конечные,False,суббота,20,0.273351,0.263222,0.2329,0.230528,16,15599,0.036573,0.273351,0,3.131336
prospekt_veteranov_2,prospekt_veteranov,Спальные конечные,False,суббота,21,0.2936,0.25417,0.226523,0.225707,16,11032,0.04777,0.2936,0,1.474493
prospekt_veteranov_2,prospekt_veteranov,Спальные конечные,False,суббота,22,0.284467,0.277952,0.241334,0.196247,16,7674,0.062419,0.284467,0,1.3497
prospekt_veteranov_2,prospekt_veteranov,Спальные конечные,False,суббота,23,0.287589,0.260541,0.237868,0.214002,16,5028,0.04813,0.287589,0,2.783387
pushkinskaya_1,pushkinskaya,Центр и вокзалы,False,воскресенье,0,0.731003,0.261398,0.00304,0.004559,17,658,0.492401,0.731003,0,0.85378
pushkinskaya_1,pushkinskaya,Центр и вокзалы,False,воскресенье,5,0.0,0.001642,0.472906,0.525452,17,609,0.498358,0.525452,3,
pushkinskaya_1,pushkinskaya,Центр и вокзалы,False,воскресенье,6,0.106811,0.26205,0.187825,0.443313,17,4419,0.205363,0.443313,3,10.729319
pushkinskaya_1,pushkinskaya,Центр и вокзалы,False,воскресенье,7,0.294616,0.180883,0.20125,0.323251,17,4959,0.117867,0.323251,3,3.139573
pushkinskaya_1,pushkinskaya,Центр и вокзалы,False,воскресенье,8,0.131728,0.404951,0.240631,0.222689,17,8806,0.154951,0.404951,1,5.305814
pushkinskaya_1,pushkinskaya,Центр и вокзалы,False,воскресенье,9,0.224276,0.344788,0.203852,0.227084,17,10331,0.094788,0.344788,1,5.751819
pushkinskaya_1,pushkinskaya,Центр и вокзалы,False,воскресенье,10,0.324786,0.310376,0.19678,0.168058,17,10062,0.135162,0.324786,0,5.966343
pushkinskaya_1,pushkinskaya,Центр и вокзалы,False,воскресенье,11,0.27061,0.200123,0.178681,0.350585,17,8115,0.121195,0.350585,3,12.651682
pushkinskaya_1,pushkinskaya,Центр и вокзалы,False,воскресенье,12,0.247719,0.221491,0.315351,0.215439,17,11400,0.065351,0.315351,2,8.843608
pushkinskaya_1,pushkinskaya,Центр и вокзалы,False,воскресенье,13,0.207657,0.386576,0.197346,0.208421,17,10474,0.136576,0.386576,1,5.515773
pushkinskaya_1,pushkinskaya,Центр и вокзалы,False,воскресенье,14,0.327751,0.313588,0.17529,0.183371,17,12003,0.14134,0.327751,0,5.351068
pushkinskaya_1,pushkinskaya,Центр и вокзалы,False,воскресенье,15,0.310847,0.185275,0.265387,0.238492,17,15728,0.076233,0.310847,0,8.229909
pushkinskaya_1,pushkinskaya,Центр и вокзалы,False,воскресенье,16,0.312246,0.207571,0.205237,0.274946,17,17989,0.087192,0.312246,0,6.612332
pushkinskaya_1,pushkinskaya,Центр и вокзалы,False,воскресенье,17,0.19579,0.143363,0.372441,0.288407,17,17243,0.160848,0.372441,2,4.020711
pushkinskaya_1,pushkinskaya,Центр и вокзалы,False,воскресенье,18,0.237644,0.173495,0.282646,0.306216,17,20577,0.088861,0.306216,3,4.322071
pushkinskaya_1,pushkinskaya,Центр и вокзалы,False,воскресенье,19,0.329016,0.239218,0.245632,0.186133,17,16370,0.079016,0.329016,0,3.263468
pushkinskaya_1,pushkinskaya,Центр и вокзалы,False,воскресенье,20,0.220409,0.284811,0.231353,0.263428,17,15807,0.048238,0.284811,1,7.787072
pushkinskaya_1,pushkinskaya,Центр и вокзалы,False,воскресенье,21,0.351975,0.27813,0.166804,0.203091,17,13393,0.130105,0.351975,0,4.554589
pushkinskaya_1,pushkinskaya,Центр и вокзалы,False,воскресенье,22,0.267292,0.319074,0.260538,0.153096,17,7995,0.096904,0.319074,1,3.469406
pushkinskaya_1,pushkinskaya,Центр и вокзалы,False,воскресенье,23,0.377761,0.281867,0.167764,0.172608,17,5162,0.159628,0.377761,0,4.394213
pushkinskaya_1,pushkinskaya,Центр и вокзалы,False,рабочий,0,0.69558,0.29013,0.010635,0.003656,80,3009,0.48571,0.69558,0,1.413183
pushkinskaya_1,pushkinskaya,Центр и вокзалы,False,рабочий,5,0.00316,0.002011,0.52054,0.474289,80,3481,0.494829,0.52054,2,5.672869
pushkinskaya_1,pushkinskaya,Центр и вокзалы,False,рабочий,6,0.081499,0.204591,0.209779,0.504131,80,42602,0.254131,0.504131,3,11.835165
pushkinskaya_1,pushkinskaya,Центр и вокзалы,False,рабочий,7,0.206632,0.187636,0.241672,0.364061,80,103653,0.114061,0.364061,3,11.792214
pushkinskaya_1,pushkinskaya,Центр и вокзалы,False,рабочий,8,0.248558,0.309655,0.238185,0.203602,80,154149,0.059655,0.309655,1,8.72287
pushkinskaya_1,pushkinskaya,Центр и вокзалы,False,рабочий,9,0.230437,0.319859,0.240989,0.208716,80,108698,0.069859,0.319859,1,6.546789
pushkinskaya_1,pushkinskaya,Центр и вокзалы,False,рабочий,10,0.306613,0.2771,0.223618,0.192669,80,79390,0.083713,0.306613,0,7.303082
pushkinskaya_1,pushkinskaya,Центр и вокзалы,False,рабочий,11,0.316551,0.170733,0.180028,0.332688,80,59924,0.149239,0.332688,3,4.354678
pushkinskaya_1,pushkinskaya,Центр и вокзалы,False,рабочий,12,0.237489,0.218739,0.31511,0.228663,80,72854,0.06511,0.31511,2,10.483312
pushkinskaya_1,pushkinskaya,Центр и вокзалы,False,рабочий,13,0.261562,0.274277,0.239758,0.224403,80,49625,0.035839,0.274277,1,3.768204
pushkinskaya_1,pushkinskaya,Центр и вокзалы,False,рабочий,14,0.23602,0.250143,0.228996,0.284841,80,52538,0.034984,0.284841,3,3.459966
pushkinskaya_1,pushkinskaya,Центр и вокзалы,False,рабочий,15,0.305854,0.193174,0.224654,0.276318,80,86404,0.082172,0.305854,0,7.931273
pushkinskaya_1,pushkinskaya,Центр и вокзалы,False,рабочий,16,0.270906,0.220985,0.240609,0.267499,80,112718,0.038406,0.270906,0,6.233774
pushkinskaya_1,pushkinskaya,Центр и вокзалы,False,рабочий,17,0.241631,0.190829,0.318984,0.248555,80,162475,0.068984,0.318984,2,8.82537
pushkinskaya_1,pushkinskaya,Центр и вокзалы,False,рабочий,18,0.370483,0.223275,0.211882,0.19436,80,170364,0.120483,0.370483,0,9.520515
pushkinskaya_1,pushkinskaya,Центр и вокзалы,False,рабочий,19,0.308079,0.264427,0.229058,0.198436,80,90558,0.072506,0.308079,0,1.805223
pushkinskaya_1,pushkinskaya,Центр и вокзалы,False,рабочий,20,0.268855,0.262093,0.238042,0.23101,80,70391,0.030949,0.268855,0,3.542528
pushkinskaya_1,pushkinskaya,Центр и вокзалы,False,рабочий,21,0.318435,0.275314,0.200345,0.205906,80,59158,0.093749,0.318435,0,8.218269
pushkinskaya_1,pushkinskaya,Центр и вокзалы,False,рабочий,22,0.318049,0.26447,0.251009,0.166472,80,37664,0.083528,0.318049,0,5.967963
pushkinskaya_1,pushkinskaya,Центр и вокзалы,False,рабочий,23,0.343578,0.260308,0.211838,0.184275,80,22385,0.103887,0.343578,0,2.5856
pushkinskaya_1,pushkinskaya,Центр и вокзалы,False,суббота,0,0.658405,0.340517,0.0,0.001078,16,928,0.498922,0.658405,0,
pushkinskaya_1,pushkinskaya,Центр и вокзалы,False,суббота,5,0.025391,0.027344,0.464844,0.482422,16,512,0.447266,0.482422,3,47.759128
pushkinskaya_1,pushkinskaya,Центр и вокзалы,False,суббота,6,0.074561,0.235965,0.161579,0.527895,16,5700,0.277895,0.527895,3,14.112599
pushkinskaya_1,pushkinskaya,Центр и вокзалы,False,суббота,7,0.284452,0.171638,0.212925,0.330986,16,7242,0.115438,0.330986,3,3.132071
pushkinskaya_1,pushkinskaya,Центр и вокзалы,False,суббота,8,0.15053,0.407322,0.220896,0.221252,16,11227,0.157322,0.407322,1,4.438815
pushkinskaya_1,pushkinskaya,Центр и вокзалы,False,суббота,9,0.179164,0.362221,0.202725,0.25589,16,9762,0.118111,0.362221,1,5.067045
pushkinskaya_1,pushkinskaya,Центр и вокзалы,False,суббота,10,0.300808,0.290665,0.201916,0.206612,16,10648,0.091473,0.300808,0,6.470354
pushkinskaya_1,pushkinskaya,Центр и вокзалы,False,суббота,11,0.319374,0.164471,0.190926,0.325228,16,8883,0.144602,0.325228,3,4.662324
pushkinskaya_1,pushkinskaya,Центр и вокзалы,False,суббота,12,0.245234,0.227126,0.289371,0.238269,16,11487,0.039371,0.289371,2,5.636208
pushkinskaya_1,pushkinskaya,Центр и вокзалы,False,суббота,13,0.233136,0.325528,0.221386,0.219949,16,11830,0.075528,0.325528,1,7.54582
pushkinskaya_1,pushkinskaya,Центр и вокзалы,False,суббота,14,0.292769,0.259,0.186692,0.261538,16,13000,0.063308,0.292769,0,8.961848
pushkinskaya_1,pushkinskaya,Центр и вокзалы,False,суббота,15,0.273307,0.195513,0.264115,0.267065,16,14577,0.054487,0.273307,0,14.896281
pushkinskaya_1,pushkinskaya,Центр и вокзалы,False,суббота,16,0.286359,0.231635,0.228358,0.253648,16,16172,0.040007,0.286359,0,8.530899
pushkinskaya_1,pushkinskaya,Центр и вокзалы,False,суббота,17,0.206948,0.168939,0.316221,0.307892,16,16207,0.124113,0.316221,2,14.37593
pushkinskaya_1,pushkinskaya,Центр и вокзалы,False,суббота,18,0.267736,0.18482,0.267947,0.279498,16,18959,0.06518,0.279498,3,11.037357
pushkinskaya_1,pushkinskaya,Центр и вокзалы,False,суббота,19,0.291783,0.241377,0.229964,0.236875,16,15772,0.041783,0.291783,0,8.018587
pushkinskaya_1,pushkinskaya,Центр и вокзалы,False,суббота,20,0.237991,0.242897,0.262451,0.25666,16,14677,0.019112,0.262451,2,16.366687
pushkinskaya_1,pushkinskaya,Центр и вокзалы,False,суббота,21,0.299215,0.288496,0.18704,0.22525,16,12222,0.087711,0.299215,0,5.997514
pushkinskaya_1,pushkinskaya,Центр и вокзалы,False,суббота,22,0.314913,0.215986,0.281732,0.187369,16,8107,0.096645,0.314913,0,4.723558
pushkinskaya_1,pushkinskaya,Центр и вокзалы,False,суббота,23,0.334029,0.25297,0.20305,0.209952,16,6230,0.086998,0.334029,0,5.695011
tekhnologichesky_institut_1,tekhnologichesky_institut,Центр и вокзалы,False,воскресенье,0,0.53494,0.392771,0.060241,0.012048,17,415,0.427711,0.53494,0,
tekhnologichesky_institut_1,tekhnologichesky_institut,Центр и вокзалы,False,воскресенье,5,0.02381,0.076923,0.417582,0.481685,17,546,0.399267,0.481685,3,2.135751
tekhnologichesky_institut_1,tekhnologichesky_institut,Центр и вокзалы,False,воскресенье,6,0.220472,0.251094,0.252843,0.275591,17,1143,0.029528,0.275591,3,1.955496
tekhnologichesky_institut_1,tekhnologichesky_institut,Центр и вокзалы,False,воскресенье,7,0.217461,0.198179,0.267809,0.316551,17,1867,0.08436,0.316551,3,1.094203
tekhnologichesky_institut_1,tekhnologichesky_institut,Центр и вокзалы,False,воскресенье,8,0.300651,0.273753,0.22256,0.203037,17,2305,0.074403,0.300651,0,1.448872
tekhnologichesky_institut_1,tekhnologichesky_institut,Центр и вокзалы,False,воскресенье,9,0.239559,0.299448,0.256895,0.204098,17,2538,0.056344,0.299448,1,1.441582
tekhnologichesky_institut_1,tekhnologichesky_institut,Центр и вокзалы,False,воскресенье,10,0.228216,0.255753,0.249717,0.266315,17,2651,0.022067,0.266315,3,1.281866
tekhnologichesky_institut_1,tekhnologichesky_institut,Центр и вокзалы,False,воскресенье,11,0.225016,0.253707,0.260799,0.260477,17,3102,0.024984,0.260799,2,1.183563
tekhnologichesky_institut_1,tekhnologichesky_institut,Центр и вокзалы,False,воскресенье,12,0.229783,0.245224,0.255954,0.26904,17,3821,0.024993,0.26904,3,1.218684
tekhnologichesky_institut_1,tekhnologichesky_institut,Центр и вокзалы,False,воскресенье,13,0.238645,0.256568,0.252885,0.251903,17,4073,0.011355,0.256568,1,1.601113
tekhnologichesky_institut_1,tekhnologichesky_institut,Центр и вокзалы,False,воскресенье,14,0.226857,0.288359,0.24303,0.241754,17,4699,0.038359,0.288359,1,1.801515
tekhnologichesky_institut_1,tekhnologichesky_institut,Центр и вокзалы,False,воскресенье,15,0.237505,0.254378,0.253097,0.255019,17,4682,0.012495,0.255019,3,1.686425
tekhnologichesky_institut_1,tekhnologichesky_institut,Центр и вокзалы,False,воскресенье,16,0.233236,0.252786,0.261584,0.252395,17,5115,0.016764,0.261584,2,1.391352
tekhnologichesky_institut_1,tekhnologichesky_institut,Центр и вокзалы,False,воскресенье,17,0.245333,0.280028,0.230011,0.244628,17,5678,0.030028,0.280028,1,1.893649
tekhnologichesky_institut_1,tekhnologichesky_institut,Центр и вокзалы,False,воскресенье,18,0.259,0.266656,0.24548,0.228865,17,6139,0.025656,0.266656,1,1.469157
tekhnologichesky_institut_1,tekhnologichesky_institut,Центр и вокзалы,False,воскресенье,19,0.247726,0.266809,0.238809,0.246656,17,5607,0.016809,0.266809,1,1.816306
tekhnologichesky_institut_1,tekhnologichesky_institut,Центр и вокзалы,False,воскресенье,20,0.270553,0.259922,0.249468,0.220057,17,5644,0.030475,0.270553,0,1.360465
tekhnologichesky_institut_1,tekhnologichesky_institut,Центр и вокзалы,False,воскресенье,21,0.281542,0.287072,0.226927,0.204459,17,5786,0.068614,0.287072,1,3.227783
tekhnologichesky_institut_1,tekhnologichesky_institut,Центр и вокзалы,False,воскресенье,22,0.337303,0.282682,0.20554,0.174476,17,3863,0.119984,0.337303,0,3.117767
tekhnologichesky_institut_1,tekhnologichesky_institut,Центр и вокзалы,False,воскресенье,23,0.310185,0.277778,0.218056,0.193981,17,2160,0.087963,0.310185,0,1.298435
tekhnologichesky_institut_1,tekhnologichesky_institut,Центр и вокзалы,False,рабочий,0,0.524069,0.396458,0.051317,0.028156,80,2202,0.420527,0.524069,0,1.444743
tekhnologichesky_institut_1,tekhnologichesky_institut,Центр и вокзалы,False,рабочий,5,0.029844,0.069789,0.352158,0.548209,80,2178,0.400367,0.548209,3,
tekhnologichesky_institut_1,tekhnologichesky_institut,Центр и вокзалы,False,рабочий,6,0.180971,0.230378,0.264352,0.324299,80,10626,0.08865,0.324299,3,0.88185
tekhnologichesky_institut_1,tekhnologichesky_institut,Центр и вокзалы,False,рабочий,7,0.210581,0.205949,0.272298,0.311172,80,22020,0.08347,0.311172,3,0.94548
tekhnologichesky_institut_1,tekhnologichesky_institut,Центр и вокзалы,False,рабочий,8,0.246352,0.27855,0.26515,0.209948,80,31865,0.0437,0.27855,1,1.355698
tekhnologichesky_institut_1,tekhnologichesky_institut,Центр и вокзалы,False,рабочий,9,0.262513,0.280513,0.242459,0.214515,80,24334,0.043026,0.280513,1,1.519211
tekhnologichesky_institut_1,tekhnologichesky_institut,Центр и вокзалы,False,рабочий,10,0.217349,0.245119,0.269736,0.267796,80,24739,0.037532,0.269736,2,1.631591
tekhnologichesky_institut_1,tekhnologichesky_institut,Центр и вокзалы,False,рабочий,11,0.234779,0.250237,0.250846,0.264139,80,29564,0.015221,0.264139,3,1.743479
tekhnologichesky_institut_1,tekhnologichesky_institut,Центр и вокзалы,False,рабочий,12,0.200873,0.292601,0.265591,0.240935,80,46278,0.058192,0.292601,1,3.605045
tekhnologichesky_institut_1,tekhnologichesky_institut,Центр и вокзалы,False,рабочий,13,0.271678,0.247199,0.2267,0.254423,80,50247,0.026101,0.271678,0,2.677766
tekhnologichesky_institut_1,tekhnologichesky_institut,Центр и вокзалы,False,рабочий,14,0.293738,0.282309,0.208155,0.215799,80,67373,0.076047,0.293738,0,4.067368
tekhnologichesky_institut_1,tekhnologichesky_institut,Центр и вокзалы,False,рабочий,15,0.224027,0.228492,0.274087,0.273394,80,77946,0.047482,0.274087,2,3.262113
tekhnologichesky_institut_1,tekhnologichesky_institut,Центр и вокзалы,False,рабочий,16,0.187521,0.226307,0.328234,0.257938,80,108185,0.086172,0.328234,2,6.267777
tekhnologichesky_institut_1,tekhnologichesky_institut,Центр и вокзалы,False,рабочий,17,0.223886,0.255439,0.278488,0.242187,80,136882,0.033927,0.278488,2,7.167352
tekhnologichesky_institut_1,tekhnologichesky_institut,Центр и вокзалы,False,рабочий,18,0.301685,0.343822,0.204978,0.149516,80,132307,0.145506,0.343822,1,4.589747
tekhnologichesky_institut_1,tekhnologichesky_institut,Центр и вокзалы,False,рабочий,19,0.271955,0.271984,0.226668,0.229394,80,68232,0.043938,0.271984,1,2.331009
tekhnologichesky_institut_1,tekhnologichesky_institut,Центр и вокзалы,False,рабочий,20,0.326581,0.28022,0.208388,0.184811,80,55435,0.106801,0.326581,0,2.741615
tekhnologichesky_institut_1,tekhnologichesky_institut,Центр и вокзалы,False,рабочий,21,0.297317,0.285536,0.218978,0.198169,80,39214,0.082853,0.297317,0,1.923275
tekhnologichesky_institut_1,tekhnologichesky_institut,Центр и вокзалы,False,рабочий,22,0.304664,0.290296,0.220146,0.184894,80,25474,0.09496,0.304664,0,3.469437
tekhnologichesky_institut_1,tekhnologichesky_institut,Центр и вокзалы,False,рабочий,23,0.332626,0.280433,0.203206,0.183735,80,13661,0.113059,0.332626,0,2.043815
tekhnologichesky_institut_1,tekhnologichesky_institut,Центр и вокзалы,False,суббота,0,0.575937,0.376726,0.029586,0.017751,16,507,0.452663,0.575937,0,
tekhnologichesky_institut_1,tekhnologichesky_institut,Центр и вокзалы,False,суббота,5,0.025822,0.107981,0.410798,0.455399,16,426,0.366197,0.455399,3,
tekhnologichesky_institut_1,tekhnologichesky_institut,Центр и вокзалы,False,суббота,6,0.206429,0.262143,0.268571,0.262857,16,1400,0.043571,0.268571,2,1.315289
tekhnologichesky_institut_1,tekhnologichesky_institut,Центр и вокзалы,False,суббота,7,0.238377,0.194166,0.260711,0.306746,16,2194,0.067457,0.306746,3,0.77837
tekhnologichesky_institut_1,tekhnologichesky_institut,Центр и вокзалы,False,суббота,8,0.284314,0.271008,0.255252,0.189426,16,2856,0.060574,0.284314,0,1.360185
tekhnologichesky_institut_1,tekhnologichesky_institut,Центр и вокзалы,False,суббота,9,0.243177,0.306158,0.227432,0.223233,16,2858,0.056158,0.306158,1,1.537853
tekhnologichesky_institut_1,tekhnologichesky_institut,Центр и вокзалы,False,суббота,10,0.212139,0.235191,0.292676,0.259994,16,3427,0.05267,0.292676,2,1.6047
tekhnologichesky_institut_1,tekhnologichesky_institut,Центр и вокзалы,False,суббота,11,0.219655,0.24398,0.260034,0.276332,16,4111,0.036366,0.276332,3,1.826998
tekhnologichesky_institut_1,tekhnologichesky_institut,Центр и вокзалы,False,суббота,12,0.199229,0.320931,0.265491,0.214349,16,6746,0.086422,0.320931,1,4.79829
tekhnologichesky_institut_1,tekhnologichesky_institut,Центр и вокзалы,False,суббота,13,0.225623,0.239311,0.243925,0.291141,16,6502,0.041141,0.291141,3,2.976088
tekhnologichesky_institut_1,tekhnologichesky_institut,Центр и вокзалы,False,суббота,14,0.335275,0.267615,0.208917,0.188193,16,8927,0.10289,0.335275,0,5.370731
tekhnologichesky_institut_1,tekhnologichesky_institut,Центр и вокзалы,False,суббота,15,0.245551,0.250144,0.242394,0.261912,16,6968,0.012055,0.261912,3,2.350972
tekhnologichesky_institut_1,tekhnologichesky_institut,Центр и вокзалы,False,суббота,16,0.202319,0.239135,0.335285,0.223261,16,8882,0.085285,0.335285,2,3.393652
tekhnologichesky_institut_1,tekhnologichesky_institut,Центр и вокзалы,False,суббота,17,0.253387,0.265079,0.244688,0.236846,16,7013,0.018466,0.265079,1,1.677423
tekhnologichesky_institut_1,tekhnologichesky_institut,Центр и вокзалы,False,суббота,18,0.264923,0.28221,0.232713,0.220154,16,6768,0.047134,0.28221,1,2.186828
tekhnologichesky_institut_1,tekhnologichesky_institut,Центр и вокзалы,False,суббота,19,0.262181,0.259397,0.242382,0.23604,16,6465,0.021578,0.262181,0,2.048487
tekhnologichesky_institut_1,tekhnologichesky_institut,Центр и вокзалы,False,суббота,20,0.278613,0.259775,0.242045,0.219566,16,6317,0.038388,0.278613,0,1.478111
tekhnologichesky_institut_1,tekhnologichesky_institut,Центр и вокзалы,False,суббота,21,0.283989,0.263975,0.234645,0.217391,16,5796,0.047964,0.283989,0,2.446019
tekhnologichesky_institut_1,tekhnologichesky_institut,Центр и вокзалы,False,суббота,22,0.296336,0.272612,0.226435,0.204618,16,4721,0.068947,0.296336,0,3.376396
tekhnologichesky_institut_1,tekhnologichesky_institut,Центр и вокзалы,False,суббота,23,0.325318,0.25495,0.21181,0.207921,16,2828,0.080269,0.325318,0,1.700796
vladimirskaya_1,vladimirskaya,Центр и вокзалы,False,воскресенье,0,0.711962,0.271292,0.005742,0.011005,17,2090,0.483254,0.711962,0,2.744476
vladimirskaya_1,vladimirskaya,Центр и вокзалы,False,воскресенье,5,0.006511,0.001915,0.517426,0.474148,17,2611,0.491574,0.517426,2,2.108303
vladimirskaya_1,vladimirskaya,Центр и вокзалы,False,воскресенье,6,0.264902,0.278866,0.237599,0.218633,17,4798,0.043768,0.278866,1,1.615727
vladimirskaya_1,vladimirskaya,Центр и вокзалы,False,воскресенье,7,0.277209,0.231792,0.240385,0.250614,17,4888,0.027823,0.277209,0,0.982166
vladimirskaya_1,vladimirskaya,Центр и вокзалы,False,воскресенье,8,0.224947,0.25769,0.272431,0.244933,17,7055,0.03012,0.272431,2,1.447192
vladimirskaya_1,vladimirskaya,Центр и вокзалы,False,воскресенье,9,0.253605,0.254419,0.251395,0.240581,17,8600,0.009419,0.254419,1,2.173184
vladimirskaya_1,vladimirskaya,Центр и вокзалы,False,воскресенье,10,0.23966,0.250544,0.257836,0.251959,17,9188,0.01034,0.257836,2,1.501279
vladimirskaya_1,vladimirskaya,Центр и вокзалы,False,воскресенье,11,0.228321,0.248789,0.258647,0.264244,17,11970,0.022891,0.264244,3,1.150489
vladimirskaya_1,vladimirskaya,Центр и вокзалы,False,воскресенье,12,0.259539,0.258096,0.242489,0.239876,17,14545,0.017635,0.259539,0,2.38891
vladimirskaya_1,vladimirskaya,Центр и вокзалы,False,воскресенье,13,0.234632,0.250668,0.258189,0.256511,17,16089,0.015368,0.258189,2,1.809922
vladimirskaya_1,vladimirskaya,Центр и вокзалы,False,воскресенье,14,0.245005,0.266811,0.234158,0.254026,17,18069,0.020837,0.266811,1,3.434912
vladimirskaya_1,vladimirskaya,Центр и вокзалы,False,воскресенье,15,0.248254,0.247805,0.250898,0.253043,17,20048,0.003941,0.253043,3,2.24425
vladimirskaya_1,vladimirskaya,Центр и вокзалы,False,воскресенье,16,0.241323,0.259406,0.263323,0.235948,17,21954,0.022729,0.263323,2,3.675568
vladimirskaya_1,vladimirskaya,Центр и вокзалы,False,воскресенье,17,0.244758,0.254472,0.24249,0.25828,17,23370,0.012751,0.25828,3,2.087064
vladimirskaya_1,vladimirskaya,Центр и вокзалы,False,воскресенье,18,0.268931,0.263154,0.23388,0.234036,17,25620,0.032084,0.268931,0,2.821085
vladimirskaya_1,vladimirskaya,Центр и вокзалы,False,воскресенье,19,0.271154,0.259487,0.237222,0.232137,17,23400,0.030641,0.271154,0,4.029456
vladimirskaya_1,vladimirskaya,Центр и вокзалы,False,воскресенье,20,0.276132,0.257555,0.234911,0.231401,17,23362,0.033687,0.276132,0,2.742169
vladimirskaya_1,vladimirskaya,Центр и вокзалы,False,воскресенье,21,0.282529,0.261319,0.237252,0.2189,17,24847,0.043848,0.282529,0,8.401863
vladimirskaya_1,vladimirskaya,Центр и вокзалы,False,воскресенье,22,0.303357,0.260823,0.242632,0.193188,17,18526,0.06418,0.303357,0,9.915175
vladimirskaya_1,vladimirskaya,Центр и вокзалы,False,воскресенье,23,0.281168,0.276788,0.217664,0.22438,17,13700,0.057956,0.281168,0,4.060607
vladimirskaya_1,vladimirskaya,Центр и вокзалы,False,рабочий,0,0.681756,0.304739,0.007049,0.006455,80,11774,0.486496,0.681756,0,2.74391
vladimirskaya_1,vladimirskaya,Центр и вокзалы,False,рабочий,5,0.010359,0.004244,0.517349,0.468048,80,8012,0.485397,0.517349,2,1.585113
vladimirskaya_1,vladimirskaya,Центр и вокзалы,False,рабочий,6,0.210251,0.257573,0.267832,0.264345,80,24661,0.039749,0.267832,2,1.505579
vladimirskaya_1,vladimirskaya,Центр и вокзалы,False,рабочий,7,0.237527,0.245346,0.246564,0.270563,80,36960,0.020563,0.270563,3,1.410021
vladimirskaya_1,vladimirskaya,Центр и вокзалы,False,рабочий,8,0.230892,0.281026,0.265683,0.222399,80,57226,0.04671,0.281026,1,1.643802
vladimirskaya_1,vladimirskaya,Центр и вокзалы,False,рабочий,9,0.252873,0.273911,0.250491,0.222724,80,52904,0.027276,0.273911,1,1.6429
vladimirskaya_1,vladimirskaya,Центр и вокзалы,False,рабочий,10,0.255198,0.259917,0.247829,0.237056,80,51705,0.015115,0.259917,1,1.447937
vladimirskaya_1,vladimirskaya,Центр и вокзалы,False,рабочий,11,0.226741,0.251852,0.265133,0.256273,80,56549,0.023259,0.265133,2,1.900641
vladimirskaya_1,vladimirskaya,Центр и вокзалы,False,рабочий,12,0.239013,0.248832,0.25408,0.258075,80,67833,0.012155,0.258075,3,2.252164
vladimirskaya_1,vladimirskaya,Центр и вокзалы,False,рабочий,13,0.248246,0.264132,0.249891,0.237732,80,77802,0.014132,0.264132,1,1.994087
vladimirskaya_1,vladimirskaya,Центр и вокзалы,False,рабочий,14,0.224685,0.257243,0.238377,0.279694,80,91221,0.036938,0.279694,3,3.571237
vladimirskaya_1,vladimirskaya,Центр и вокзалы,False,рабочий,15,0.262451,0.25072,0.240301,0.246528,80,103749,0.013171,0.262451,0,2.866317
vladimirskaya_1,vladimirskaya,Центр и вокзалы,False,рабочий,16,0.23426,0.245288,0.268534,0.251918,80,124584,0.020452,0.268534,2,2.476351
vladimirskaya_1,vladimirskaya,Центр и вокзалы,False,рабочий,17,0.255342,0.25159,0.237555,0.255514,80,162872,0.012445,0.255514,3,3.830496
vladimirskaya_1,vladimirskaya,Центр и вокзалы,False,рабочий,18,0.299321,0.279769,0.215369,0.205541,80,200233,0.07909,0.299321,0,3.835729
vladimirskaya_1,vladimirskaya,Центр и вокзалы,False,рабочий,19,0.29519,0.270712,0.22443,0.209668,80,147400,0.065902,0.29519,0,2.57215
vladimirskaya_1,vladimirskaya,Центр и вокзалы,False,рабочий,20,0.280584,0.263567,0.228642,0.227206,80,161602,0.044152,0.280584,0,4.174056
vladimirskaya_1,vladimirskaya,Центр и вокзалы,False,рабочий,21,0.303609,0.271955,0.221851,0.202585,80,150885,0.075564,0.303609,0,4.847129
vladimirskaya_1,vladimirskaya,Центр и вокзалы,False,рабочий,22,0.308199,0.281926,0.221404,0.188472,80,114569,0.090125,0.308199,0,9.953115
vladimirskaya_1,vladimirskaya,Центр и вокзалы,False,рабочий,23,0.292152,0.269708,0.215707,0.222433,80,73739,0.06186,0.292152,0,3.528316
vladimirskaya_1,vladimirskaya,Центр и вокзалы,False,суббота,0,0.699743,0.295694,0.003137,0.001426,16,3507,0.495438,0.699743,0,1.886752
vladimirskaya_1,vladimirskaya,Центр и вокзалы,False,суббота,5,0.021099,0.024043,0.475466,0.479392,16,2038,0.454858,0.479392,3,13.928058
vladimirskaya_1,vladimirskaya,Центр и вокзалы,False,суббота,6,0.242033,0.271451,0.242478,0.244038,16,4487,0.021451,0.271451,1,1.366899
vladimirskaya_1,vladimirskaya,Центр и вокзалы,False,суббота,7,0.268628,0.226295,0.24075,0.264326,16,5811,0.032955,0.268628,0,1.273406
vladimirskaya_1,vladimirskaya,Центр и вокзалы,False,суббота,8,0.246287,0.260149,0.254208,0.239356,16,8080,0.014356,0.260149,1,1.400429
vladimirskaya_1,vladimirskaya,Центр и вокзалы,False,суббота,9,0.235472,0.259302,0.26296,0.242266,16,9568,0.022262,0.26296,2,1.574045
vladimirskaya_1,vladimirskaya,Центр и вокзалы,False,суббота,10,0.232367,0.259502,0.254022,0.25411,16,11314,0.017633,0.259502,1,2.913855
vladimirskaya_1,vladimirskaya,Центр и вокзалы,False,суббота,11,0.207734,0.247775,0.280356,0.264134,16,14610,0.04449,0.280356,2,2.115881
vladimirskaya_1,vladimirskaya,Центр и вокзалы,False,суббота,12,0.244911,0.255722,0.252961,0.246406,16,17390,0.008683,0.255722,1,2.453904
vladimirskaya_1,vladimirskaya,Центр и вокзалы,False,суббота,13,0.237393,0.251478,0.266386,0.244744,16,19453,0.017864,0.266386,2,2.176726
vladimirskaya_1,vladimirskaya,Центр и вокзалы,False,суббота,14,0.230859,0.261574,0.243154,0.264412,16,22204,0.025986,0.264412,3,4.851885
vladimirskaya_1,vladimirskaya,Центр и вокзалы,False,суббота,15,0.257849,0.262652,0.242209,0.23729,16,26023,0.020501,0.262652,1,2.958308
vladimirskaya_1,vladimirskaya,Центр и вокзалы,False,суббота,16,0.25791,0.266938,0.244607,0.230545,16,25032,0.024848,0.266938,1,2.899945
vladimirskaya_1,vladimirskaya,Центр и вокзалы,False,суббота,17,0.251152,0.258785,0.235472,0.254591,16,26466,0.014528,0.258785,1,6.117287
vladimirskaya_1,vladimirskaya,Центр и вокзалы,False,суббота,18,0.258049,0.253811,0.242566,0.245574,16,29258,0.01186,0.258049,0,2.913555
vladimirskaya_1,vladimirskaya,Центр и вокзалы,False,суббота,19,0.282649,0.250746,0.23797,0.228636,16,26142,0.033395,0.282649,0,3.524777
vladimirskaya_1,vladimirskaya,Центр и вокзалы,False,суббота,20,0.274205,0.258805,0.233243,0.233747,16,25780,0.03301,0.274205,0,4.597403
vladimirskaya_1,vladimirskaya,Центр и вокзалы,False,суббота,21,0.274056,0.259366,0.229245,0.237332,16,26958,0.033422,0.274056,0,9.148712
vladimirskaya_1,vladimirskaya,Центр и вокзалы,False,суббота,22,0.285988,0.265029,0.24398,0.205004,16,22424,0.051017,0.285988,0,5.394679
vladimirskaya_1,vladimirskaya,Центр и вокзалы,False,суббота,23,0.260641,0.249544,0.241,0.248815,16,19195,0.010641,0.260641,0,3.904959
vosstaniya_1,vosstaniya,Центр и вокзалы,True,воскресенье,0,0.726888,0.269584,0.00247,0.001059,17,2834,0.496471,0.726888,0,1.621642
vosstaniya_1,vosstaniya,Центр и вокзалы,True,воскресенье,5,0.013889,0.003917,0.503561,0.478632,17,2808,0.482194,0.503561,2,5.076067
vosstaniya_1,vosstaniya,Центр и вокзалы,True,воскресенье,6,0.252007,0.268994,0.224379,0.25462,17,5357,0.025621,0.268994,1,2.551706
vosstaniya_1,vosstaniya,Центр и вокзалы,True,воскресенье,7,0.245601,0.228601,0.254846,0.270951,17,6706,0.025798,0.270951,3,1.121625
vosstaniya_1,vosstaniya,Центр и вокзалы,True,воскресенье,8,0.229518,0.254167,0.252854,0.263461,17,9899,0.020482,0.263461,3,2.315234
vosstaniya_1,vosstaniya,Центр и вокзалы,True,воскресенье,9,0.222605,0.28997,0.250674,0.236751,17,13360,0.040644,0.28997,1,1.728105
vosstaniya_1,vosstaniya,Центр и вокзалы,True,воскресенье,10,0.235725,0.255478,0.252731,0.256066,17,15289,0.014275,0.256066,3,2.106399
vosstaniya_1,vosstaniya,Центр и вокзалы,True,воскресенье,11,0.220377,0.267497,0.24773,0.264396,17,18060,0.031894,0.267497,1,2.28794
vosstaniya_1,vosstaniya,Центр и вокзалы,True,воскресенье,12,0.236515,0.246479,0.255313,0.261693,16,20375,0.017006,0.261693,3,2.319213
vosstaniya_1,vosstaniya,Центр и вокзалы,True,воскресенье,13,0.232515,0.258462,0.253106,0.255916,16,22777,0.017485,0.258462,1,2.405178
vosstaniya_1,vosstaniya,Центр и вокзалы,True,воскресенье,14,0.244314,0.263154,0.239773,0.252758,17,26646,0.015912,0.263154,1,1.427439
vosstaniya_1,vosstaniya,Центр и вокзалы,True,воскресенье,15,0.246492,0.25292,0.250121,0.250467,16,28934,0.003508,0.25292,1,2.710926
vosstaniya_1,vosstaniya,Центр и вокзалы,True,воскресенье,16,0.226654,0.257645,0.265196,0.250505,17,34171,0.023346,0.265196,2,5.656725
vosstaniya_1,vosstaniya,Центр и вокзалы,True,воскресенье,17,0.238564,0.252207,0.24903,0.260199,17,38409,0.012406,0.260199,3,2.379861
vosstaniya_1,vosstaniya,Центр и вокзалы,True,воскресенье,18,0.26125,0.258897,0.241916,0.237937,17,41221,0.020147,0.26125,0,3.442375
vosstaniya_1,vosstaniya,Центр и вокзалы,True,воскресенье,19,0.268148,0.261619,0.24611,0.224123,17,38751,0.029767,0.268148,0,2.635424
vosstaniya_1,vosstaniya,Центр и вокзалы,True,воскресенье,20,0.266205,0.259442,0.240372,0.23398,17,37704,0.025647,0.266205,0,4.550142
vosstaniya_1,vosstaniya,Центр и вокзалы,True,воскресенье,21,0.249266,0.230893,0.280866,0.238975,17,45285,0.030866,0.280866,2,44.224867
vosstaniya_1,vosstaniya,Центр и вокзалы,True,воскресенье,22,0.294357,0.257605,0.231817,0.21622,17,32379,0.051963,0.294357,0,33.134464
vosstaniya_1,vosstaniya,Центр и вокзалы,True,воскресенье,23,0.384277,0.261458,0.19282,0.161445,17,22757,0.145735,0.384277,0,8.976511
vosstaniya_1,vosstaniya,Центр и вокзалы,True,рабочий,0,0.704016,0.290751,0.004055,0.001177,80,15288,0.494767,0.704016,0,2.925069
vosstaniya_1,vosstaniya,Центр и вокзалы,True,рабочий,5,0.00663,0.003895,0.408669,0.580806,80,12066,0.489475,0.580806,3,3.399362
vosstaniya_1,vosstaniya,Центр и вокзалы,True,рабочий,6,0.201374,0.249303,0.246767,0.302556,80,39434,0.052556,0.302556,3,1.491544
vosstaniya_1,vosstaniya,Центр и вокзалы,True,рабочий,7,0.221613,0.236905,0.253664,0.287818,80,68922,0.041482,0.287818,3,1.384847
vosstaniya_1,vosstaniya,Центр и вокзалы,True,рабочий,8,0.230844,0.280355,0.258222,0.230578,80,101432,0.038578,0.280355,1,1.903979
vosstaniya_1,vosstaniya,Центр и вокзалы,True,рабочий,9,0.240946,0.276976,0.24751,0.234567,80,97503,0.026976,0.276976,1,2.271009
vosstaniya_1,vosstaniya,Центр и вокзалы,True,рабочий,10,0.238278,0.265532,0.247504,0.248686,80,98960,0.015532,0.265532,1,2.342337
vosstaniya_1,vosstaniya,Центр и вокзалы,True,рабочий,11,0.231158,0.25397,0.257211,0.257661,80,108934,0.018842,0.257661,3,1.770216
vosstaniya_1,vosstaniya,Центр и вокзалы,True,рабочий,12,0.24103,0.242801,0.25348,0.262688,80,129884,0.016168,0.262688,3,2.339588
vosstaniya_1,vosstaniya,Центр и вокзалы,True,рабочий,13,0.244666,0.253069,0.25757,0.244694,80,140183,0.01064,0.25757,2,2.397407
vosstaniya_1,vosstaniya,Центр и вокзалы,True,рабочий,14,0.241202,0.251377,0.250662,0.256758,80,155185,0.008798,0.256758,3,1.998038
vosstaniya_1,vosstaniya,Центр и вокзалы,True,рабочий,15,0.239806,0.24509,0.248396,0.266708,80,186601,0.016708,0.266708,3,3.403026
vosstaniya_1,vosstaniya,Центр и вокзалы,True,рабочий,16,0.233821,0.260444,0.252038,0.253697,80,238186,0.016179,0.260444,1,5.680797
vosstaniya_1,vosstaniya,Центр и вокзалы,True,рабочий,17,0.213274,0.269719,0.251927,0.26508,80,357794,0.036726,0.269719,1,11.750141
vosstaniya_1,vosstaniya,Центр и вокзалы,True,рабочий,18,0.264669,0.292579,0.247283,0.195469,80,428687,0.057248,0.292579,1,5.078305
vosstaniya_1,vosstaniya,Центр и вокзалы,True,рабочий,19,0.28816,0.268164,0.23863,0.205047,80,279102,0.056323,0.28816,0,6.425621
vosstaniya_1,vosstaniya,Центр и вокзалы,True,рабочий,20,0.279154,0.26771,0.233253,0.219883,80,225961,0.046864,0.279154,0,11.868022
vosstaniya_1,vosstaniya,Центр и вокзалы,True,рабочий,21,0.283519,0.261598,0.238048,0.216835,80,213213,0.045117,0.283519,0,21.223475
vosstaniya_1,vosstaniya,Центр и вокзалы,True,рабочий,22,0.298143,0.280117,0.22794,0.1938,80,172085,0.078261,0.298143,0,32.896684
vosstaniya_1,vosstaniya,Центр и вокзалы,True,рабочий,23,0.359648,0.267871,0.191121,0.181359,80,112065,0.12752,0.359648,0,5.794411
vosstaniya_1,vosstaniya,Центр и вокзалы,True,суббота,0,0.712655,0.285888,0.001457,0.0,16,4117,0.498543,0.712655,0,
vosstaniya_1,vosstaniya,Центр и вокзалы,True,суббота,5,0.015428,0.012623,0.435484,0.536466,16,2852,0.47195,0.536466,3,12.919219
vosstaniya_1,vosstaniya,Центр и вокзалы,True,суббота,6,0.236193,0.26557,0.227296,0.270942,16,5957,0.036512,0.270942,3,1.952697
vosstaniya_1,vosstaniya,Центр и вокзалы,True,суббота,7,0.243597,0.243013,0.239621,0.273769,16,8551,0.023769,0.273769,3,1.594854
vosstaniya_1,vosstaniya,Центр и вокзалы,True,суббота,8,0.223589,0.277917,0.248451,0.250042,16,11946,0.027959,0.277917,1,1.963163
vosstaniya_1,vosstaniya,Центр и вокзалы,True,суббота,9,0.225802,0.274066,0.245873,0.254259,16,15146,0.028324,0.274066,1,1.766685
vosstaniya_1,vosstaniya,Центр и вокзалы,True,суббота,10,0.229208,0.267776,0.249507,0.253509,16,17242,0.021285,0.267776,1,2.595944
vosstaniya_1,vosstaniya,Центр и вокзалы,True,суббота,11,0.231092,0.255001,0.247333,0.266575,16,20996,0.021576,0.266575,3,2.497005
vosstaniya_1,vosstaniya,Центр и вокзалы,True,суббота,12,0.241443,0.240105,0.24721,0.271242,16,23927,0.021242,0.271242,3,3.877402
vosstaniya_1,vosstaniya,Центр и вокзалы,True,суббота,13,0.235764,0.256069,0.261502,0.246666,16,26692,0.017571,0.261502,2,6.810937
vosstaniya_1,vosstaniya,Центр и вокзалы,True,суббота,14,0.246472,0.255948,0.248841,0.248739,16,29549,0.005948,0.255948,1,2.885191
vosstaniya_1,vosstaniya,Центр и вокзалы,True,суббота,15,0.246405,0.241732,0.253322,0.258541,16,32958,0.011864,0.258541,3,3.084009
vosstaniya_1,vosstaniya,Центр и вокзалы,True,суббота,16,0.234271,0.255876,0.25769,0.252163,16,35826,0.015729,0.25769,2,2.65964
vosstaniya_1,vosstaniya,Центр и вокзалы,True,суббота,17,0.246427,0.24929,0.247895,0.256389,16,41558,0.006389,0.256389,3,4.006013
vosstaniya_1,vosstaniya,Центр и вокзалы,True,суббота,18,0.263899,0.254828,0.246224,0.235049,16,42774,0.018726,0.263899,0,2.343742
vosstaniya_1,vosstaniya,Центр и вокзалы,True,суббота,19,0.27043,0.255543,0.241812,0.232215,16,40639,0.025973,0.27043,0,5.108165
vosstaniya_1,vosstaniya,Центр и вокзалы,True,суббота,20,0.264996,0.242462,0.246368,0.246174,16,41227,0.014996,0.264996,0,12.410603
vosstaniya_1,vosstaniya,Центр и вокзалы,True,суббота,21,0.295085,0.264374,0.234092,0.206449,16,44350,0.059459,0.295085,0,26.442821
vosstaniya_1,vosstaniya,Центр и вокзалы,True,суббота,22,0.283679,0.277492,0.235474,0.203356,16,34747,0.061171,0.283679,0,14.178018
vosstaniya_1,vosstaniya,Центр и вокзалы,True,суббота,23,0.330531,0.259288,0.206034,0.204146,16,28073,0.089819,0.330531,0,4.793518
vosstaniya_2,vosstaniya,Центр и вокзалы,True,воскресенье,0,0.795924,0.2,0.001902,0.002174,17,3680,0.545924,0.795924,0,4.712887
vosstaniya_2,vosstaniya,Центр и вокзалы,True,воскресенье,5,0.000483,0.000603,0.435795,0.563119,17,8286,0.498914,0.563119,3,5.000691
vosstaniya_2,vosstaniya,Центр и вокзалы,True,воскресенье,6,0.233304,0.205346,0.245908,0.315443,17,13806,0.065443,0.315443,3,24.493237
vosstaniya_2,vosstaniya,Центр и вокзалы,True,воскресенье,7,0.26186,0.223305,0.206055,0.30878,17,11594,0.07064,0.30878,3,9.433135
vosstaniya_2,vosstaniya,Центр и вокзалы,True,воскресенье,8,0.302761,0.235294,0.219127,0.242818,17,16082,0.052761,0.302761,0,15.011972
vosstaniya_2,vosstaniya,Центр и вокзалы,True,воскресенье,9,0.256712,0.306047,0.23277,0.204471,17,22722,0.062759,0.306047,1,25.950912
vosstaniya_2,vosstaniya,Центр и вокзалы,True,воскресенье,10,0.241226,0.21501,0.251928,0.291836,17,21399,0.043764,0.291836,3,25.569243
vosstaniya_2,vosstaniya,Центр и вокзалы,True,воскресенье,11,0.274826,0.24772,0.19744,0.280013,17,23906,0.05484,0.280013,3,12.997027
vosstaniya_2,vosstaniya,Центр и вокзалы,True,воскресенье,12,0.231254,0.227641,0.281223,0.259883,17,32380,0.041106,0.281223,2,11.142544
vosstaniya_2,vosstaniya,Центр и вокзалы,True,воскресенье,13,0.234425,0.19732,0.249986,0.318269,17,35602,0.068269,0.318269,3,8.609168
vosstaniya_2,vosstaniya,Центр и вокзалы,True,воскресенье,14,0.275338,0.220246,0.252115,0.252301,17,32382,0.029754,0.275338,0,11.421589
vosstaniya_2,vosstaniya,Центр и вокзалы,True,воскресенье,15,0.225325,0.231979,0.241999,0.300697,17,38025,0.050697,0.300697,3,8.112355
vosstaniya_2,vosstaniya,Центр и вокзалы,True,воскресенье,16,0.234817,0.245108,0.254795,0.26528,17,41394,0.020075,0.26528,3,6.719147
vosstaniya_2,vosstaniya,Центр и вокзалы,True,воскресенье,17,0.217269,0.260516,0.258744,0.26347,17,54177,0.032731,0.26347,3,6.275539
vosstaniya_2,vosstaniya,Центр и вокзалы,True,воскресенье,18,0.242672,0.290353,0.234702,0.232272,17,58849,0.040353,0.290353,1,16.527665
vosstaniya_2,vosstaniya,Центр и вокзалы,True,воскресенье,19,0.217469,0.262654,0.293517,0.22636,17,64446,0.056171,0.293517,2,11.272398
vosstaniya_2,vosstaniya,Центр и вокзалы,True,воскресенье,20,0.322843,0.263507,0.204811,0.208839,17,54621,0.08635,0.322843,0,5.70325
vosstaniya_2,vosstaniya,Центр и вокзалы,True,воскресенье,21,0.311951,0.266483,0.210575,0.210992,17,59955,0.078434,0.311951,0,24.502196
vosstaniya_2,vosstaniya,Центр и вокзалы,True,воскресенье,22,0.301214,0.274338,0.212442,0.212006,17,41263,0.075552,0.301214,0,16.25463
vosstaniya_2,vosstaniya,Центр и вокзалы,True,воскресенье,23,0.33267,0.27054,0.166599,0.230192,17,41687,0.10321,0.33267,0,36.088078
vosstaniya_2,vosstaniya,Центр и вокзалы,True,рабочий,0,0.768301,0.227754,0.002818,0.001127,74,15969,0.518301,0.768301,0,3.31431
vosstaniya_2,vosstaniya,Центр и вокзалы,True,рабочий,5,0.00092,0.00086,0.44846,0.54976,80,33702,0.49822,0.54976,3,4.071523
vosstaniya_2,vosstaniya,Центр и вокзалы,True,рабочий,6,0.22666,0.218955,0.239874,0.314511,80,61524,0.064511,0.314511,3,27.033851
vosstaniya_2,vosstaniya,Центр и вокзалы,True,рабочий,7,0.171385,0.217927,0.202358,0.40833,80,109578,0.15833,0.40833,3,26.135347
vosstaniya_2,vosstaniya,Центр и вокзалы,True,рабочий,8,0.246632,0.313289,0.207659,0.23242,80,140586,0.063289,0.313289,1,17.114325
vosstaniya_2,vosstaniya,Центр и вокзалы,True,рабочий,9,0.23176,0.339675,0.222645,0.20592,80,129453,0.089675,0.339675,1,23.200918
vosstaniya_2,vosstaniya,Центр и вокзалы,True,рабочий,10,0.271029,0.244376,0.243506,0.241089,80,131126,0.021029,0.271029,0,17.576183
vosstaniya_2,vosstaniya,Центр и вокзалы,True,рабочий,11,0.25933,0.25543,0.244635,0.240606,80,123584,0.014759,0.25933,0,11.677872
vosstaniya_2,vosstaniya,Центр и вокзалы,True,рабочий,12,0.236223,0.243258,0.26072,0.259798,80,148550,0.020518,0.26072,2,11.042727
vosstaniya_2,vosstaniya,Центр и вокзалы,True,рабочий,13,0.24664,0.20889,0.25083,0.29364,80,162277,0.04447,0.29364,3,6.750555
vosstaniya_2,vosstaniya,Центр и вокзалы,True,рабочий,14,0.28743,0.23045,0.234033,0.248087,80,140100,0.03743,0.28743,0,6.302783
vosstaniya_2,vosstaniya,Центр и вокзалы,True,рабочий,15,0.247095,0.24167,0.254446,0.256789,80,158340,0.011235,0.256789,3,3.603115
vosstaniya_2,vosstaniya,Центр и вокзалы,True,рабочий,16,0.211712,0.241018,0.261301,0.28597,80,206819,0.047271,0.28597,3,7.966607
vosstaniya_2,vosstaniya,Центр и вокзалы,True,рабочий,17,0.212446,0.237939,0.289958,0.259657,80,306389,0.049615,0.289958,2,9.99853
vosstaniya_2,vosstaniya,Центр и вокзалы,True,рабочий,18,0.277387,0.271687,0.245549,0.205377,80,314056,0.049074,0.277387,0,6.742333
vosstaniya_2,vosstaniya,Центр и вокзалы,True,рабочий,19,0.226419,0.262713,0.285349,0.225519,80,290956,0.048062,0.285349,2,9.436138
vosstaniya_2,vosstaniya,Центр и вокзалы,True,рабочий,20,0.308704,0.255996,0.210865,0.224435,80,227273,0.0647,0.308704,0,5.273236
vosstaniya_2,vosstaniya,Центр и вокзалы,True,рабочий,21,0.282467,0.267762,0.227738,0.222033,80,252769,0.05023,0.282467,0,11.254784
vosstaniya_2,vosstaniya,Центр и вокзалы,True,рабочий,22,0.299871,0.288565,0.212921,0.198642,80,171857,0.088437,0.299871,0,10.542432
vosstaniya_2,vosstaniya,Центр и вокзалы,True,рабочий,23,0.331326,0.265572,0.155815,0.247287,80,177037,0.096898,0.331326,0,28.526484
vosstaniya_2,vosstaniya,Центр и вокзалы,True,суббота,0,0.759459,0.238707,0.001834,0.0,15,4361,0.509459,0.759459,0,
vosstaniya_2,vosstaniya,Центр и вокзалы,True,суббота,5,0.013546,0.012065,0.450206,0.524182,16,9449,0.474389,0.524182,3,57.046601
vosstaniya_2,vosstaniya,Центр и вокзалы,True,суббота,6,0.270761,0.222496,0.202763,0.30398,16,12162,0.074741,0.30398,3,20.26934
vosstaniya_2,vosstaniya,Центр и вокзалы,True,суббота,7,0.279893,0.224312,0.199541,0.296254,16,13080,0.076147,0.296254,3,12.322869
vosstaniya_2,vosstaniya,Центр и вокзалы,True,суббота,8,0.294261,0.257236,0.211135,0.237368,16,18069,0.051497,0.294261,0,12.075235
vosstaniya_2,vosstaniya,Центр и вокзалы,True,суббота,9,0.241065,0.319358,0.231021,0.208556,16,22301,0.069358,0.319358,1,24.395702
vosstaniya_2,vosstaniya,Центр и вокзалы,True,суббота,10,0.212443,0.22804,0.262165,0.297352,16,23531,0.059517,0.297352,3,19.055101
vosstaniya_2,vosstaniya,Центр и вокзалы,True,суббота,11,0.272137,0.254168,0.203991,0.269703,16,24653,0.046009,0.272137,0,12.02314
vosstaniya_2,vosstaniya,Центр и вокзалы,True,суббота,12,0.245792,0.226525,0.267166,0.260517,16,30831,0.027683,0.267166,2,11.624147
vosstaniya_2,vosstaniya,Центр и вокзалы,True,суббота,13,0.238139,0.210326,0.258161,0.293374,16,35811,0.051534,0.293374,3,13.300418
vosstaniya_2,vosstaniya,Центр и вокзалы,True,суббота,14,0.276091,0.227719,0.239686,0.256503,16,31754,0.032594,0.276091,0,10.385122
vosstaniya_2,vosstaniya,Центр и вокзалы,True,суббота,15,0.243077,0.222219,0.251059,0.283645,16,36581,0.034704,0.283645,3,8.622737
vosstaniya_2,vosstaniya,Центр и вокзалы,True,суббота,16,0.243123,0.247238,0.245714,0.263925,16,39371,0.013925,0.263925,3,6.377716
vosstaniya_2,vosstaniya,Центр и вокзалы,True,суббота,17,0.222503,0.251538,0.251306,0.274653,16,51869,0.027497,0.274653,3,4.276067
vosstaniya_2,vosstaniya,Центр и вокзалы,True,суббота,18,0.263867,0.270777,0.22551,0.239846,16,54410,0.034644,0.270777,1,6.059279
vosstaniya_2,vosstaniya,Центр и вокзалы,True,суббота,19,0.223367,0.245746,0.288839,0.242047,16,59476,0.038839,0.288839,2,8.248414
vosstaniya_2,vosstaniya,Центр и вокзалы,True,суббота,20,0.308115,0.26428,0.214021,0.213584,16,52607,0.072395,0.308115,0,4.676601
vosstaniya_2,vosstaniya,Центр и вокзалы,True,суббота,21,0.287803,0.258086,0.225742,0.228369,16,56702,0.045889,0.287803,0,15.278693
vosstaniya_2,vosstaniya,Центр и вокзалы,True,суббота,22,0.295359,0.268654,0.221825,0.214161,16,42538,0.064013,0.295359,0,12.657612
vosstaniya_2,vosstaniya,Центр и вокзалы,True,суббота,23,0.342523,0.281,0.162785,0.213691,16,41822,0.123524,0.342523,0,31.984296
vyborgskaya_1,vyborgskaya,Прочие,False,воскресенье,0,0.543624,0.35906,0.097315,0.0,17,298,0.402685,0.543624,0,
vyborgskaya_1,vyborgskaya,Прочие,False,воскресенье,5,0.006369,0.004246,0.118896,0.870488,17,471,0.620488,0.870488,3,0.178832
vyborgskaya_1,vyborgskaya,Прочие,False,воскресенье,6,0.213542,0.244141,0.236328,0.30599,17,1536,0.05599,0.30599,3,2.112563
vyborgskaya_1,vyborgskaya,Прочие,False,воскресенье,7,0.293724,0.21965,0.228909,0.257716,17,3888,0.05144,0.293724,0,0.707212
vyborgskaya_1,vyborgskaya,Прочие,False,воскресенье,8,0.287247,0.268031,0.223359,0.221363,17,4007,0.055278,0.287247,0,0.929489
vyborgskaya_1,vyborgskaya,Прочие,False,воскресенье,9,0.26623,0.278812,0.247358,0.207599,17,3974,0.045043,0.278812,1,1.527961
vyborgskaya_1,vyborgskaya,Прочие,False,воскресенье,10,0.249375,0.245127,0.264118,0.241379,17,4002,0.014118,0.264118,2,1.914712
vyborgskaya_1,vyborgskaya,Прочие,False,воскресенье,11,0.208841,0.250981,0.261103,0.279075,17,4841,0.041159,0.279075,3,1.797012
vyborgskaya_1,vyborgskaya,Прочие,False,воскресенье,12,0.242984,0.254915,0.244833,0.257268,17,5951,0.012183,0.257268,3,2.001725
vyborgskaya_1,vyborgskaya,Прочие,False,воскресенье,13,0.222848,0.242346,0.260472,0.274334,17,6565,0.034806,0.274334,3,2.528488
vyborgskaya_1,vyborgskaya,Прочие,False,воскресенье,14,0.252647,0.274504,0.240701,0.232148,17,7366,0.027152,0.274504,1,1.971065
vyborgskaya_1,vyborgskaya,Прочие,False,воскресенье,15,0.264875,0.262956,0.241695,0.230474,17,6773,0.027831,0.264875,0,1.860385
vyborgskaya_1,vyborgskaya,Прочие,False,воскресенье,16,0.237797,0.26519,0.247268,0.249745,17,6863,0.01519,0.26519,1,1.284562
vyborgskaya_1,vyborgskaya,Прочие,False,воскресенье,17,0.253829,0.239167,0.257494,0.249509,17,7639,0.011323,0.257494,2,2.82236
vyborgskaya_1,vyborgskaya,Прочие,False,воскресенье,18,0.272771,0.25,0.252422,0.224806,17,8256,0.025194,0.272771,0,2.861073
vyborgskaya_1,vyborgskaya,Прочие,False,воскресенье,19,0.259326,0.225523,0.269927,0.245225,17,9999,0.029253,0.269927,2,2.392947
vyborgskaya_1,vyborgskaya,Прочие,False,воскресенье,20,0.359609,0.268397,0.197547,0.174446,17,8398,0.128007,0.359609,0,1.838179
vyborgskaya_1,vyborgskaya,Прочие,False,воскресенье,21,0.306813,0.276752,0.2132,0.203235,17,6121,0.083565,0.306813,0,2.593713
vyborgskaya_1,vyborgskaya,Прочие,False,воскресенье,22,0.30084,0.265625,0.253498,0.180037,17,4288,0.069963,0.30084,0,3.478482
vyborgskaya_1,vyborgskaya,Прочие,False,воскресенье,23,0.325301,0.320964,0.195181,0.158554,17,2075,0.146265,0.325301,0,1.133797
vyborgskaya_1,vyborgskaya,Прочие,False,рабочий,0,0.53194,0.356562,0.098142,0.013357,80,1722,0.388502,0.53194,0,
vyborgskaya_1,vyborgskaya,Прочие,False,рабочий,5,0.008077,0.004038,0.213276,0.774609,80,3962,0.524609,0.774609,3,2.095749
vyborgskaya_1,vyborgskaya,Прочие,False,рабочий,6,0.205708,0.237001,0.236382,0.320908,80,14540,0.070908,0.320908,3,1.00177
vyborgskaya_1,vyborgskaya,Прочие,False,рабочий,7,0.227913,0.214683,0.244895,0.312509,80,41042,0.062509,0.312509,3,1.261567
vyborgskaya_1,vyborgskaya,Прочие,False,рабочий,8,0.267434,0.289256,0.257401,0.185908,80,60901,0.064092,0.289256,1,1.884618
vyborgskaya_1,vyborgskaya,Прочие,False,рабочий,9,0.254315,0.270861,0.247442,0.227382,80,44964,0.025176,0.270861,1,1.5057
vyborgskaya_1,vyborgskaya,Прочие,False,рабочий,10,0.23865,0.256833,0.254352,0.250165,80,43943,0.01135,0.256833,1,1.598734
vyborgskaya_1,vyborgskaya,Прочие,False,рабочий,11,0.213222,0.24416,0.278857,0.263761,80,52396,0.042618,0.278857,2,2.39446
vyborgskaya_1,vyborgskaya,Прочие,False,рабочий,12,0.238125,0.269057,0.244813,0.248005,80,65789,0.019057,0.269057,1,2.424878
vyborgskaya_1,vyborgskaya,Прочие,False,рабочий,13,0.241336,0.250469,0.2505,0.257696,80,65038,0.008664,0.257696,3,2.675706
vyborgskaya_1,vyborgskaya,Прочие,False,рабочий,14,0.20984,0.240994,0.284257,0.264909,80,95463,0.049166,0.284257,2,4.776867
vyborgskaya_1,vyborgskaya,Прочие,False,рабочий,15,0.209163,0.216146,0.244122,0.330569,80,141335,0.080569,0.330569,3,7.930311
vyborgskaya_1,vyborgskaya,Прочие,False,рабочий,16,0.218246,0.217869,0.217899,0.345987,80,233370,0.095987,0.345987,3,13.264538
vyborgskaya_1,vyborgskaya,Прочие,False,рабочий,17,0.301422,0.277491,0.21636,0.204727,80,299311,0.078913,0.301422,0,4.482754
vyborgskaya_1,vyborgskaya,Прочие,False,рабочий,18,0.336242,0.333191,0.189606,0.140961,80,323133,0.169433,0.336242,0,6.082461
vyborgskaya_1,vyborgskaya,Прочие,False,рабочий,19,0.304452,0.272436,0.22988,0.193232,80,141835,0.076889,0.304452,0,2.256661
vyborgskaya_1,vyborgskaya,Прочие,False,рабочий,20,0.354436,0.279963,0.198792,0.166809,80,81950,0.134399,0.354436,0,2.181118
vyborgskaya_1,vyborgskaya,Прочие,False,рабочий,21,0.321633,0.279453,0.212219,0.186695,80,49171,0.101086,0.321633,0,2.815122
vyborgskaya_1,vyborgskaya,Прочие,False,рабочий,22,0.330207,0.271129,0.213435,0.185229,80,29639,0.101336,0.330207,0,3.737585
vyborgskaya_1,vyborgskaya,Прочие,False,рабочий,23,0.38517,0.268384,0.186642,0.159804,80,13041,0.153554,0.38517,0,1.982191
vyborgskaya_1,vyborgskaya,Прочие,False,суббота,0,0.624309,0.287293,0.077348,0.01105,16,362,0.411602,0.624309,0,
vyborgskaya_1,vyborgskaya,Прочие,False,суббота,5,0.001779,0.016014,0.113879,0.868327,16,562,0.618327,0.868327,3,0.982513
vyborgskaya_1,vyborgskaya,Прочие,False,суббота,6,0.219185,0.224009,0.233119,0.323687,16,1866,0.073687,0.323687,3,1.609027
vyborgskaya_1,vyborgskaya,Прочие,False,суббота,7,0.266549,0.209369,0.23598,0.288102,16,4547,0.054651,0.288102,3,3.576199
vyborgskaya_1,vyborgskaya,Прочие,False,суббота,8,0.268779,0.272365,0.239291,0.219566,16,5019,0.041144,0.272365,1,1.285817
vyborgskaya_1,vyborgskaya,Прочие,False,суббота,9,0.250875,0.262811,0.256226,0.230088,16,4859,0.019912,0.262811,1,1.816677
vyborgskaya_1,vyborgskaya,Прочие,False,суббота,10,0.26247,0.251058,0.237438,0.249034,16,5433,0.013528,0.26247,0,2.397165
vyborgskaya_1,vyborgskaya,Прочие,False,суббота,11,0.205271,0.235725,0.285798,0.273206,16,6830,0.059004,0.285798,2,5.359014
vyborgskaya_1,vyborgskaya,Прочие,False,суббота,12,0.212023,0.258994,0.265806,0.263177,16,8367,0.037977,0.265806,2,2.564657
vyborgskaya_1,vyborgskaya,Прочие,False,суббота,13,0.224997,0.246372,0.247834,0.280796,16,8889,0.030796,0.280796,3,3.92235
vyborgskaya_1,vyborgskaya,Прочие,False,суббота,14,0.238853,0.23847,0.274523,0.248154,16,10429,0.024523,0.274523,2,2.548081
vyborgskaya_1,vyborgskaya,Прочие,False,суббота,15,0.23035,0.251197,0.25054,0.267912,16,10649,0.01965,0.267912,3,3.567317
vyborgskaya_1,vyborgskaya,Прочие,False,суббота,16,0.253106,0.276259,0.234244,0.23639,16,8854,0.029365,0.276259,1,1.46446
vyborgskaya_1,vyborgskaya,Прочие,False,суббота,17,0.26072,0.265415,0.224726,0.249139,16,9585,0.026135,0.265415,1,2.739975
vyborgskaya_1,vyborgskaya,Прочие,False,суббота,18,0.26503,0.249372,0.246375,0.239223,16,10346,0.01503,0.26503,0,2.786127
vyborgskaya_1,vyborgskaya,Прочие,False,суббота,19,0.27174,0.238287,0.269901,0.220072,16,11419,0.041641,0.27174,0,3.448412
vyborgskaya_1,vyborgskaya,Прочие,False,суббота,20,0.357644,0.281208,0.197987,0.163161,16,8844,0.138851,0.357644,0,1.229396
vyborgskaya_1,vyborgskaya,Прочие,False,суббота,21,0.293667,0.268189,0.223417,0.214728,16,6790,0.061856,0.293667,0,2.874686
vyborgskaya_1,vyborgskaya,Прочие,False,суббота,22,0.245291,0.250256,0.292597,0.211856,16,6849,0.042853,0.292597,2,4.099921
vyborgskaya_1,vyborgskaya,Прочие,False,суббота,23,0.337145,0.279543,0.205845,0.177467,16,2361,0.116688,0.337145,0,2.534857
