station_id,vestibule_id,day_type,hour,quarter,share,n_days,source,note
devyatkino,devyatkino_1,рабочий,5,0,0.004388,80,вестибюль,
devyatkino,devyatkino_1,рабочий,5,1,0.023019,80,вестибюль,
devyatkino,devyatkino_1,рабочий,5,2,0.544316,80,вестибюль,
devyatkino,devyatkino_1,рабочий,5,3,0.428277,80,вестибюль,
devyatkino,devyatkino_1,рабочий,6,0,0.16433,80,вестибюль,
devyatkino,devyatkino_1,рабочий,6,1,0.204981,80,вестибюль,
devyatkino,devyatkino_1,рабочий,6,2,0.287002,80,вестибюль,
devyatkino,devyatkino_1,рабочий,6,3,0.343686,80,вестибюль,
devyatkino,devyatkino_1,рабочий,7,0,0.16242,80,вестибюль,
devyatkino,devyatkino_1,рабочий,7,1,0.212227,80,вестибюль,
devyatkino,devyatkino_1,рабочий,7,2,0.261511,80,вестибюль,
devyatkino,devyatkino_1,рабочий,7,3,0.363842,80,вестибюль,
devyatkino,devyatkino_1,рабочий,8,0,0.325006,80,вестибюль,
devyatkino,devyatkino_1,рабочий,8,1,0.290007,80,вестибюль,
devyatkino,devyatkino_1,рабочий,8,2,0.216144,80,вестибюль,
devyatkino,devyatkino_1,рабочий,8,3,0.168843,80,вестибюль,
devyatkino,devyatkino_1,рабочий,9,0,0.32446,80,вестибюль,
devyatkino,devyatkino_1,рабочий,9,1,0.298597,80,вестибюль,
devyatkino,devyatkino_1,рабочий,9,2,0.216855,80,вестибюль,
devyatkino,devyatkino_1,рабочий,9,3,0.160088,80,вестибюль,
devyatkino,devyatkino_1,рабочий,10,0,0.290783,80,вестибюль,
devyatkino,devyatkino_1,рабочий,10,1,0.282303,80,вестибюль,
devyatkino,devyatkino_1,рабочий,10,2,0.216329,80,вестибюль,
devyatkino,devyatkino_1,рабочий,10,3,0.210585,80,вестибюль,
devyatkino,devyatkino_1,рабочий,11,0,0.290273,80,вестибюль,
devyatkino,devyatkino_1,рабочий,11,1,0.232072,80,вестибюль,
devyatkino,devyatkino_1,рабочий,11,2,0.225452,80,вестибюль,
devyatkino,devyatkino_1,рабочий,11,3,0.252203,80,вестибюль,
devyatkino,devyatkino_1,рабочий,12,0,0.233748,80,вестибюль,
devyatkino,devyatkino_1,рабочий,12,1,0.265489,80,вестибюль,
devyatkino,devyatkino_1,рабочий,12,2,0.284306,80,вестибюль,
devyatkino,devyatkino_1,рабочий,12,3,0.216457,80,вестибюль,
devyatkino,devyatkino_1,рабочий,13,0,0.2523,80,вестибюль,
devyatkino,devyatkino_1,рабочий,13,1,0.262047,80,вестибюль,
devyatkino,devyatkino_1,рабочий,13,2,0.260163,80,вестибюль,
devyatkino,devyatkino_1,рабочий,13,3,0.225491,80,вестибюль,
devyatkino,devyatkino_1,рабочий,14,0,0.1997,80,вестибюль,
devyatkino,devyatkino_1,рабочий,14,1,0.43072,80,вестибюль,
devyatkino,devyatkino_1,рабочий,14,2,0.18555,80,вестибюль,
devyatkino,devyatkino_1,рабочий,14,3,0.18403,80,вестибюль,
devyatkino,devyatkino_1,рабочий,15,0,0.261885,80,вестибюль,
devyatkino,devyatkino_1,рабочий,15,1,0.239337,80,вестибюль,
devyatkino,devyatkino_1,рабочий,15,2,0.237205,80,вестибюль,
devyatkino,devyatkino_1,рабочий,15,3,0.261573,80,вестибюль,
devyatkino,devyatkino_1,рабочий,16,0,0.223111,80,вестибюль,
devyatkino,devyatkino_1,рабочий,16,1,0.199382,80,вестибюль,
devyatkino,devyatkino_1,рабочий,16,2,0.211346,80,вестибюль,
devyatkino,devyatkino_1,рабочий,16,3,0.366161,80,вестибюль,
devyatkino,devyatkino_1,рабочий,17,0,0.20686,80,вестибюль,
devyatkino,devyatkino_1,рабочий,17,1,0.298219,80,вестибюль,
devyatkino,devyatkino_1,рабочий,17,2,0.300903,80,вестибюль,
devyatkino,devyatkino_1,рабочий,17,3,0.194019,80,вестибюль,
devyatkino,devyatkino_1,рабочий,18,0,0.267451,80,вестибюль,
devyatkino,devyatkino_1,рабочий,18,1,0.239064,80,вестибюль,
devyatkino,devyatkino_1,рабочий,18,2,0.30509,80,вестибюль,
devyatkino,devyatkino_1,рабочий,18,3,0.188395,80,вестибюль,
devyatkino,devyatkino_1,рабочий,19,0,0.304447,80,вестибюль,
devyatkino,devyatkino_1,рабочий,19,1,0.202261,80,вестибюль,
devyatkino,devyatkino_1,рабочий,19,2,0.24449,80,вестибюль,
devyatkino,devyatkino_1,рабочий,19,3,0.248801,80,вестибюль,
devyatkino,devyatkino_1,рабочий,20,0,0.301085,80,вестибюль,
devyatkino,devyatkino_1,рабочий,20,1,0.252731,80,вестибюль,
devyatkino,devyatkino_1,рабочий,20,2,0.240152,80,вестибюль,
devyatkino,devyatkino_1,рабочий,20,3,0.206032,80,вестибюль,
devyatkino,devyatkino_1,рабочий,21,0,0.199121,80,вестибюль,
devyatkino,devyatkino_1,рабочий,21,1,0.42403,80,вестибюль,
devyatkino,devyatkino_1,рабочий,21,2,0.190509,80,вестибюль,
devyatkino,devyatkino_1,рабочий,21,3,0.186341,80,вестибюль,
devyatkino,devyatkino_1,рабочий,22,0,0.326549,80,вестибюль,
devyatkino,devyatkino_1,рабочий,22,1,0.259519,80,вестибюль,
devyatkino,devyatkino_1,рабочий,22,2,0.228549,80,вестибюль,
devyatkino,devyatkino_1,рабочий,22,3,0.185383,80,вестибюль,
devyatkino,devyatkino_1,рабочий,23,0,0.454208,80,вестибюль,
devyatkino,devyatkino_1,рабочий,23,1,0.207054,80,вестибюль,
devyatkino,devyatkino_1,рабочий,23,2,0.17005,80,вестибюль,
devyatkino,devyatkino_1,рабочий,23,3,0.168688,80,вестибюль,
devyatkino,devyatkino_1,рабочий,0,0,0.689781,80,вестибюль,
devyatkino,devyatkino_1,рабочий,0,1,0.255474,80,вестибюль,
devyatkino,devyatkino_1,рабочий,0,2,0.051095,80,вестибюль,
devyatkino,devyatkino_1,рабочий,0,3,0.00365,80,вестибюль,
devyatkino,devyatkino_1,суббота,5,0,0.012293,16,вестибюль,
devyatkino,devyatkino_1,суббота,5,1,0.02925,16,вестибюль,
devyatkino,devyatkino_1,суббота,5,2,0.530733,16,вестибюль,
devyatkino,devyatkino_1,суббота,5,3,0.427724,16,вестибюль,
devyatkino,devyatkino_1,суббота,6,0,0.202559,16,вестибюль,
devyatkino,devyatkino_1,суббота,6,1,0.241395,16,вестибюль,
devyatkino,devyatkino_1,суббота,6,2,0.290987,16,вестибюль,
devyatkino,devyatkino_1,суббота,6,3,0.265059,16,вестибюль,
devyatkino,devyatkino_1,суббота,7,0,0.186793,16,вестибюль,
devyatkino,devyatkino_1,суббота,7,1,0.249398,16,вестибюль,
devyatkino,devyatkino_1,суббота,7,2,0.225465,16,вестибюль,
devyatkino,devyatkino_1,суббота,7,3,0.338344,16,вестибюль,
devyatkino,devyatkino_1,суббота,8,0,0.240861,16,вестибюль,
devyatkino,devyatkino_1,суббота,8,1,0.274521,16,вестибюль,
devyatkino,devyatkino_1,суббота,8,2,0.247254,16,вестибюль,
devyatkino,devyatkino_1,суббота,8,3,0.237364,16,вестибюль,
devyatkino,devyatkino_1,суббота,9,0,0.271722,16,вестибюль,
devyatkino,devyatkino_1,суббота,9,1,0.2882,16,вестибюль,
devyatkino,devyatkino_1,суббота,9,2,0.222171,16,вестибюль,
devyatkino,devyatkino_1,суббота,9,3,0.217907,16,вестибюль,
devyatkino,devyatkino_1,суббота,10,0,0.253404,16,вестибюль,
devyatkino,devyatkino_1,суббота,10,1,0.272637,16,вестибюль,
devyatkino,devyatkino_1,суббота,10,2,0.227759,16,вестибюль,
devyatkino,devyatkino_1,суббота,10,3,0.2462,16,вестибюль,
devyatkino,devyatkino_1,суббота,11,0,0.298137,16,вестибюль,
devyatkino,devyatkino_1,суббота,11,1,0.241041,16,вестибюль,
devyatkino,devyatkino_1,суббота,11,2,0.238552,16,вестибюль,
devyatkino,devyatkino_1,суббота,11,3,0.22227,16,вестибюль,
devyatkino,devyatkino_1,суббота,12,0,0.23021,16,вестибюль,
devyatkino,devyatkino_1,суббота,12,1,0.284365,16,вестибюль,
devyatkino,devyatkino_1,суббота,12,2,0.255827,16,вестибюль,
devyatkino,devyatkino_1,суббота,12,3,0.229598,16,вестибюль,
devyatkino,devyatkino_1,суббота,13,0,0.239981,16,вестибюль,
devyatkino,devyatkino_1,суббота,13,1,0.299647,16,вестибюль,
devyatkino,devyatkino_1,суббота,13,2,0.241919,16,вестибюль,
devyatkino,devyatkino_1,суббота,13,3,0.218454,16,вестибюль,
devyatkino,devyatkino_1,суббота,14,0,0.226438,16,вестибюль,
devyatkino,devyatkino_1,суббота,14,1,0.353665,16,вестибюль,
devyatkino,devyatkino_1,суббота,14,2,0.207154,16,вестибюль,
devyatkino,devyatkino_1,суббота,14,3,0.212744,16,вестибюль,
devyatkino,devyatkino_1,суббота,15,0,0.274467,16,вестибюль,
devyatkino,devyatkino_1,суббота,15,1,0.210384,16,вестибюль,
devyatkino,devyatkino_1,суббота,15,2,0.297866,16,вестибюль,
devyatkino,devyatkino_1,суббота,15,3,0.217283,16,вестибюль,
devyatkino,devyatkino_1,суббота,16,0,0.240978,16,вестибюль,
devyatkino,devyatkino_1,суббота,16,1,0.23516,16,вестибюль,
devyatkino,devyatkino_1,суббота,16,2,0.269259,16,вестибюль,
devyatkino,devyatkino_1,суббота,16,3,0.254603,16,вестибюль,
devyatkino,devyatkino_1,суббота,17,0,0.219985,16,вестибюль,
devyatkino,devyatkino_1,суббота,17,1,0.328082,16,вестибюль,
devyatkino,devyatkino_1,суббота,17,2,0.256214,16,вестибюль,
devyatkino,devyatkino_1,суббота,17,3,0.19572,16,вестибюль,
devyatkino,devyatkino_1,суббота,18,0,0.311789,16,вестибюль,
devyatkino,devyatkino_1,суббота,18,1,0.193527,16,вестибюль,
devyatkino,devyatkino_1,суббота,18,2,0.295136,16,вестибюль,
devyatkino,devyatkino_1,суббота,18,3,0.199548,16,вестибюль,
devyatkino,devyatkino_1,суббота,19,0,0.30303,16,вестибюль,
devyatkino,devyatkino_1,суббота,19,1,0.214218,16,вестибюль,
devyatkino,devyatkino_1,суббота,19,2,0.241757,16,вестибюль,
devyatkino,devyatkino_1,суббота,19,3,0.240995,16,вестибюль,
devyatkino,devyatkino_1,суббота,20,0,0.314963,16,вестибюль,
devyatkino,devyatkino_1,суббота,20,1,0.268488,16,вестибюль,
devyatkino,devyatkino_1,суббота,20,2,0.20851,16,вестибюль,
devyatkino,devyatkino_1,суббота,20,3,0.208039,16,вестибюль,
devyatkino,devyatkino_1,суббота,21,0,0.170894,16,вестибюль,
devyatkino,devyatkino_1,суббота,21,1,0.426894,16,вестибюль,
devyatkino,devyatkino_1,суббота,21,2,0.188766,16,вестибюль,
devyatkino,devyatkino_1,суббота,21,3,0.213447,16,вестибюль,
devyatkino,devyatkino_1,суббота,22,0,0.318084,16,вестибюль,
devyatkino,devyatkino_1,суббота,22,1,0.258756,16,вестибюль,
devyatkino,devyatkino_1,суббота,22,2,0.244818,16,вестибюль,
devyatkino,devyatkino_1,суббота,22,3,0.178342,16,вестибюль,
devyatkino,devyatkino_1,суббота,23,0,0.444033,16,вестибюль,
devyatkino,devyatkino_1,суббота,23,1,0.252039,16,вестибюль,
devyatkino,devyatkino_1,суббота,23,2,0.148999,16,вестибюль,
devyatkino,devyatkino_1,суббота,23,3,0.15493,16,вестибюль,
devyatkino,devyatkino_1,суббота,0,0,0.59231,16,группа,
devyatkino,devyatkino_1,суббота,0,1,0.228957,16,группа,
devyatkino,devyatkino_1,суббота,0,2,0.118462,16,группа,
devyatkino,devyatkino_1,суббота,0,3,0.06027,16,группа,
devyatkino,devyatkino_1,воскресенье,5,0,0.015405,17,вестибюль,
devyatkino,devyatkino_1,воскресенье,5,1,0.037508,17,вестибюль,
devyatkino,devyatkino_1,воскресенье,5,2,0.519759,17,вестибюль,
devyatkino,devyatkino_1,воскресенье,5,3,0.427328,17,вестибюль,
devyatkino,devyatkino_1,воскресенье,6,0,0.207544,17,вестибюль,
devyatkino,devyatkino_1,воскресенье,6,1,0.214956,17,вестибюль,
devyatkino,devyatkino_1,воскресенье,6,2,0.298468,17,вестибюль,
devyatkino,devyatkino_1,воскресенье,6,3,0.279031,17,вестибюль,
devyatkino,devyatkino_1,воскресенье,7,0,0.207827,17,вестибюль,
devyatkino,devyatkino_1,воскресенье,7,1,0.27541,17,вестибюль,
devyatkino,devyatkino_1,воскресенье,7,2,0.206452,17,вестибюль,
devyatkino,devyatkino_1,воскресенье,7,3,0.310312,17,вестибюль,
devyatkino,devyatkino_1,воскресенье,8,0,0.206836,17,вестибюль,
devyatkino,devyatkino_1,воскресенье,8,1,0.256767,17,вестибюль,
devyatkino,devyatkino_1,воскресенье,8,2,0.25432,17,вестибюль,
devyatkino,devyatkino_1,воскресенье,8,3,0.282077,17,вестибюль,
devyatkino,devyatkino_1,воскресенье,9,0,0.279362,17,вестибюль,
devyatkino,devyatkino_1,воскресенье,9,1,0.248095,17,вестибюль,
devyatkino,devyatkino_1,воскресенье,9,2,0.223034,17,вестибюль,
devyatkino,devyatkino_1,воскресенье,9,3,0.249509,17,вестибюль,
devyatkino,devyatkino_1,воскресенье,10,0,0.247405,17,вестибюль,
devyatkino,devyatkino_1,воскресенье,10,1,0.250837,17,вестибюль,
devyatkino,devyatkino_1,воскресенье,10,2,0.230583,17,вестибюль,
devyatkino,devyatkino_1,воскресенье,10,3,0.271175,17,вестибюль,
devyatkino,devyatkino_1,воскресенье,11,0,0.324068,17,вестибюль,
devyatkino,devyatkino_1,воскресенье,11,1,0.239978,17,вестибюль,
devyatkino,devyatkino_1,воскресенье,11,2,0.222753,17,вестибюль,
devyatkino,devyatkino_1,воскресенье,11,3,0.213201,17,вестибюль,
devyatkino,devyatkino_1,воскресенье,12,0,0.202438,17,вестибюль,
devyatkino,devyatkino_1,воскресенье,12,1,0.320713,17,вестибюль,
devyatkino,devyatkino_1,воскресенье,12,2,0.258907,17,вестибюль,
devyatkino,devyatkino_1,воскресенье,12,3,0.217943,17,вестибюль,
devyatkino,devyatkino_1,воскресенье,13,0,0.214869,17,вестибюль,
devyatkino,devyatkino_1,воскресенье,13,1,0.326352,17,вестибюль,
devyatkino,devyatkino_1,воскресенье,13,2,0.243687,17,вестибюль,
devyatkino,devyatkino_1,воскресенье,13,3,0.215092,17,вестибюль,
devyatkino,devyatkino_1,воскресенье,14,0,0.209571,17,вестибюль,
devyatkino,devyatkino_1,воскресенье,14,1,0.398034,17,вестибюль,
devyatkino,devyatkino_1,воскресенье,14,2,0.197263,17,вестибюль,
devyatkino,devyatkino_1,воскресенье,14,3,0.195132,17,вестибюль,
devyatkino,devyatkino_1,воскресенье,15,0,0.295373,17,вестибюль,
devyatkino,devyatkino_1,воскресенье,15,1,0.193482,17,вестибюль,
devyatkino,devyatkino_1,воскресенье,15,2,0.309424,17,вестибюль,
devyatkino,devyatkino_1,воскресенье,15,3,0.201721,17,вестибюль,
devyatkino,devyatkino_1,воскресенье,16,0,0.193116,17,вестибюль,
devyatkino,devyatkino_1,воскресенье,16,1,0.240334,17,вестибюль,
devyatkino,devyatkino_1,воскресенье,16,2,0.315604,17,вестибюль,
devyatkino,devyatkino_1,воскресенье,16,3,0.250945,17,вестибюль,
devyatkino,devyatkino_1,воскресенье,17,0,0.193077,17,вестибюль,
devyatkino,devyatkino_1,воскресенье,17,1,0.359662,17,вестибюль,
devyatkino,devyatkino_1,воскресенье,17,2,0.266374,17,вестибюль,
devyatkino,devyatkino_1,воскресенье,17,3,0.180887,17,вестибюль,
devyatkino,devyatkino_1,воскресенье,18,0,0.326842,17,вестибюль,
devyatkino,devyatkino_1,воскресенье,18,1,0.181667,17,вестибюль,
devyatkino,devyatkino_1,воскресенье,18,2,0.316667,17,вестибюль,
devyatkino,devyatkino_1,воскресенье,18,3,0.174825,17,вестибюль,
devyatkino,devyatkino_1,воскресенье,19,0,0.287862,17,вестибюль,
devyatkino,devyatkino_1,воскресенье,19,1,0.213145,17,вестибюль,
devyatkino,devyatkino_1,воскресенье,19,2,0.238955,17,вестибюль,
devyatkino,devyatkino_1,воскресенье,19,3,0.260037,17,вестибюль,
devyatkino,devyatkino_1,воскресенье,20,0,0.303038,17,вестибюль,
devyatkino,devyatkino_1,воскресенье,20,1,0.248751,17,вестибюль,
devyatkino,devyatkino_1,воскресенье,20,2,0.199325,17,вестибюль,
devyatkino,devyatkino_1,воскресенье,20,3,0.248886,17,вестибюль,
devyatkino,devyatkino_1,воскресенье,21,0,0.164277,17,вестибюль,
devyatkino,devyatkino_1,воскресенье,21,1,0.470841,17,вестибюль,
devyatkino,devyatkino_1,воскресенье,21,2,0.145953,17,вестибюль,
devyatkino,devyatkino_1,воскресенье,21,3,0.218929,17,вестибюль,
devyatkino,devyatkino_1,воскресенье,22,0,0.306989,17,вестибюль,
devyatkino,devyatkino_1,воскресенье,22,1,0.209993,17,вестибюль,
devyatkino,devyatkino_1,воскресенье,22,2,0.267799,17,вестибюль,
devyatkino,devyatkino_1,воскресенье,22,3,0.215219,17,вестибюль,
devyatkino,devyatkino_1,воскресенье,23,0,0.521849,17,вестибюль,
devyatkino,devyatkino_1,воскресенье,23,1,0.215966,17,вестибюль,
devyatkino,devyatkino_1,воскресенье,23,2,0.141176,17,вестибюль,
devyatkino,devyatkino_1,воскресенье,23,3,0.121008,17,вестибюль,
devyatkino,devyatkino_1,воскресенье,0,0,0.550124,17,группа,
devyatkino,devyatkino_1,воскресенье,0,1,0.255178,17,группа,
devyatkino,devyatkino_1,воскресенье,0,2,0.128832,17,группа,
devyatkino,devyatkino_1,воскресенье,0,3,0.065866,17,группа,
devyatkino,devyatkino_2,рабочий,5,0,0.001783,79,вестибюль,
devyatkino,devyatkino_2,рабочий,5,1,0.010921,79,вестибюль,
devyatkino,devyatkino_2,рабочий,5,2,0.476986,79,вестибюль,
devyatkino,devyatkino_2,рабочий,5,3,0.51031,79,вестибюль,
devyatkino,devyatkino_2,рабочий,6,0,0.18091,80,вестибюль,
devyatkino,devyatkino_2,рабочий,6,1,0.234147,80,вестибюль,
devyatkino,devyatkino_2,рабочий,6,2,0.258488,80,вестибюль,
devyatkino,devyatkino_2,рабочий,6,3,0.326454,80,вестибюль,
devyatkino,devyatkino_2,рабочий,7,0,0.219502,80,вестибюль,
devyatkino,devyatkino_2,рабочий,7,1,0.233584,80,вестибюль,
devyatkino,devyatkino_2,рабочий,7,2,0.253947,80,вестибюль,
devyatkino,devyatkino_2,рабочий,7,3,0.292967,80,вестибюль,
devyatkino,devyatkino_2,рабочий,8,0,0.280026,80,вестибюль,
devyatkino,devyatkino_2,рабочий,8,1,0.26436,80,вестибюль,
devyatkino,devyatkino_2,рабочий,8,2,0.235929,80,вестибюль,
devyatkino,devyatkino_2,рабочий,8,3,0.219684,80,вестибюль,
devyatkino,devyatkino_2,рабочий,9,0,0.29484,80,вестибюль,
devyatkino,devyatkino_2,рабочий,9,1,0.277003,80,вестибюль,
devyatkino,devyatkino_2,рабочий,9,2,0.231481,80,вестибюль,
devyatkino,devyatkino_2,рабочий,9,3,0.196677,80,вестибюль,
devyatkino,devyatkino_2,рабочий,10,0,0.289455,80,вестибюль,
devyatkino,devyatkino_2,рабочий,10,1,0.27251,80,вестибюль,
devyatkino,devyatkino_2,рабочий,10,2,0.231684,80,вестибюль,
devyatkino,devyatkino_2,рабочий,10,3,0.206351,80,вестибюль,
devyatkino,devyatkino_2,рабочий,11,0,0.265629,80,вестибюль,
devyatkino,devyatkino_2,рабочий,11,1,0.254312,80,вестибюль,
devyatkino,devyatkino_2,рабочий,11,2,0.244772,80,вестибюль,
devyatkino,devyatkino_2,рабочий,11,3,0.235287,80,вестибюль,
devyatkino,devyatkino_2,рабочий,12,0,0.256441,80,вестибюль,
devyatkino,devyatkino_2,рабочий,12,1,0.255533,80,вестибюль,
devyatkino,devyatkino_2,рабочий,12,2,0.252898,80,вестибюль,
devyatkino,devyatkino_2,рабочий,12,3,0.235128,80,вестибюль,
devyatkino,devyatkino_2,рабочий,13,0,0.250745,80,вестибюль,
devyatkino,devyatkino_2,рабочий,13,1,0.261842,80,вестибюль,
devyatkino,devyatkino_2,рабочий,13,2,0.252355,80,вестибюль,
devyatkino,devyatkino_2,рабочий,13,3,0.235058,80,вестибюль,
devyatkino,devyatkino_2,рабочий,14,0,0.249287,80,вестибюль,
devyatkino,devyatkino_2,рабочий,14,1,0.307541,80,вестибюль,
devyatkino,devyatkino_2,рабочий,14,2,0.224895,80,вестибюль,
devyatkino,devyatkino_2,рабочий,14,3,0.218277,80,вестибюль,
devyatkino,devyatkino_2,рабочий,15,0,0.260101,80,вестибюль,
devyatkino,devyatkino_2,рабочий,15,1,0.252591,80,вестибюль,
devyatkino,devyatkino_2,рабочий,15,2,0.245232,80,вестибюль,
devyatkino,devyatkino_2,рабочий,15,3,0.242077,80,вестибюль,
devyatkino,devyatkino_2,рабочий,16,0,0.243463,80,вестибюль,
devyatkino,devyatkino_2,рабочий,16,1,0.24465,80,вестибюль,
devyatkino,devyatkino_2,рабочий,16,2,0.234399,80,вестибюль,
devyatkino,devyatkino_2,рабочий,16,3,0.277488,80,вестибюль,
devyatkino,devyatkino_2,рабочий,17,0,0.227014,80,вестибюль,
devyatkino,devyatkino_2,рабочий,17,1,0.270792,80,вестибюль,
devyatkino,devyatkino_2,рабочий,17,2,0.265734,80,вестибюль,
devyatkino,devyatkino_2,рабочий,17,3,0.23646,80,вестибюль,
devyatkino,devyatkino_2,рабочий,18,0,0.265855,80,вестибюль,
devyatkino,devyatkino_2,рабочий,18,1,0.246586,80,вестибюль,
devyatkino,devyatkino_2,рабочий,18,2,0.267036,80,вестибюль,
devyatkino,devyatkino_2,рабочий,18,3,0.220524,80,вестибюль,
devyatkino,devyatkino_2,рабочий,19,0,0.278119,80,вестибюль,
devyatkino,devyatkino_2,рабочий,19,1,0.255672,80,вестибюль,
devyatkino,devyatkino_2,рабочий,19,2,0.242151,80,вестибюль,
devyatkino,devyatkino_2,рабочий,19,3,0.224057,80,вестибюль,
devyatkino,devyatkino_2,рабочий,20,0,0.295412,80,вестибюль,
devyatkino,devyatkino_2,рабочий,20,1,0.260354,80,вестибюль,
devyatkino,devyatkino_2,рабочий,20,2,0.229558,80,вестибюль,
devyatkino,devyatkino_2,рабочий,20,3,0.214676,80,вестибюль,
devyatkino,devyatkino_2,рабочий,21,0,0.252832,80,вестибюль,
devyatkino,devyatkino_2,рабочий,21,1,0.3059,80,вестибюль,
devyatkino,devyatkino_2,рабочий,21,2,0.229804,80,вестибюль,
devyatkino,devyatkino_2,рабочий,21,3,0.211465,80,вестибюль,
devyatkino,devyatkino_2,рабочий,22,0,0.292971,80,вестибюль,
devyatkino,devyatkino_2,рабочий,22,1,0.28122,80,вестибюль,
devyatkino,devyatkino_2,рабочий,22,2,0.23489,80,вестибюль,
devyatkino,devyatkino_2,рабочий,22,3,0.190919,80,вестибюль,
devyatkino,devyatkino_2,рабочий,23,0,0.317569,80,вестибюль,
devyatkino,devyatkino_2,рабочий,23,1,0.260703,80,вестибюль,
devyatkino,devyatkino_2,рабочий,23,2,0.209846,80,вестибюль,
devyatkino,devyatkino_2,рабочий,23,3,0.211883,80,вестибюль,
devyatkino,devyatkino_2,рабочий,0,0,0.848276,80,вестибюль,
devyatkino,devyatkino_2,рабочий,0,1,0.144828,80,вестибюль,
devyatkino,devyatkino_2,рабочий,0,2,0.006897,80,вестибюль,
devyatkino,devyatkino_2,рабочий,0,3,0.0,80,вестибюль,
devyatkino,devyatkino_2,суббота,5,0,0.004507,16,вестибюль,
devyatkino,devyatkino_2,суббота,5,1,0.018026,16,вестибюль,
devyatkino,devyatkino_2,суббота,5,2,0.435444,16,вестибюль,
devyatkino,devyatkino_2,суббота,5,3,0.542023,16,вестибюль,
devyatkino,devyatkino_2,суббота,6,0,0.195604,16,вестибюль,
devyatkino,devyatkino_2,суббота,6,1,0.249518,16,вестибюль,
devyatkino,devyatkino_2,суббота,6,2,0.262263,16,вестибюль,
devyatkino,devyatkino_2,суббота,6,3,0.292615,16,вестибюль,
devyatkino,devyatkino_2,суббота,7,0,0.226962,16,вестибюль,
devyatkino,devyatkino_2,суббота,7,1,0.217764,16,вестибюль,
devyatkino,devyatkino_2,суббота,7,2,0.243892,16,вестибюль,
devyatkino,devyatkino_2,суббота,7,3,0.311383,16,вестибюль,
devyatkino,devyatkino_2,суббота,8,0,0.255732,16,вестибюль,
devyatkino,devyatkino_2,суббота,8,1,0.251186,16,вестибюль,
devyatkino,devyatkino_2,суббота,8,2,0.246851,16,вестибюль,
devyatkino,devyatkino_2,суббота,8,3,0.246231,16,вестибюль,
devyatkino,devyatkino_2,суббота,9,0,0.268507,16,вестибюль,
devyatkino,devyatkino_2,суббота,9,1,0.273786,16,вестибюль,
devyatkino,devyatkino_2,суббота,9,2,0.232546,16,вестибюль,
devyatkino,devyatkino_2,суббота,9,3,0.225162,16,вестибюль,
devyatkino,devyatkino_2,суббота,10,0,0.260917,16,вестибюль,
devyatkino,devyatkino_2,суббота,10,1,0.276212,16,вестибюль,
devyatkino,devyatkino_2,суббота,10,2,0.228856,16,вестибюль,
devyatkino,devyatkino_2,суббота,10,3,0.234014,16,вестибюль,
devyatkino,devyatkino_2,суббота,11,0,0.255607,16,вестибюль,
devyatkino,devyatkino_2,суббота,11,1,0.262309,16,вестибюль,
devyatkino,devyatkino_2,суббота,11,2,0.245354,16,вестибюль,
devyatkino,devyatkino_2,суббота,11,3,0.23673,16,вестибюль,
devyatkino,devyatkino_2,суббота,12,0,0.244621,16,вестибюль,
devyatkino,devyatkino_2,суббота,12,1,0.2705,16,вестибюль,
devyatkino,devyatkino_2,суббота,12,2,0.245552,16,вестибюль,
devyatkino,devyatkino_2,суббота,12,3,0.239328,16,вестибюль,
devyatkino,devyatkino_2,суббота,13,0,0.246278,16,вестибюль,
devyatkino,devyatkino_2,суббота,13,1,0.266719,16,вестибюль,
devyatkino,devyatkino_2,суббота,13,2,0.256913,16,вестибюль,
devyatkino,devyatkino_2,суббота,13,3,0.230091,16,вестибюль,
devyatkino,devyatkino_2,суббота,14,0,0.250736,16,вестибюль,
devyatkino,devyatkino_2,суббота,14,1,0.289054,16,вестибюль,
devyatkino,devyatkino_2,суббота,14,2,0.230637,16,вестибюль,
devyatkino,devyatkino_2,суббота,14,3,0.229572,16,вестибюль,
devyatkino,devyatkino_2,суббота,15,0,0.265123,16,вестибюль,
devyatkino,devyatkino_2,суббота,15,1,0.242091,16,вестибюль,
devyatkino,devyatkino_2,суббота,15,2,0.256052,16,вестибюль,
devyatkino,devyatkino_2,суббота,15,3,0.236735,16,вестибюль,
devyatkino,devyatkino_2,суббота,16,0,0.245401,16,вестибюль,
devyatkino,devyatkino_2,суббота,16,1,0.255916,16,вестибюль,
devyatkino,devyatkino_2,суббота,16,2,0.262833,16,вестибюль,
devyatkino,devyatkino_2,суббота,16,3,0.23585,16,вестибюль,
devyatkino,devyatkino_2,суббота,17,0,0.24516,16,вестибюль,
devyatkino,devyatkino_2,суббота,17,1,0.278422,16,вестибюль,
devyatkino,devyatkino_2,суббота,17,2,0.249638,16,вестибюль,
devyatkino,devyatkino_2,суббота,17,3,0.22678,16,вестибюль,
devyatkino,devyatkino_2,суббота,18,0,0.277621,16,вестибюль,
devyatkino,devyatkino_2,суббота,18,1,0.244713,16,вестибюль,
devyatkino,devyatkino_2,суббота,18,2,0.257347,16,вестибюль,
devyatkino,devyatkino_2,суббота,18,3,0.220319,16,вестибюль,
devyatkino,devyatkino_2,суббота,19,0,0.284319,16,вестибюль,
devyatkino,devyatkino_2,суббота,19,1,0.252976,16,вестибюль,
devyatkino,devyatkino_2,суббота,19,2,0.248253,16,вестибюль,
devyatkino,devyatkino_2,суббота,19,3,0.214452,16,вестибюль,
devyatkino,devyatkino_2,суббота,20,0,0.285714,16,вестибюль,
devyatkino,devyatkino_2,суббота,20,1,0.259643,16,вестибюль,
devyatkino,devyatkino_2,суббота,20,2,0.233172,16,вестибюль,
devyatkino,devyatkino_2,суббота,20,3,0.221471,16,вестибюль,
devyatkino,devyatkino_2,суббота,21,0,0.249071,16,вестибюль,
devyatkino,devyatkino_2,суббота,21,1,0.307137,16,вестибюль,
devyatkino,devyatkino_2,суббота,21,2,0.228279,16,вестибюль,
devyatkino,devyatkino_2,суббота,21,3,0.215513,16,вестибюль,
devyatkino,devyatkino_2,суббота,22,0,0.290128,16,вестибюль,
devyatkino,devyatkino_2,суббота,22,1,0.279116,16,вестибюль,
devyatkino,devyatkino_2,суббота,22,2,0.236254,16,вестибюль,
devyatkino,devyatkino_2,суббота,22,3,0.194502,16,вестибюль,
devyatkino,devyatkino_2,суббота,23,0,0.292808,16,вестибюль,
devyatkino,devyatkino_2,суббота,23,1,0.250261,16,вестибюль,
devyatkino,devyatkino_2,суббота,23,2,0.213673,16,вестибюль,
devyatkino,devyatkino_2,суббота,23,3,0.243257,16,вестибюль,
devyatkino,devyatkino_2,суббота,0,0,0.59231,16,группа,
devyatkino,devyatkino_2,суббота,0,1,0.228957,16,группа,
devyatkino,devyatkino_2,суббота,0,2,0.118462,16,группа,
devyatkino,devyatkino_2,суббота,0,3,0.06027,16,группа,
devyatkino,devyatkino_2,воскресенье,5,0,0.004196,17,вестибюль,
devyatkino,devyatkino_2,воскресенье,5,1,0.016621,17,вестибюль,
devyatkino,devyatkino_2,воскресенье,5,2,0.43279,17,вестибюль,
devyatkino,devyatkino_2,воскресенье,5,3,0.546393,17,вестибюль,
devyatkino,devyatkino_2,воскресенье,6,0,0.187626,17,вестибюль,
devyatkino,devyatkino_2,воскресенье,6,1,0.231671,17,вестибюль,
devyatkino,devyatkino_2,воскресенье,6,2,0.268616,17,вестибюль,
devyatkino,devyatkino_2,воскресенье,6,3,0.312087,17,вестибюль,
devyatkino,devyatkino_2,воскресенье,7,0,0.245617,17,вестибюль,
devyatkino,devyatkino_2,воскресенье,7,1,0.232236,17,вестибюль,
devyatkino,devyatkino_2,воскресенье,7,2,0.233088,17,вестибюль,
devyatkino,devyatkino_2,воскресенье,7,3,0.289059,17,вестибюль,
devyatkino,devyatkino_2,воскресенье,8,0,0.222065,17,вестибюль,
devyatkino,devyatkino_2,воскресенье,8,1,0.245489,17,вестибюль,
devyatkino,devyatkino_2,воскресенье,8,2,0.247316,17,вестибюль,
devyatkino,devyatkino_2,воскресенье,8,3,0.285131,17,вестибюль,
devyatkino,devyatkino_2,воскресенье,9,0,0.27895,17,вестибюль,
devyatkino,devyatkino_2,воскресенье,9,1,0.257251,17,вестибюль,
devyatkino,devyatkino_2,воскресенье,9,2,0.231604,17,вестибюль,
devyatkino,devyatkino_2,воскресенье,9,3,0.232194,17,вестибюль,
devyatkino,devyatkino_2,воскресенье,10,0,0.259485,17,вестибюль,
devyatkino,devyatkino_2,воскресенье,10,1,0.262105,17,вестибюль,
devyatkino,devyatkino_2,воскресенье,10,2,0.238896,17,вестибюль,
devyatkino,devyatkino_2,воскресенье,10,3,0.239514,17,вестибюль,
devyatkino,devyatkino_2,воскресенье,11,0,0.268006,17,вестибюль,
devyatkino,devyatkino_2,воскресенье,11,1,0.254573,17,вестибюль,
devyatkino,devyatkino_2,воскресенье,11,2,0.246714,17,вестибюль,
devyatkino,devyatkino_2,воскресенье,11,3,0.230707,17,вестибюль,
devyatkino,devyatkino_2,воскресенье,12,0,0.240286,17,вестибюль,
devyatkino,devyatkino_2,воскресенье,12,1,0.259131,17,вестибюль,
devyatkino,devyatkino_2,воскресенье,12,2,0.256762,17,вестибюль,
devyatkino,devyatkino_2,воскресенье,12,3,0.243822,17,вестибюль,
devyatkino,devyatkino_2,воскресенье,13,0,0.243114,17,вестибюль,
devyatkino,devyatkino_2,воскресенье,13,1,0.266501,17,вестибюль,
devyatkino,devyatkino_2,воскресенье,13,2,0.264022,17,вестибюль,
devyatkino,devyatkino_2,воскресенье,13,3,0.226362,17,вестибюль,
devyatkino,devyatkino_2,воскресенье,14,0,0.24384,17,вестибюль,
devyatkino,devyatkino_2,воскресенье,14,1,0.294941,17,вестибюль,
devyatkino,devyatkino_2,воскресенье,14,2,0.233139,17,вестибюль,
devyatkino,devyatkino_2,воскресенье,14,3,0.22808,17,вестибюль,
devyatkino,devyatkino_2,воскресенье,15,0,0.271482,17,вестибюль,
devyatkino,devyatkino_2,воскресенье,15,1,0.237493,17,вестибюль,
devyatkino,devyatkino_2,воскресенье,15,2,0.264634,17,вестибюль,
devyatkino,devyatkino_2,воскресенье,15,3,0.226391,17,вестибюль,
devyatkino,devyatkino_2,воскресенье,16,0,0.237632,17,вестибюль,
devyatkino,devyatkino_2,воскресенье,16,1,0.251755,17,вестибюль,
devyatkino,devyatkino_2,воскресенье,16,2,0.276362,17,вестибюль,
devyatkino,devyatkino_2,воскресенье,16,3,0.234251,17,вестибюль,
devyatkino,devyatkino_2,воскресенье,17,0,0.235949,17,вестибюль,
devyatkino,devyatkino_2,воскресенье,17,1,0.28982,17,вестибюль,
devyatkino,devyatkino_2,воскресенье,17,2,0.252696,17,вестибюль,
devyatkino,devyatkino_2,воскресенье,17,3,0.221535,17,вестибюль,
devyatkino,devyatkino_2,воскресенье,18,0,0.28309,17,вестибюль,
devyatkino,devyatkino_2,воскресенье,18,1,0.229014,17,вестибюль,
devyatkino,devyatkino_2,воскресенье,18,2,0.272507,17,вестибюль,
devyatkino,devyatkino_2,воскресенье,18,3,0.21539,17,вестибюль,
devyatkino,devyatkino_2,воскресенье,19,0,0.280813,17,вестибюль,
devyatkino,devyatkino_2,воскресенье,19,1,0.240946,17,вестибюль,
devyatkino,devyatkino_2,воскресенье,19,2,0.250556,17,вестибюль,
devyatkino,devyatkino_2,воскресенье,19,3,0.227685,17,вестибюль,
devyatkino,devyatkino_2,воскресенье,20,0,0.297734,17,вестибюль,
devyatkino,devyatkino_2,воскресенье,20,1,0.255258,17,вестибюль,
devyatkino,devyatkino_2,воскресенье,20,2,0.22754,17,вестибюль,
devyatkino,devyatkino_2,воскресенье,20,3,0.219468,17,вестибюль,
devyatkino,devyatkino_2,воскресенье,21,0,0.24386,17,вестибюль,
devyatkino,devyatkino_2,воскресенье,21,1,0.338466,17,вестибюль,
devyatkino,devyatkino_2,воскресенье,21,2,0.214096,17,вестибюль,
devyatkino,devyatkino_2,воскресенье,21,3,0.203578,17,вестибюль,
devyatkino,devyatkino_2,воскресенье,22,0,0.297707,17,вестибюль,
devyatkino,devyatkino_2,воскресенье,22,1,0.264042,17,вестибюль,
devyatkino,devyatkino_2,воскресенье,22,2,0.249041,17,вестибюль,
devyatkino,devyatkino_2,воскресенье,22,3,0.18921,17,вестибюль,
devyatkino,devyatkino_2,воскресенье,23,0,0.345042,17,вестибюль,
devyatkino,devyatkino_2,воскресенье,23,1,0.241348,17,вестибюль,
devyatkino,devyatkino_2,воскресенье,23,2,0.200518,17,вестибюль,
devyatkino,devyatkino_2,воскресенье,23,3,0.213091,17,вестибюль,
devyatkino,devyatkino_2,воскресенье,0,0,0.550124,17,группа,
devyatkino,devyatkino_2,воскресенье,0,1,0.255178,17,группа,
devyatkino,devyatkino_2,воскресенье,0,2,0.128832,17,группа,
devyatkino,devyatkino_2,воскресенье,0,3,0.065866,17,группа,
devyatkino,*,рабочий,5,0,0.00238,80,станция,
devyatkino,*,рабочий,5,1,0.01369,80,станция,
devyatkino,*,рабочий,5,2,0.492398,80,станция,
devyatkino,*,рабочий,5,3,0.491533,80,станция,
devyatkino,*,рабочий,6,0,0.17669,80,станция,
devyatkino,*,рабочий,6,1,0.226724,80,станция,
devyatkino,*,рабочий,6,2,0.265746,80,станция,
devyatkino,*,рабочий,6,3,0.33084,80,станция,
devyatkino,*,рабочий,7,0,0.199555,80,станция,
devyatkino,*,рабочий,7,1,0.226121,80,станция,
devyatkino,*,рабочий,7,2,0.25659,80,станция,
devyatkino,*,рабочий,7,3,0.317734,80,станция,
devyatkino,*,рабочий,8,0,0.297971,80,станция,
devyatkino,*,рабочий,8,1,0.274592,80,станция,
devyatkino,*,рабочий,8,2,0.228036,80,станция,
devyatkino,*,рабочий,8,3,0.199401,80,станция,
devyatkino,*,рабочий,9,0,0.302988,80,станция,
devyatkino,*,рабочий,9,1,0.282944,80,станция,
devyatkino,*,рабочий,9,2,0.227457,80,станция,
devyatkino,*,рабочий,9,3,0.186611,80,станция,
devyatkino,*,рабочий,10,0,0.289733,80,станция,
devyatkino,*,рабочий,10,1,0.274559,80,станция,
devyatkino,*,рабочий,10,2,0.228471,80,станция,
devyatkino,*,рабочий,10,3,0.207237,80,станция,
devyatkino,*,рабочий,11,0,0.270624,80,станция,
devyatkino,*,рабочий,11,1,0.249804,80,станция,
devyatkino,*,рабочий,11,2,0.240856,80,станция,
devyatkino,*,рабочий,11,3,0.238716,80,станция,
devyatkino,*,рабочий,12,0,0.252116,80,станция,
devyatkino,*,рабочий,12,1,0.25743,80,станция,
devyatkino,*,рабочий,12,2,0.258884,80,станция,
devyatkino,*,рабочий,12,3,0.231569,80,станция,
devyatkino,*,рабочий,13,0,0.251016,80,станция,
devyatkino,*,рабочий,13,1,0.261878,80,станция,
devyatkino,*,рабочий,13,2,0.253717,80,станция,
devyatkino,*,рабочий,13,3,0.233389,80,станция,
devyatkino,*,рабочий,14,0,0.239513,80,станция,
devyatkino,*,рабочий,14,1,0.331819,80,станция,
devyatkino,*,рабочий,14,2,0.21714,80,станция,
devyatkino,*,рабочий,14,3,0.211527,80,станция,
devyatkino,*,рабочий,15,0,0.260417,80,станция,
devyatkino,*,рабочий,15,1,0.250241,80,станция,
devyatkino,*,рабочий,15,2,0.243809,80,станция,
devyatkino,*,рабочий,15,3,0.245533,80,станция,
devyatkino,*,рабочий,16,0,0.239075,80,станция,
devyatkino,*,рабочий,16,1,0.23489,80,станция,
devyatkino,*,рабочий,16,2,0.229429,80,станция,
devyatkino,*,рабочий,16,3,0.296606,80,станция,
devyatkino,*,рабочий,17,0,0.22196,80,станция,
devyatkino,*,рабочий,17,1,0.277669,80,станция,
devyatkino,*,рабочий,17,2,0.274552,80,станция,
devyatkino,*,рабочий,17,3,0.225818,80,станция,
devyatkino,*,рабочий,18,0,0.266236,80,станция,
devyatkino,*,рабочий,18,1,0.244788,80,станция,
devyatkino,*,рабочий,18,2,0.276129,80,станция,
devyatkino,*,рабочий,18,3,0.212847,80,станция,
devyatkino,*,рабочий,19,0,0.284553,80,станция,
devyatkino,*,рабочий,19,1,0.242621,80,станция,
devyatkino,*,рабочий,19,2,0.242723,80,станция,
devyatkino,*,рабочий,19,3,0.230104,80,станция,
devyatkino,*,рабочий,20,0,0.296605,80,станция,
devyatkino,*,рабочий,20,1,0.258751,80,станция,
devyatkino,*,рабочий,20,2,0.231785,80,станция,
devyatkino,*,рабочий,20,3,0.212859,80,станция,
devyatkino,*,рабочий,21,0,0.240318,80,станция,
devyatkino,*,рабочий,21,1,0.333422,80,станция,
devyatkino,*,рабочий,21,2,0.220649,80,станция,
devyatkino,*,рабочий,21,3,0.205611,80,станция,
devyatkino,*,рабочий,22,0,0.29947,80,станция,
devyatkino,*,рабочий,22,1,0.277019,80,станция,
devyatkino,*,рабочий,22,2,0.233663,80,станция,
devyatkino,*,рабочий,22,3,0.189848,80,станция,
devyatkino,*,рабочий,23,0,0.346983,80,станция,
devyatkino,*,рабочий,23,1,0.249154,80,станция,
devyatkino,*,рабочий,23,2,0.201279,80,станция,
devyatkino,*,рабочий,23,3,0.202584,80,станция,
devyatkino,*,рабочий,0,0,0.787024,80,станция,
devyatkino,*,рабочий,0,1,0.187588,80,станция,
devyatkino,*,рабочий,0,2,0.023977,80,станция,
devyatkino,*,рабочий,0,3,0.00141,80,станция,
devyatkino,*,суббота,5,0,0.006142,16,станция,
devyatkino,*,суббота,5,1,0.020383,16,станция,
devyatkino,*,суббота,5,2,0.455452,16,станция,
devyatkino,*,суббота,5,3,0.518024,16,станция,
devyatkino,*,суббота,6,0,0.197013,16,станция,
devyatkino,*,суббота,6,1,0.247872,16,станция,
devyatkino,*,суббота,6,2,0.268083,16,станция,
devyatkino,*,суббота,6,3,0.287032,16,станция,
devyatkino,*,суббота,7,0,0.218565,16,станция,
devyatkino,*,суббота,7,1,0.224376,16,станция,
devyatkino,*,суббота,7,2,0.24004,16,станция,
devyatkino,*,суббота,7,3,0.317018,16,станция,
devyatkino,*,суббота,8,0,0.252512,16,станция,
devyatkino,*,суббота,8,1,0.256239,16,станция,
devyatkino,*,суббота,8,2,0.246938,16,станция,
devyatkino,*,суббота,8,3,0.244311,16,станция,
devyatkino,*,суббота,9,0,0.26918,16,станция,
devyatkino,*,суббота,9,1,0.276803,16,станция,
devyatkino,*,суббота,9,2,0.230374,16,станция,
devyatkino,*,суббота,9,3,0.223643,16,станция,
devyatkino,*,суббота,10,0,0.259441,16,станция,
devyatkino,*,суббота,10,1,0.27551,16,станция,
devyatkino,*,суббота,10,2,0.228641,16,станция,
devyatkino,*,суббота,10,3,0.236409,16,станция,
devyatkino,*,суббота,11,0,0.263937,16,станция,
devyatkino,*,суббота,11,1,0.258144,16,станция,
devyatkino,*,суббота,11,2,0.244022,16,станция,
devyatkino,*,суббота,11,3,0.233897,16,станция,
devyatkino,*,суббота,12,0,0.241704,16,станция,
devyatkino,*,суббота,12,1,0.273306,16,станция,
devyatkino,*,суббота,12,2,0.247631,16,станция,
devyatkino,*,суббота,12,3,0.237359,16,станция,
devyatkino,*,суббота,13,0,0.245019,16,станция,
devyatkino,*,суббота,13,1,0.273301,16,станция,
devyatkino,*,суббота,13,2,0.253916,16,станция,
devyatkino,*,суббота,13,3,0.227765,16,станция,
devyatkino,*,суббота,14,0,0.245816,16,станция,
devyatkino,*,суббота,14,1,0.302138,16,станция,
devyatkino,*,суббота,14,2,0.225882,16,станция,
devyatkino,*,суббота,14,3,0.226165,16,станция,
devyatkino,*,суббота,15,0,0.267065,16,станция,
devyatkino,*,суббота,15,1,0.2355,16,станция,
devyatkino,*,суббота,15,2,0.264744,16,станция,
devyatkino,*,суббота,15,3,0.232691,16,станция,
devyatkino,*,суббота,16,0,0.244452,16,станция,
devyatkino,*,суббота,16,1,0.251465,16,станция,
devyatkino,*,суббота,16,2,0.264211,16,станция,
devyatkino,*,суббота,16,3,0.239872,16,станция,
devyatkino,*,суббота,17,0,0.240076,16,станция,
devyatkino,*,суббота,17,1,0.288451,16,станция,
devyatkino,*,суббота,17,2,0.250966,16,станция,
devyatkino,*,суббота,17,3,0.220507,16,станция,
devyatkino,*,суббота,18,0,0.284787,16,станция,
devyatkino,*,суббота,18,1,0.233978,16,станция,
devyatkino,*,суббота,18,2,0.265272,16,станция,
devyatkino,*,суббота,18,3,0.215963,16,станция,
devyatkino,*,суббота,19,0,0.289061,16,станция,
devyatkino,*,суббота,19,1,0.243154,16,станция,
devyatkino,*,суббота,19,2,0.246607,16,станция,
devyatkino,*,суббота,19,3,0.221178,16,станция,
devyatkino,*,суббота,20,0,0.292172,16,станция,
devyatkino,*,суббота,20,1,0.261596,16,станция,
devyatkino,*,суббота,20,2,0.227727,16,станция,
devyatkino,*,суббота,20,3,0.218505,16,станция,
devyatkino,*,суббота,21,0,0.230278,16,станция,
devyatkino,*,суббота,21,1,0.335925,16,станция,
devyatkino,*,суббота,21,2,0.218781,16,станция,
devyatkino,*,суббота,21,3,0.215016,16,станция,
devyatkino,*,суббота,22,0,0.295201,16,станция,
devyatkino,*,суббота,22,1,0.275422,16,станция,
devyatkino,*,суббота,22,2,0.237808,16,станция,
devyatkino,*,суббота,22,3,0.191569,16,станция,
devyatkino,*,суббота,23,0,0.326076,16,станция,
devyatkino,*,суббота,23,1,0.250652,16,станция,
devyatkino,*,суббота,23,2,0.199446,16,станция,
devyatkino,*,суббота,23,3,0.223826,16,станция,
devyatkino,*,суббота,0,0,0.59231,16,группа,
devyatkino,*,суббота,0,1,0.228957,16,группа,
devyatkino,*,суббота,0,2,0.118462,16,группа,
devyatkino,*,суббота,0,3,0.06027,16,группа,
devyatkino,*,воскресенье,5,0,0.006372,17,станция,
devyatkino,*,воскресенье,5,1,0.020676,17,станция,
devyatkino,*,воскресенье,5,2,0.449675,17,станция,
devyatkino,*,воскресенье,5,3,0.523277,17,станция,
devyatkino,*,воскресенье,6,0,0.191373,17,станция,
devyatkino,*,воскресенье,6,1,0.228526,17,станция,
devyatkino,*,воскресенье,6,2,0.274232,17,станция,
devyatkino,*,воскресенье,6,3,0.305869,17,станция,
devyatkino,*,воскресенье,7,0,0.238022,17,станция,
devyatkino,*,воскресенье,7,1,0.240913,17,станция,
devyatkino,*,воскресенье,7,2,0.227735,17,станция,
devyatkino,*,воскресенье,7,3,0.29333,17,станция,
devyatkino,*,воскресенье,8,0,0.218842,17,станция,
devyatkino,*,воскресенье,8,1,0.247876,17,станция,
devyatkino,*,воскресенье,8,2,0.248798,17,станция,
devyatkino,*,воскресенье,8,3,0.284484,17,станция,
devyatkino,*,воскресенье,9,0,0.279029,17,станция,
devyatkino,*,воскресенье,9,1,0.25551,17,станция,
devyatkino,*,воскресенье,9,2,0.229974,17,станция,
devyatkino,*,воскресенье,9,3,0.235487,17,станция,
devyatkino,*,воскресенье,10,0,0.257277,17,станция,
devyatkino,*,воскресенье,10,1,0.260046,17,станция,
devyatkino,*,воскресенье,10,2,0.237377,17,станция,
devyatkino,*,воскресенье,10,3,0.2453,17,станция,
devyatkino,*,воскресенье,11,0,0.279118,17,станция,
devyatkino,*,воскресенье,11,1,0.25168,17,станция,
devyatkino,*,воскресенье,11,2,0.241965,17,станция,
devyatkino,*,воскресенье,11,3,0.227237,17,станция,
devyatkino,*,воскресенье,12,0,0.232651,17,станция,
devyatkino,*,воскресенье,12,1,0.271554,17,станция,
devyatkino,*,воскресенье,12,2,0.257194,17,станция,
devyatkino,*,воскресенье,12,3,0.238601,17,станция,
devyatkino,*,воскресенье,13,0,0.237548,17,станция,
devyatkino,*,воскресенье,13,1,0.278296,17,станция,
devyatkino,*,воскресенье,13,2,0.260015,17,станция,
devyatkino,*,воскресенье,13,3,0.224141,17,станция,
devyatkino,*,воскресенье,14,0,0.236668,17,станция,
devyatkino,*,воскресенье,14,1,0.316517,17,станция,
devyatkino,*,воскресенье,14,2,0.225631,17,станция,
devyatkino,*,воскресенье,14,3,0.221185,17,станция,
devyatkino,*,воскресенье,15,0,0.27649,17,станция,
devyatkino,*,воскресенье,15,1,0.228267,17,станция,
devyatkino,*,воскресенье,15,2,0.274023,17,станция,
devyatkino,*,воскресенье,15,3,0.22122,17,станция,
devyatkino,*,воскресенье,16,0,0.22727,17,станция,
devyatkino,*,воскресенье,16,1,0.249097,17,станция,
devyatkino,*,воскресенье,16,2,0.285496,17,станция,
devyatkino,*,воскресенье,16,3,0.238137,17,станция,
devyatkino,*,воскресенье,17,0,0.226813,17,станция,
devyatkino,*,воскресенье,17,1,0.304703,17,станция,
devyatkino,*,воскресенье,17,2,0.255611,17,станция,
devyatkino,*,воскресенье,17,3,0.212873,17,станция,
devyatkino,*,воскресенье,18,0,0.292711,17,станция,
devyatkino,*,воскресенье,18,1,0.218602,17,станция,
devyatkino,*,воскресенье,18,2,0.282217,17,станция,
devyatkino,*,воскресенье,18,3,0.20647,17,станция,
devyatkino,*,воскресенье,19,0,0.282709,17,станция,
devyatkino,*,воскресенье,19,1,0.233468,17,станция,
devyatkino,*,воскресенье,19,2,0.247436,17,станция,
devyatkino,*,воскресенье,19,3,0.236387,17,станция,
devyatkino,*,воскресенье,20,0,0.298964,17,станция,
devyatkino,*,воскресенье,20,1,0.25375,17,станция,
devyatkino,*,воскресенье,20,2,0.220998,17,станция,
devyatkino,*,воскресенье,20,3,0.226289,17,станция,
devyatkino,*,воскресенье,21,0,0.223656,17,станция,
devyatkino,*,воскресенье,21,1,0.372072,17,станция,
devyatkino,*,воскресенье,21,2,0.196796,17,станция,
devyatkino,*,воскресенье,21,3,0.207475,17,станция,
devyatkino,*,воскресенье,22,0,0.299628,17,станция,
devyatkino,*,воскресенье,22,1,0.252856,17,станция,
devyatkino,*,воскресенье,22,2,0.252923,17,станция,
devyatkino,*,воскресенье,22,3,0.194593,17,станция,
devyatkino,*,воскресенье,23,0,0.386726,17,станция,
devyatkino,*,воскресенье,23,1,0.235364,17,станция,
devyatkino,*,воскресенье,23,2,0.186528,17,станция,
devyatkino,*,воскресенье,23,3,0.191382,17,станция,
devyatkino,*,воскресенье,0,0,0.550124,17,группа,
devyatkino,*,воскресенье,0,1,0.255178,17,группа,
devyatkino,*,воскресенье,0,2,0.128832,17,группа,
devyatkino,*,воскресенье,0,3,0.065866,17,группа,
grazhdansky_prospekt,grazhdansky_prospekt_1,рабочий,5,0,0.001026,79,вестибюль,
grazhdansky_prospekt,grazhdansky_prospekt_1,рабочий,5,1,0.046325,79,вестибюль,
grazhdansky_prospekt,grazhdansky_prospekt_1,рабочий,5,2,0.45854,79,вестибюль,
grazhdansky_prospekt,grazhdansky_prospekt_1,рабочий,5,3,0.494109,79,вестибюль,
grazhdansky_prospekt,grazhdansky_prospekt_1,рабочий,6,0,0.192945,79,вестибюль,
grazhdansky_prospekt,grazhdansky_prospekt_1,рабочий,6,1,0.237926,79,вестибюль,
grazhdansky_prospekt,grazhdansky_prospekt_1,рабочий,6,2,0.248309,79,вестибюль,
grazhdansky_prospekt,grazhdansky_prospekt_1,рабочий,6,3,0.32082,79,вестибюль,
grazhdansky_prospekt,grazhdansky_prospekt_1,рабочий,7,0,0.211091,80,вестибюль,
grazhdansky_prospekt,grazhdansky_prospekt_1,рабочий,7,1,0.225065,80,вестибюль,
grazhdansky_prospekt,grazhdansky_prospekt_1,рабочий,7,2,0.257097,80,вестибюль,
grazhdansky_prospekt,grazhdansky_prospekt_1,рабочий,7,3,0.306747,80,вестибюль,
grazhdansky_prospekt,grazhdansky_prospekt_1,рабочий,8,0,0.296327,80,вестибюль,
grazhdansky_prospekt,grazhdansky_prospekt_1,рабочий,8,1,0.278142,80,вестибюль,
grazhdansky_prospekt,grazhdansky_prospekt_1,рабочий,8,2,0.226747,80,вестибюль,
grazhdansky_prospekt,grazhdansky_prospekt_1,рабочий,8,3,0.198784,80,вестибюль,
grazhdansky_prospekt,grazhdansky_prospekt_1,рабочий,9,0,0.298354,80,вестибюль,
grazhdansky_prospekt,grazhdansky_prospekt_1,рабочий,9,1,0.27596,80,вестибюль,
grazhdansky_prospekt,grazhdansky_prospekt_1,рабочий,9,2,0.230062,80,вестибюль,
grazhdansky_prospekt,grazhdansky_prospekt_1,рабочий,9,3,0.195624,80,вестибюль,
grazhdansky_prospekt,grazhdansky_prospekt_1,рабочий,10,0,0.29079,80,вестибюль,
grazhdansky_prospekt,grazhdansky_prospekt_1,рабочий,10,1,0.270867,80,вестибюль,
grazhdansky_prospekt,grazhdansky_prospekt_1,рабочий,10,2,0.229573,80,вестибюль,
grazhdansky_prospekt,grazhdansky_prospekt_1,рабочий,10,3,0.208769,80,вестибюль,
grazhdansky_prospekt,grazhdansky_prospekt_1,рабочий,11,0,0.246607,80,вестибюль,
grazhdansky_prospekt,grazhdansky_prospekt_1,рабочий,11,1,0.255678,80,вестибюль,
grazhdansky_prospekt,grazhdansky_prospekt_1,рабочий,11,2,0.255989,80,вестибюль,
grazhdansky_prospekt,grazhdansky_prospekt_1,рабочий,11,3,0.241726,80,вестибюль,
grazhdansky_prospekt,grazhdansky_prospekt_1,рабочий,12,0,0.267124,80,вестибюль,
grazhdansky_prospekt,grazhdansky_prospekt_1,рабочий,12,1,0.244213,80,вестибюль,
grazhdansky_prospekt,grazhdansky_prospekt_1,рабочий,12,2,0.241331,80,вестибюль,
grazhdansky_prospekt,grazhdansky_prospekt_1,рабочий,12,3,0.247332,80,вестибюль,
grazhdansky_prospekt,grazhdansky_prospekt_1,рабочий,13,0,0.249331,80,вестибюль,
grazhdansky_prospekt,grazhdansky_prospekt_1,рабочий,13,1,0.255276,80,вестибюль,
grazhdansky_prospekt,grazhdansky_prospekt_1,рабочий,13,2,0.249897,80,вестибюль,
grazhdansky_prospekt,grazhdansky_prospekt_1,рабочий,13,3,0.245495,80,вестибюль,
grazhdansky_prospekt,grazhdansky_prospekt_1,рабочий,14,0,0.257975,80,вестибюль,
grazhdansky_prospekt,grazhdansky_prospekt_1,рабочий,14,1,0.262147,80,вестибюль,
grazhdansky_prospekt,grazhdansky_prospekt_1,рабочий,14,2,0.230994,80,вестибюль,
grazhdansky_prospekt,grazhdansky_prospekt_1,рабочий,14,3,0.248884,80,вестибюль,
grazhdansky_prospekt,grazhdansky_prospekt_1,рабочий,15,0,0.251001,80,вестибюль,
grazhdansky_prospekt,grazhdansky_prospekt_1,рабочий,15,1,0.245873,80,вестибюль,
grazhdansky_prospekt,grazhdansky_prospekt_1,рабочий,15,2,0.234935,80,вестибюль,
grazhdansky_prospekt,grazhdansky_prospekt_1,рабочий,15,3,0.26819,80,вестибюль,
grazhdansky_prospekt,grazhdansky_prospekt_1,рабочий,16,0,0.242585,80,вестибюль,
grazhdansky_prospekt,grazhdansky_prospekt_1,рабочий,16,1,0.248574,80,вестибюль,
grazhdansky_prospekt,grazhdansky_prospekt_1,рабочий,16,2,0.243637,80,вестибюль,
grazhdansky_prospekt,grazhdansky_prospekt_1,рабочий,16,3,0.265204,80,вестибюль,
grazhdansky_prospekt,grazhdansky_prospekt_1,рабочий,17,0,0.239183,80,вестибюль,
grazhdansky_prospekt,grazhdansky_prospekt_1,рабочий,17,1,0.262766,80,вестибюль,
grazhdansky_prospekt,grazhdansky_prospekt_1,рабочий,17,2,0.248889,80,вестибюль,
grazhdansky_prospekt,grazhdansky_prospekt_1,рабочий,17,3,0.249162,80,вестибюль,
grazhdansky_prospekt,grazhdansky_prospekt_1,рабочий,18,0,0.276081,80,вестибюль,
grazhdansky_prospekt,grazhdansky_prospekt_1,рабочий,18,1,0.269432,80,вестибюль,
grazhdansky_prospekt,grazhdansky_prospekt_1,рабочий,18,2,0.240446,80,вестибюль,
grazhdansky_prospekt,grazhdansky_prospekt_1,рабочий,18,3,0.21404,80,вестибюль,
grazhdansky_prospekt,grazhdansky_prospekt_1,рабочий,19,0,0.290677,80,вестибюль,
grazhdansky_prospekt,grazhdansky_prospekt_1,рабочий,19,1,0.264698,80,вестибюль,
grazhdansky_prospekt,grazhdansky_prospekt_1,рабочий,19,2,0.23114,80,вестибюль,
grazhdansky_prospekt,grazhdansky_prospekt_1,рабочий,19,3,0.213486,80,вестибюль,
grazhdansky_prospekt,grazhdansky_prospekt_1,рабочий,20,0,0.27374,80,вестибюль,
grazhdansky_prospekt,grazhdansky_prospekt_1,рабочий,20,1,0.27117,80,вестибюль,
grazhdansky_prospekt,grazhdansky_prospekt_1,рабочий,20,2,0.236819,80,вестибюль,
grazhdansky_prospekt,grazhdansky_prospekt_1,рабочий,20,3,0.218271,80,вестибюль,
grazhdansky_prospekt,grazhdansky_prospekt_1,рабочий,21,0,0.286422,80,вестибюль,
grazhdansky_prospekt,grazhdansky_prospekt_1,рабочий,21,1,0.283607,80,вестибюль,
grazhdansky_prospekt,grazhdansky_prospekt_1,рабочий,21,2,0.225954,80,вестибюль,
grazhdansky_prospekt,grazhdansky_prospekt_1,рабочий,21,3,0.204017,80,вестибюль,
grazhdansky_prospekt,grazhdansky_prospekt_1,рабочий,22,0,0.28934,80,вестибюль,
grazhdansky_prospekt,grazhdansky_prospekt_1,рабочий,22,1,0.294653,80,вестибюль,
grazhdansky_prospekt,grazhdansky_prospekt_1,рабочий,22,2,0.235407,80,вестибюль,
grazhdansky_prospekt,grazhdansky_prospekt_1,рабочий,22,3,0.1806,80,вестибюль,
grazhdansky_prospekt,grazhdansky_prospekt_1,рабочий,23,0,0.293756,80,вестибюль,
grazhdansky_prospekt,grazhdansky_prospekt_1,рабочий,23,1,0.275249,80,вестибюль,
grazhdansky_prospekt,grazhdansky_prospekt_1,рабочий,23,2,0.223321,80,вестибюль,
grazhdansky_prospekt,grazhdansky_prospekt_1,рабочий,23,3,0.207673,80,вестибюль,
grazhdansky_prospekt,grazhdansky_prospekt_1,рабочий,0,0,0.457388,79,вестибюль,
grazhdansky_prospekt,grazhdansky_prospekt_1,рабочий,0,1,0.31729,79,вестибюль,
grazhdansky_prospekt,grazhdansky_prospekt_1,рабочий,0,2,0.160638,79,вестибюль,
grazhdansky_prospekt,grazhdansky_prospekt_1,рабочий,0,3,0.064684,79,вестибюль,
grazhdansky_prospekt,grazhdansky_prospekt_1,суббота,5,0,0.002017,16,вестибюль,
grazhdansky_prospekt,grazhdansky_prospekt_1,суббота,5,1,0.029336,16,вестибюль,
grazhdansky_prospekt,grazhdansky_prospekt_1,суббота,5,2,0.368537,16,вестибюль,
grazhdansky_prospekt,grazhdansky_prospekt_1,суббота,5,3,0.60011,16,вестибюль,
grazhdansky_prospekt,grazhdansky_prospekt_1,суббота,6,0,0.209956,16,вестибюль,
grazhdansky_prospekt,grazhdansky_prospekt_1,суббота,6,1,0.254652,16,вестибюль,
grazhdansky_prospekt,grazhdansky_prospekt_1,суббота,6,2,0.232753,16,вестибюль,
grazhdansky_prospekt,grazhdansky_prospekt_1,суббота,6,3,0.302639,16,вестибюль,
grazhdansky_prospekt,grazhdansky_prospekt_1,суббота,7,0,0.241404,16,вестибюль,
grazhdansky_prospekt,grazhdansky_prospekt_1,суббота,7,1,0.236626,16,вестибюль,
grazhdansky_prospekt,grazhdansky_prospekt_1,суббота,7,2,0.238165,16,вестибюль,
grazhdansky_prospekt,grazhdansky_prospekt_1,суббота,7,3,0.283805,16,вестибюль,
grazhdansky_prospekt,grazhdansky_prospekt_1,суббота,8,0,0.261368,16,вестибюль,
grazhdansky_prospekt,grazhdansky_prospekt_1,суббота,8,1,0.256125,16,вестибюль,
grazhdansky_prospekt,grazhdansky_prospekt_1,суббота,8,2,0.232148,16,вестибюль,
grazhdansky_prospekt,grazhdansky_prospekt_1,суббота,8,3,0.250358,16,вестибюль,
grazhdansky_prospekt,grazhdansky_prospekt_1,суббота,9,0,0.261342,16,вестибюль,
grazhdansky_prospekt,grazhdansky_prospekt_1,суббота,9,1,0.261174,16,вестибюль,
grazhdansky_prospekt,grazhdansky_prospekt_1,суббота,9,2,0.234899,16,вестибюль,
grazhdansky_prospekt,grazhdansky_prospekt_1,суббота,9,3,0.242584,16,вестибюль,
grazhdansky_prospekt,grazhdansky_prospekt_1,суббота,10,0,0.264173,16,вестибюль,
grazhdansky_prospekt,grazhdansky_prospekt_1,суббота,10,1,0.258661,16,вестибюль,
grazhdansky_prospekt,grazhdansky_prospekt_1,суббота,10,2,0.2356,16,вестибюль,
grazhdansky_prospekt,grazhdansky_prospekt_1,суббота,10,3,0.241566,16,вестибюль,
grazhdansky_prospekt,grazhdansky_prospekt_1,суббота,11,0,0.24362,16,вестибюль,
grazhdansky_prospekt,grazhdansky_prospekt_1,суббота,11,1,0.256021,16,вестибюль,
grazhdansky_prospekt,grazhdansky_prospekt_1,суббота,11,2,0.249462,16,вестибюль,
grazhdansky_prospekt,grazhdansky_prospekt_1,суббота,11,3,0.250897,16,вестибюль,
grazhdansky_prospekt,grazhdansky_prospekt_1,суббота,12,0,0.252405,16,вестибюль,
grazhdansky_prospekt,grazhdansky_prospekt_1,суббота,12,1,0.246112,16,вестибюль,
grazhdansky_prospekt,grazhdansky_prospekt_1,суббота,12,2,0.24799,16,вестибюль,
grazhdansky_prospekt,grazhdansky_prospekt_1,суббота,12,3,0.253492,16,вестибюль,
grazhdansky_prospekt,grazhdansky_prospekt_1,суббота,13,0,0.23971,16,вестибюль,
grazhdansky_prospekt,grazhdansky_prospekt_1,суббота,13,1,0.262772,16,вестибюль,
grazhdansky_prospekt,grazhdansky_prospekt_1,суббота,13,2,0.250216,16,вестибюль,
grazhdansky_prospekt,grazhdansky_prospekt_1,суббота,13,3,0.247301,16,вестибюль,
grazhdansky_prospekt,grazhdansky_prospekt_1,суббота,14,0,0.255707,16,вестибюль,
grazhdansky_prospekt,grazhdansky_prospekt_1,суббота,14,1,0.26223,16,вестибюль,
grazhdansky_prospekt,grazhdansky_prospekt_1,суббота,14,2,0.237754,16,вестибюль,
grazhdansky_prospekt,grazhdansky_prospekt_1,суббота,14,3,0.244309,16,вестибюль,
grazhdansky_prospekt,grazhdansky_prospekt_1,суббота,15,0,0.26493,16,вестибюль,
grazhdansky_prospekt,grazhdansky_prospekt_1,суббота,15,1,0.249975,16,вестибюль,
grazhdansky_prospekt,grazhdansky_prospekt_1,суббота,15,2,0.236152,16,вестибюль,
grazhdansky_prospekt,grazhdansky_prospekt_1,суббота,15,3,0.248942,16,вестибюль,
grazhdansky_prospekt,grazhdansky_prospekt_1,суббота,16,0,0.25034,16,вестибюль,
grazhdansky_prospekt,grazhdansky_prospekt_1,суббота,16,1,0.264934,16,вестибюль,
grazhdansky_prospekt,grazhdansky_prospekt_1,суббота,16,2,0.250723,16,вестибюль,
grazhdansky_prospekt,grazhdansky_prospekt_1,суббота,16,3,0.234003,16,вестибюль,
grazhdansky_prospekt,grazhdansky_prospekt_1,суббота,17,0,0.246372,16,вестибюль,
grazhdansky_prospekt,grazhdansky_prospekt_1,суббота,17,1,0.272849,16,вестибюль,
grazhdansky_prospekt,grazhdansky_prospekt_1,суббота,17,2,0.239461,16,вестибюль,
grazhdansky_prospekt,grazhdansky_prospekt_1,суббота,17,3,0.241318,16,вестибюль,
grazhdansky_prospekt,grazhdansky_prospekt_1,суббота,18,0,0.272624,16,вестибюль,
grazhdansky_prospekt,grazhdansky_prospekt_1,суббота,18,1,0.260068,16,вестибюль,
grazhdansky_prospekt,grazhdansky_prospekt_1,суббота,18,2,0.23451,16,вестибюль,
grazhdansky_prospekt,grazhdansky_prospekt_1,суббота,18,3,0.232798,16,вестибюль,
grazhdansky_prospekt,grazhdansky_prospekt_1,суббота,19,0,0.276355,16,вестибюль,
grazhdansky_prospekt,grazhdansky_prospekt_1,суббота,19,1,0.262371,16,вестибюль,
grazhdansky_prospekt,grazhdansky_prospekt_1,суббота,19,2,0.238221,16,вестибюль,
grazhdansky_prospekt,grazhdansky_prospekt_1,суббота,19,3,0.223053,16,вестибюль,
grazhdansky_prospekt,grazhdansky_prospekt_1,суббота,20,0,0.246044,16,вестибюль,
grazhdansky_prospekt,grazhdansky_prospekt_1,суббота,20,1,0.274413,16,вестибюль,
grazhdansky_prospekt,grazhdansky_prospekt_1,суббота,20,2,0.250989,16,вестибюль,
grazhdansky_prospekt,grazhdansky_prospekt_1,суббота,20,3,0.228554,16,вестибюль,
grazhdansky_prospekt,grazhdansky_prospekt_1,суббота,21,0,0.286633,16,вестибюль,
grazhdansky_prospekt,grazhdansky_prospekt_1,суббота,21,1,0.269067,16,вестибюль,
grazhdansky_prospekt,grazhdansky_prospekt_1,суббота,21,2,0.229379,16,вестибюль,
grazhdansky_prospekt,grazhdansky_prospekt_1,суббота,21,3,0.214921,16,вестибюль,
grazhdansky_prospekt,grazhdansky_prospekt_1,суббота,22,0,0.284877,16,вестибюль,
grazhdansky_prospekt,grazhdansky_prospekt_1,суббота,22,1,0.285989,16,вестибюль,
grazhdansky_prospekt,grazhdansky_prospekt_1,суббота,22,2,0.236757,16,вестибюль,
grazhdansky_prospekt,grazhdansky_prospekt_1,суббота,22,3,0.192378,16,вестибюль,
grazhdansky_prospekt,grazhdansky_prospekt_1,суббота,23,0,0.271145,16,вестибюль,
grazhdansky_prospekt,grazhdansky_prospekt_1,суббота,23,1,0.269912,16,вестибюль,
grazhdansky_prospekt,grazhdansky_prospekt_1,суббота,23,2,0.220305,16,вестибюль,
grazhdansky_prospekt,grazhdansky_prospekt_1,суббота,23,3,0.238638,16,вестибюль,
grazhdansky_prospekt,grazhdansky_prospekt_1,суббота,0,0,0.450742,15,вестибюль,
grazhdansky_prospekt,grazhdansky_prospekt_1,суббота,0,1,0.330634,15,вестибюль,
grazhdansky_prospekt,grazhdansky_prospekt_1,суббота,0,2,0.160594,15,вестибюль,
grazhdansky_prospekt,grazhdansky_prospekt_1,суббота,0,3,0.05803,15,вестибюль,
grazhdansky_prospekt,grazhdansky_prospekt_1,воскресенье,5,0,0.003199,17,вестибюль,
grazhdansky_prospekt,grazhdansky_prospekt_1,воскресенье,5,1,0.028259,17,вестибюль,
grazhdansky_prospekt,grazhdansky_prospekt_1,воскресенье,5,2,0.36257,17,вестибюль,
grazhdansky_prospekt,grazhdansky_prospekt_1,воскресенье,5,3,0.605972,17,вестибюль,
grazhdansky_prospekt,grazhdansky_prospekt_1,воскресенье,6,0,0.208265,17,вестибюль,
grazhdansky_prospekt,grazhdansky_prospekt_1,воскресенье,6,1,0.259574,17,вестибюль,
grazhdansky_prospekt,grazhdansky_prospekt_1,воскресенье,6,2,0.23036,17,вестибюль,
grazhdansky_prospekt,grazhdansky_prospekt_1,воскресенье,6,3,0.3018,17,вестибюль,
grazhdansky_prospekt,grazhdansky_prospekt_1,воскресенье,7,0,0.251824,17,вестибюль,
grazhdansky_prospekt,grazhdansky_prospekt_1,воскресенье,7,1,0.23985,17,вестибюль,
grazhdansky_prospekt,grazhdansky_prospekt_1,воскресенье,7,2,0.238541,17,вестибюль,
grazhdansky_prospekt,grazhdansky_prospekt_1,воскресенье,7,3,0.269785,17,вестибюль,
grazhdansky_prospekt,grazhdansky_prospekt_1,воскресенье,8,0,0.233507,17,вестибюль,
grazhdansky_prospekt,grazhdansky_prospekt_1,воскресенье,8,1,0.238721,17,вестибюль,
grazhdansky_prospekt,grazhdansky_prospekt_1,воскресенье,8,2,0.246742,17,вестибюль,
grazhdansky_prospekt,grazhdansky_prospekt_1,воскресенье,8,3,0.281031,17,вестибюль,
grazhdansky_prospekt,grazhdansky_prospekt_1,воскресенье,9,0,0.271551,17,вестибюль,
grazhdansky_prospekt,grazhdansky_prospekt_1,воскресенье,9,1,0.256279,17,вестибюль,
grazhdansky_prospekt,grazhdansky_prospekt_1,воскресенье,9,2,0.232182,17,вестибюль,
grazhdansky_prospekt,grazhdansky_prospekt_1,воскресенье,9,3,0.239988,17,вестибюль,
grazhdansky_prospekt,grazhdansky_prospekt_1,воскресенье,10,0,0.255521,17,вестибюль,
grazhdansky_prospekt,grazhdansky_prospekt_1,воскресенье,10,1,0.261984,17,вестибюль,
grazhdansky_prospekt,grazhdansky_prospekt_1,воскресенье,10,2,0.233222,17,вестибюль,
grazhdansky_prospekt,grazhdansky_prospekt_1,воскресенье,10,3,0.249272,17,вестибюль,
grazhdansky_prospekt,grazhdansky_prospekt_1,воскресенье,11,0,0.245919,17,вестибюль,
grazhdansky_prospekt,grazhdansky_prospekt_1,воскресенье,11,1,0.263404,17,вестибюль,
grazhdansky_prospekt,grazhdansky_prospekt_1,воскресенье,11,2,0.246256,17,вестибюль,
grazhdansky_prospekt,grazhdansky_prospekt_1,воскресенье,11,3,0.244421,17,вестибюль,
grazhdansky_prospekt,grazhdansky_prospekt_1,воскресенье,12,0,0.252133,17,вестибюль,
grazhdansky_prospekt,grazhdansky_prospekt_1,воскресенье,12,1,0.246409,17,вестибюль,
grazhdansky_prospekt,grazhdansky_prospekt_1,воскресенье,12,2,0.256435,17,вестибюль,
grazhdansky_prospekt,grazhdansky_prospekt_1,воскресенье,12,3,0.245023,17,вестибюль,
grazhdansky_prospekt,grazhdansky_prospekt_1,воскресенье,13,0,0.249448,17,вестибюль,
grazhdansky_prospekt,grazhdansky_prospekt_1,воскресенье,13,1,0.260416,17,вестибюль,
grazhdansky_prospekt,grazhdansky_prospekt_1,воскресенье,13,2,0.249339,17,вестибюль,
grazhdansky_prospekt,grazhdansky_prospekt_1,воскресенье,13,3,0.240796,17,вестибюль,
grazhdansky_prospekt,grazhdansky_prospekt_1,воскресенье,14,0,0.260425,17,вестибюль,
grazhdansky_prospekt,grazhdansky_prospekt_1,воскресенье,14,1,0.264441,17,вестибюль,
grazhdansky_prospekt,grazhdansky_prospekt_1,воскресенье,14,2,0.234186,17,вестибюль,
grazhdansky_prospekt,grazhdansky_prospekt_1,воскресенье,14,3,0.240948,17,вестибюль,
grazhdansky_prospekt,grazhdansky_prospekt_1,воскресенье,15,0,0.264208,17,вестибюль,
grazhdansky_prospekt,grazhdansky_prospekt_1,воскресенье,15,1,0.24661,17,вестибюль,
grazhdansky_prospekt,grazhdansky_prospekt_1,воскресенье,15,2,0.246038,17,вестибюль,
grazhdansky_prospekt,grazhdansky_prospekt_1,воскресенье,15,3,0.243143,17,вестибюль,
grazhdansky_prospekt,grazhdansky_prospekt_1,воскресенье,16,0,0.244953,17,вестибюль,
grazhdansky_prospekt,grazhdansky_prospekt_1,воскресенье,16,1,0.260759,17,вестибюль,
grazhdansky_prospekt,grazhdansky_prospekt_1,воскресенье,16,2,0.260603,17,вестибюль,
grazhdansky_prospekt,grazhdansky_prospekt_1,воскресенье,16,3,0.233685,17,вестибюль,
grazhdansky_prospekt,grazhdansky_prospekt_1,воскресенье,17,0,0.243102,17,вестибюль,
grazhdansky_prospekt,grazhdansky_prospekt_1,воскресенье,17,1,0.266753,17,вестибюль,
grazhdansky_prospekt,grazhdansky_prospekt_1,воскресенье,17,2,0.246458,17,вестибюль,
grazhdansky_prospekt,grazhdansky_prospekt_1,воскресенье,17,3,0.243687,17,вестибюль,
grazhdansky_prospekt,grazhdansky_prospekt_1,воскресенье,18,0,0.260327,17,вестибюль,
grazhdansky_prospekt,grazhdansky_prospekt_1,воскресенье,18,1,0.263852,17,вестибюль,
grazhdansky_prospekt,grazhdansky_prospekt_1,воскресенье,18,2,0.243831,17,вестибюль,
grazhdansky_prospekt,grazhdansky_prospekt_1,воскресенье,18,3,0.23199,17,вестибюль,
grazhdansky_prospekt,grazhdansky_prospekt_1,воскресенье,19,0,0.271611,17,вестибюль,
grazhdansky_prospekt,grazhdansky_prospekt_1,воскресенье,19,1,0.268004,17,вестибюль,
grazhdansky_prospekt,grazhdansky_prospekt_1,воскресенье,19,2,0.23718,17,вестибюль,
grazhdansky_prospekt,grazhdansky_prospekt_1,воскресенье,19,3,0.223205,17,вестибюль,
grazhdansky_prospekt,grazhdansky_prospekt_1,воскресенье,20,0,0.260939,17,вестибюль,
grazhdansky_prospekt,grazhdansky_prospekt_1,воскресенье,20,1,0.256461,17,вестибюль,
grazhdansky_prospekt,grazhdansky_prospekt_1,воскресенье,20,2,0.253454,17,вестибюль,
grazhdansky_prospekt,grazhdansky_prospekt_1,воскресенье,20,3,0.229145,17,вестибюль,
grazhdansky_prospekt,grazhdansky_prospekt_1,воскресенье,21,0,0.286554,17,вестибюль,
grazhdansky_prospekt,grazhdansky_prospekt_1,воскресенье,21,1,0.282335,17,вестибюль,
grazhdansky_prospekt,grazhdansky_prospekt_1,воскресенье,21,2,0.218832,17,вестибюль,
grazhdansky_prospekt,grazhdansky_prospekt_1,воскресенье,21,3,0.212279,17,вестибюль,
grazhdansky_prospekt,grazhdansky_prospekt_1,воскресенье,22,0,0.287934,17,вестибюль,
grazhdansky_prospekt,grazhdansky_prospekt_1,воскресенье,22,1,0.29222,17,вестибюль,
grazhdansky_prospekt,grazhdansky_prospekt_1,воскресенье,22,2,0.237998,17,вестибюль,
grazhdansky_prospekt,grazhdansky_prospekt_1,воскресенье,22,3,0.181847,17,вестибюль,
grazhdansky_prospekt,grazhdansky_prospekt_1,воскресенье,23,0,0.298041,17,вестибюль,
grazhdansky_prospekt,grazhdansky_prospekt_1,воскресенье,23,1,0.286356,17,вестибюль,
grazhdansky_prospekt,grazhdansky_prospekt_1,воскресенье,23,2,0.219306,17,вестибюль,
grazhdansky_prospekt,grazhdansky_prospekt_1,воскресенье,23,3,0.196297,17,вестибюль,
grazhdansky_prospekt,grazhdansky_prospekt_1,воскресенье,0,0,0.427663,17,вестибюль,
grazhdansky_prospekt,grazhdansky_prospekt_1,воскресенье,0,1,0.36089,17,вестибюль,
grazhdansky_prospekt,grazhdansky_prospekt_1,воскресенье,0,2,0.163752,17,вестибюль,
grazhdansky_prospekt,grazhdansky_prospekt_1,воскресенье,0,3,0.047695,17,вестибюль,
grazhdansky_prospekt,*,рабочий,5,0,0.001026,79,станция,
grazhdansky_prospekt,*,рабочий,5,1,0.046325,79,станция,
grazhdansky_prospekt,*,рабочий,5,2,0.45854,79,станция,
grazhdansky_prospekt,*,рабочий,5,3,0.494109,79,станция,
grazhdansky_prospekt,*,рабочий,6,0,0.192945,79,станция,
grazhdansky_prospekt,*,рабочий,6,1,0.237926,79,станция,
grazhdansky_prospekt,*,рабочий,6,2,0.248309,79,станция,
grazhdansky_prospekt,*,рабочий,6,3,0.32082,79,станция,
grazhdansky_prospekt,*,рабочий,7,0,0.211091,80,станция,
grazhdansky_prospekt,*,рабочий,7,1,0.225065,80,станция,
grazhdansky_prospekt,*,рабочий,7,2,0.257097,80,станция,
grazhdansky_prospekt,*,рабочий,7,3,0.306747,80,станция,
grazhdansky_prospekt,*,рабочий,8,0,0.296327,80,станция,
grazhdansky_prospekt,*,рабочий,8,1,0.278142,80,станция,
grazhdansky_prospekt,*,рабочий,8,2,0.226747,80,станция,
grazhdansky_prospekt,*,рабочий,8,3,0.198784,80,станция,
grazhdansky_prospekt,*,рабочий,9,0,0.298354,80,станция,
grazhdansky_prospekt,*,рабочий,9,1,0.27596,80,станция,
grazhdansky_prospekt,*,рабочий,9,2,0.230062,80,станция,
grazhdansky_prospekt,*,рабочий,9,3,0.195624,80,станция,
grazhdansky_prospekt,*,рабочий,10,0,0.29079,80,станция,
grazhdansky_prospekt,*,рабочий,10,1,0.270867,80,станция,
grazhdansky_prospekt,*,рабочий,10,2,0.229573,80,станция,
grazhdansky_prospekt,*,рабочий,10,3,0.208769,80,станция,
grazhdansky_prospekt,*,рабочий,11,0,0.246607,80,станция,
grazhdansky_prospekt,*,рабочий,11,1,0.255678,80,станция,
grazhdansky_prospekt,*,рабочий,11,2,0.255989,80,станция,
grazhdansky_prospekt,*,рабочий,11,3,0.241726,80,станция,
grazhdansky_prospekt,*,рабочий,12,0,0.267124,80,станция,
grazhdansky_prospekt,*,рабочий,12,1,0.244213,80,станция,
grazhdansky_prospekt,*,рабочий,12,2,0.241331,80,станция,
grazhdansky_prospekt,*,рабочий,12,3,0.247332,80,станция,
grazhdansky_prospekt,*,рабочий,13,0,0.249331,80,станция,
grazhdansky_prospekt,*,рабочий,13,1,0.255276,80,станция,
grazhdansky_prospekt,*,рабочий,13,2,0.249897,80,станция,
grazhdansky_prospekt,*,рабочий,13,3,0.245495,80,станция,
grazhdansky_prospekt,*,рабочий,14,0,0.257975,80,станция,
grazhdansky_prospekt,*,рабочий,14,1,0.262147,80,станция,
grazhdansky_prospekt,*,рабочий,14,2,0.230994,80,станция,
grazhdansky_prospekt,*,рабочий,14,3,0.248884,80,станция,
grazhdansky_prospekt,*,рабочий,15,0,0.251001,80,станция,
grazhdansky_prospekt,*,рабочий,15,1,0.245873,80,станция,
grazhdansky_prospekt,*,рабочий,15,2,0.234935,80,станция,
grazhdansky_prospekt,*,рабочий,15,3,0.26819,80,станция,
grazhdansky_prospekt,*,рабочий,16,0,0.242585,80,станция,
grazhdansky_prospekt,*,рабочий,16,1,0.248574,80,станция,
grazhdansky_prospekt,*,рабочий,16,2,0.243637,80,станция,
grazhdansky_prospekt,*,рабочий,16,3,0.265204,80,станция,
grazhdansky_prospekt,*,рабочий,17,0,0.239183,80,станция,
grazhdansky_prospekt,*,рабочий,17,1,0.262766,80,станция,
grazhdansky_prospekt,*,рабочий,17,2,0.248889,80,станция,
grazhdansky_prospekt,*,рабочий,17,3,0.249162,80,станция,
grazhdansky_prospekt,*,рабочий,18,0,0.276081,80,станция,
grazhdansky_prospekt,*,рабочий,18,1,0.269432,80,станция,
grazhdansky_prospekt,*,рабочий,18,2,0.240446,80,станция,
grazhdansky_prospekt,*,рабочий,18,3,0.21404,80,станция,
grazhdansky_prospekt,*,рабочий,19,0,0.290677,80,станция,
grazhdansky_prospekt,*,рабочий,19,1,0.264698,80,станция,
grazhdansky_prospekt,*,рабочий,19,2,0.23114,80,станция,
grazhdansky_prospekt,*,рабочий,19,3,0.213486,80,станция,
grazhdansky_prospekt,*,рабочий,20,0,0.27374,80,станция,
grazhdansky_prospekt,*,рабочий,20,1,0.27117,80,станция,
grazhdansky_prospekt,*,рабочий,20,2,0.236819,80,станция,
grazhdansky_prospekt,*,рабочий,20,3,0.218271,80,станция,
grazhdansky_prospekt,*,рабочий,21,0,0.286422,80,станция,
grazhdansky_prospekt,*,рабочий,21,1,0.283607,80,станция,
grazhdansky_prospekt,*,рабочий,21,2,0.225954,80,станция,
grazhdansky_prospekt,*,рабочий,21,3,0.204017,80,станция,
grazhdansky_prospekt,*,рабочий,22,0,0.28934,80,станция,
grazhdansky_prospekt,*,рабочий,22,1,0.294653,80,станция,
grazhdansky_prospekt,*,рабочий,22,2,0.235407,80,станция,
grazhdansky_prospekt,*,рабочий,22,3,0.1806,80,станция,
grazhdansky_prospekt,*,рабочий,23,0,0.293756,80,станция,
grazhdansky_prospekt,*,рабочий,23,1,0.275249,80,станция,
grazhdansky_prospekt,*,рабочий,23,2,0.223321,80,станция,
grazhdansky_prospekt,*,рабочий,23,3,0.207673,80,станция,
grazhdansky_prospekt,*,рабочий,0,0,0.457388,79,станция,
grazhdansky_prospekt,*,рабочий,0,1,0.31729,79,станция,
grazhdansky_prospekt,*,рабочий,0,2,0.160638,79,станция,
grazhdansky_prospekt,*,рабочий,0,3,0.064684,79,станция,
grazhdansky_prospekt,*,суббота,5,0,0.002017,16,станция,
grazhdansky_prospekt,*,суббота,5,1,0.029336,16,станция,
grazhdansky_prospekt,*,суббота,5,2,0.368537,16,станция,
grazhdansky_prospekt,*,суббота,5,3,0.60011,16,станция,
grazhdansky_prospekt,*,суббота,6,0,0.209956,16,станция,
grazhdansky_prospekt,*,суббота,6,1,0.254652,16,станция,
grazhdansky_prospekt,*,суббота,6,2,0.232753,16,станция,
grazhdansky_prospekt,*,суббота,6,3,0.302639,16,станция,
grazhdansky_prospekt,*,суббота,7,0,0.241404,16,станция,
grazhdansky_prospekt,*,суббота,7,1,0.236626,16,станция,
grazhdansky_prospekt,*,суббота,7,2,0.238165,16,станция,
grazhdansky_prospekt,*,суббота,7,3,0.283805,16,станция,
grazhdansky_prospekt,*,суббота,8,0,0.261368,16,станция,
grazhdansky_prospekt,*,суббота,8,1,0.256125,16,станция,
grazhdansky_prospekt,*,суббота,8,2,0.232148,16,станция,
grazhdansky_prospekt,*,суббота,8,3,0.250358,16,станция,
grazhdansky_prospekt,*,суббота,9,0,0.261342,16,станция,
grazhdansky_prospekt,*,суббота,9,1,0.261174,16,станция,
grazhdansky_prospekt,*,суббота,9,2,0.234899,16,станция,
grazhdansky_prospekt,*,суббота,9,3,0.242584,16,станция,
grazhdansky_prospekt,*,суббота,10,0,0.264173,16,станция,
grazhdansky_prospekt,*,суббота,10,1,0.258661,16,станция,
grazhdansky_prospekt,*,суббота,10,2,0.2356,16,станция,
grazhdansky_prospekt,*,суббота,10,3,0.241566,16,станция,
grazhdansky_prospekt,*,суббота,11,0,0.24362,16,станция,
grazhdansky_prospekt,*,суббота,11,1,0.256021,16,станция,
grazhdansky_prospekt,*,суббота,11,2,0.249462,16,станция,
grazhdansky_prospekt,*,суббота,11,3,0.250897,16,станция,
grazhdansky_prospekt,*,суббота,12,0,0.252405,16,станция,
grazhdansky_prospekt,*,суббота,12,1,0.246112,16,станция,
grazhdansky_prospekt,*,суббота,12,2,0.24799,16,станция,
grazhdansky_prospekt,*,суббота,12,3,0.253492,16,станция,
grazhdansky_prospekt,*,суббота,13,0,0.23971,16,станция,
grazhdansky_prospekt,*,суббота,13,1,0.262772,16,станция,
grazhdansky_prospekt,*,суббота,13,2,0.250216,16,станция,
grazhdansky_prospekt,*,суббота,13,3,0.247301,16,станция,
grazhdansky_prospekt,*,суббота,14,0,0.255707,16,станция,
grazhdansky_prospekt,*,суббота,14,1,0.26223,16,станция,
grazhdansky_prospekt,*,суббота,14,2,0.237754,16,станция,
grazhdansky_prospekt,*,суббота,14,3,0.244309,16,станция,
grazhdansky_prospekt,*,суббота,15,0,0.26493,16,станция,
grazhdansky_prospekt,*,суббота,15,1,0.249975,16,станция,
grazhdansky_prospekt,*,суббота,15,2,0.236152,16,станция,
grazhdansky_prospekt,*,суббота,15,3,0.248942,16,станция,
grazhdansky_prospekt,*,суббота,16,0,0.25034,16,станция,
grazhdansky_prospekt,*,суббота,16,1,0.264934,16,станция,
grazhdansky_prospekt,*,суббота,16,2,0.250723,16,станция,
grazhdansky_prospekt,*,суббота,16,3,0.234003,16,станция,
grazhdansky_prospekt,*,суббота,17,0,0.246372,16,станция,
grazhdansky_prospekt,*,суббота,17,1,0.272849,16,станция,
grazhdansky_prospekt,*,суббота,17,2,0.239461,16,станция,
grazhdansky_prospekt,*,суббота,17,3,0.241318,16,станция,
grazhdansky_prospekt,*,суббота,18,0,0.272624,16,станция,
grazhdansky_prospekt,*,суббота,18,1,0.260068,16,станция,
grazhdansky_prospekt,*,суббота,18,2,0.23451,16,станция,
grazhdansky_prospekt,*,суббота,18,3,0.232798,16,станция,
grazhdansky_prospekt,*,суббота,19,0,0.276355,16,станция,
grazhdansky_prospekt,*,суббота,19,1,0.262371,16,станция,
grazhdansky_prospekt,*,суббота,19,2,0.238221,16,станция,
grazhdansky_prospekt,*,суббота,19,3,0.223053,16,станция,
grazhdansky_prospekt,*,суббота,20,0,0.246044,16,станция,
grazhdansky_prospekt,*,суббота,20,1,0.274413,16,станция,
grazhdansky_prospekt,*,суббота,20,2,0.250989,16,станция,
grazhdansky_prospekt,*,суббота,20,3,0.228554,16,станция,
grazhdansky_prospekt,*,суббота,21,0,0.286633,16,станция,
grazhdansky_prospekt,*,суббота,21,1,0.269067,16,станция,
grazhdansky_prospekt,*,суббота,21,2,0.229379,16,станция,
grazhdansky_prospekt,*,суббота,21,3,0.214921,16,станция,
grazhdansky_prospekt,*,суббота,22,0,0.284877,16,станция,
grazhdansky_prospekt,*,суббота,22,1,0.285989,16,станция,
grazhdansky_prospekt,*,суббота,22,2,0.236757,16,станция,
grazhdansky_prospekt,*,суббота,22,3,0.192378,16,станция,
grazhdansky_prospekt,*,суббота,23,0,0.271145,16,станция,
grazhdansky_prospekt,*,суббота,23,1,0.269912,16,станция,
grazhdansky_prospekt,*,суббота,23,2,0.220305,16,станция,
grazhdansky_prospekt,*,суббота,23,3,0.238638,16,станция,
grazhdansky_prospekt,*,суббота,0,0,0.450742,15,станция,
grazhdansky_prospekt,*,суббота,0,1,0.330634,15,станция,
grazhdansky_prospekt,*,суббота,0,2,0.160594,15,станция,
grazhdansky_prospekt,*,суббота,0,3,0.05803,15,станция,
grazhdansky_prospekt,*,воскресенье,5,0,0.003199,17,станция,
grazhdansky_prospekt,*,воскресенье,5,1,0.028259,17,станция,
grazhdansky_prospekt,*,воскресенье,5,2,0.36257,17,станция,
grazhdansky_prospekt,*,воскресенье,5,3,0.605972,17,станция,
grazhdansky_prospekt,*,воскресенье,6,0,0.208265,17,станция,
grazhdansky_prospekt,*,воскресенье,6,1,0.259574,17,станция,
grazhdansky_prospekt,*,воскресенье,6,2,0.23036,17,станция,
grazhdansky_prospekt,*,воскресенье,6,3,0.3018,17,станция,
grazhdansky_prospekt,*,воскресенье,7,0,0.251824,17,станция,
grazhdansky_prospekt,*,воскресенье,7,1,0.23985,17,станция,
grazhdansky_prospekt,*,воскресенье,7,2,0.238541,17,станция,
grazhdansky_prospekt,*,воскресенье,7,3,0.269785,17,станция,
grazhdansky_prospekt,*,воскресенье,8,0,0.233507,17,станция,
grazhdansky_prospekt,*,воскресенье,8,1,0.238721,17,станция,
grazhdansky_prospekt,*,воскресенье,8,2,0.246742,17,станция,
grazhdansky_prospekt,*,воскресенье,8,3,0.281031,17,станция,
grazhdansky_prospekt,*,воскресенье,9,0,0.271551,17,станция,
grazhdansky_prospekt,*,воскресенье,9,1,0.256279,17,станция,
grazhdansky_prospekt,*,воскресенье,9,2,0.232182,17,станция,
grazhdansky_prospekt,*,воскресенье,9,3,0.239988,17,станция,
grazhdansky_prospekt,*,воскресенье,10,0,0.255521,17,станция,
grazhdansky_prospekt,*,воскресенье,10,1,0.261984,17,станция,
grazhdansky_prospekt,*,воскресенье,10,2,0.233222,17,станция,
grazhdansky_prospekt,*,воскресенье,10,3,0.249272,17,станция,
grazhdansky_prospekt,*,воскресенье,11,0,0.245919,17,станция,
grazhdansky_prospekt,*,воскресенье,11,1,0.263404,17,станция,
grazhdansky_prospekt,*,воскресенье,11,2,0.246256,17,станция,
grazhdansky_prospekt,*,воскресенье,11,3,0.244421,17,станция,
grazhdansky_prospekt,*,воскресенье,12,0,0.252133,17,станция,
grazhdansky_prospekt,*,воскресенье,12,1,0.246409,17,станция,
grazhdansky_prospekt,*,воскресенье,12,2,0.256435,17,станция,
grazhdansky_prospekt,*,воскресенье,12,3,0.245023,17,станция,
grazhdansky_prospekt,*,воскресенье,13,0,0.249448,17,станция,
grazhdansky_prospekt,*,воскресенье,13,1,0.260416,17,станция,
grazhdansky_prospekt,*,воскресенье,13,2,0.249339,17,станция,
grazhdansky_prospekt,*,воскресенье,13,3,0.240796,17,станция,
grazhdansky_prospekt,*,воскресенье,14,0,0.260425,17,станция,
grazhdansky_prospekt,*,воскресенье,14,1,0.264441,17,станция,
grazhdansky_prospekt,*,воскресенье,14,2,0.234186,17,станция,
grazhdansky_prospekt,*,воскресенье,14,3,0.240948,17,станция,
grazhdansky_prospekt,*,воскресенье,15,0,0.264208,17,станция,
grazhdansky_prospekt,*,воскресенье,15,1,0.24661,17,станция,
grazhdansky_prospekt,*,воскресенье,15,2,0.246038,17,станция,
grazhdansky_prospekt,*,воскресенье,15,3,0.243143,17,станция,
grazhdansky_prospekt,*,воскресенье,16,0,0.244953,17,станция,
grazhdansky_prospekt,*,воскресенье,16,1,0.260759,17,станция,
grazhdansky_prospekt,*,воскресенье,16,2,0.260603,17,станция,
grazhdansky_prospekt,*,воскресенье,16,3,0.233685,17,станция,
grazhdansky_prospekt,*,воскресенье,17,0,0.243102,17,станция,
grazhdansky_prospekt,*,воскресенье,17,1,0.266753,17,станция,
grazhdansky_prospekt,*,воскресенье,17,2,0.246458,17,станция,
grazhdansky_prospekt,*,воскресенье,17,3,0.243687,17,станция,
grazhdansky_prospekt,*,воскресенье,18,0,0.260327,17,станция,
grazhdansky_prospekt,*,воскресенье,18,1,0.263852,17,станция,
grazhdansky_prospekt,*,воскресенье,18,2,0.243831,17,станция,
grazhdansky_prospekt,*,воскресенье,18,3,0.23199,17,станция,
grazhdansky_prospekt,*,воскресенье,19,0,0.271611,17,станция,
grazhdansky_prospekt,*,воскресенье,19,1,0.268004,17,станция,
grazhdansky_prospekt,*,воскресенье,19,2,0.23718,17,станция,
grazhdansky_prospekt,*,воскресенье,19,3,0.223205,17,станция,
grazhdansky_prospekt,*,воскресенье,20,0,0.260939,17,станция,
grazhdansky_prospekt,*,воскресенье,20,1,0.256461,17,станция,
grazhdansky_prospekt,*,воскресенье,20,2,0.253454,17,станция,
grazhdansky_prospekt,*,воскресенье,20,3,0.229145,17,станция,
grazhdansky_prospekt,*,воскресенье,21,0,0.286554,17,станция,
grazhdansky_prospekt,*,воскресенье,21,1,0.282335,17,станция,
grazhdansky_prospekt,*,воскресенье,21,2,0.218832,17,станция,
grazhdansky_prospekt,*,воскресенье,21,3,0.212279,17,станция,
grazhdansky_prospekt,*,воскресенье,22,0,0.287934,17,станция,
grazhdansky_prospekt,*,воскресенье,22,1,0.29222,17,станция,
grazhdansky_prospekt,*,воскресенье,22,2,0.237998,17,станция,
grazhdansky_prospekt,*,воскресенье,22,3,0.181847,17,станция,
grazhdansky_prospekt,*,воскресенье,23,0,0.298041,17,станция,
grazhdansky_prospekt,*,воскресенье,23,1,0.286356,17,станция,
grazhdansky_prospekt,*,воскресенье,23,2,0.219306,17,станция,
grazhdansky_prospekt,*,воскресенье,23,3,0.196297,17,станция,
grazhdansky_prospekt,*,воскресенье,0,0,0.427663,17,станция,
grazhdansky_prospekt,*,воскресенье,0,1,0.36089,17,станция,
grazhdansky_prospekt,*,воскресенье,0,2,0.163752,17,станция,
grazhdansky_prospekt,*,воскресенье,0,3,0.047695,17,станция,
akademicheskaya,akademicheskaya_1,рабочий,5,0,0.000426,79,вестибюль,
akademicheskaya,akademicheskaya_1,рабочий,5,1,0.000345,79,вестибюль,
akademicheskaya,akademicheskaya_1,рабочий,5,2,0.529006,79,вестибюль,
akademicheskaya,akademicheskaya_1,рабочий,5,3,0.470223,79,вестибюль,
akademicheskaya,akademicheskaya_1,рабочий,6,0,0.187017,80,вестибюль,
akademicheskaya,akademicheskaya_1,рабочий,6,1,0.222523,80,вестибюль,
akademicheskaya,akademicheskaya_1,рабочий,6,2,0.264382,80,вестибюль,
akademicheskaya,akademicheskaya_1,рабочий,6,3,0.326077,80,вестибюль,
akademicheskaya,akademicheskaya_1,рабочий,7,0,0.20539,80,вестибюль,
akademicheskaya,akademicheskaya_1,рабочий,7,1,0.228023,80,вестибюль,
akademicheskaya,akademicheskaya_1,рабочий,7,2,0.248343,80,вестибюль,
akademicheskaya,akademicheskaya_1,рабочий,7,3,0.318243,80,вестибюль,
akademicheskaya,akademicheskaya_1,рабочий,8,0,0.286508,80,вестибюль,
akademicheskaya,akademicheskaya_1,рабочий,8,1,0.28261,80,вестибюль,
akademicheskaya,akademicheskaya_1,рабочий,8,2,0.236362,80,вестибюль,
akademicheskaya,akademicheskaya_1,рабочий,8,3,0.19452,80,вестибюль,
akademicheskaya,akademicheskaya_1,рабочий,9,0,0.296809,80,вестибюль,
akademicheskaya,akademicheskaya_1,рабочий,9,1,0.276629,80,вестибюль,
akademicheskaya,akademicheskaya_1,рабочий,9,2,0.226964,80,вестибюль,
akademicheskaya,akademicheskaya_1,рабочий,9,3,0.199599,80,вестибюль,
akademicheskaya,akademicheskaya_1,рабочий,10,0,0.287375,80,вестибюль,
akademicheskaya,akademicheskaya_1,рабочий,10,1,0.272595,80,вестибюль,
akademicheskaya,akademicheskaya_1,рабочий,10,2,0.231105,80,вестибюль,
akademicheskaya,akademicheskaya_1,рабочий,10,3,0.208925,80,вестибюль,
akademicheskaya,akademicheskaya_1,рабочий,11,0,0.246879,80,вестибюль,
akademicheskaya,akademicheskaya_1,рабочий,11,1,0.257713,80,вестибюль,
akademicheskaya,akademicheskaya_1,рабочий,11,2,0.256962,80,вестибюль,
akademicheskaya,akademicheskaya_1,рабочий,11,3,0.238446,80,вестибюль,
akademicheskaya,akademicheskaya_1,рабочий,12,0,0.250051,79,вестибюль,
akademicheskaya,akademicheskaya_1,рабочий,12,1,0.247462,79,вестибюль,
akademicheskaya,akademicheskaya_1,рабочий,12,2,0.244991,79,вестибюль,
akademicheskaya,akademicheskaya_1,рабочий,12,3,0.257496,79,вестибюль,
akademicheskaya,akademicheskaya_1,рабочий,13,0,0.24338,79,вестибюль,
akademicheskaya,akademicheskaya_1,рабочий,13,1,0.255269,79,вестибюль,
akademicheskaya,akademicheskaya_1,рабочий,13,2,0.258726,79,вестибюль,
akademicheskaya,akademicheskaya_1,рабочий,13,3,0.242625,79,вестибюль,
akademicheskaya,akademicheskaya_1,рабочий,14,0,0.257991,80,вестибюль,
akademicheskaya,akademicheskaya_1,рабочий,14,1,0.261887,80,вестибюль,
akademicheskaya,akademicheskaya_1,рабочий,14,2,0.236142,80,вестибюль,
akademicheskaya,akademicheskaya_1,рабочий,14,3,0.24398,80,вестибюль,
akademicheskaya,akademicheskaya_1,рабочий,15,0,0.243308,80,вестибюль,
akademicheskaya,akademicheskaya_1,рабочий,15,1,0.243728,80,вестибюль,
akademicheskaya,akademicheskaya_1,рабочий,15,2,0.251752,80,вестибюль,
akademicheskaya,akademicheskaya_1,рабочий,15,3,0.261212,80,вестибюль,
akademicheskaya,akademicheskaya_1,рабочий,16,0,0.235748,80,вестибюль,
akademicheskaya,akademicheskaya_1,рабочий,16,1,0.252712,80,вестибюль,
akademicheskaya,akademicheskaya_1,рабочий,16,2,0.2599,80,вестибюль,
akademicheskaya,akademicheskaya_1,рабочий,16,3,0.25164,80,вестибюль,
akademicheskaya,akademicheskaya_1,рабочий,17,0,0.230556,80,вестибюль,
akademicheskaya,akademicheskaya_1,рабочий,17,1,0.263949,80,вестибюль,
akademicheskaya,akademicheskaya_1,рабочий,17,2,0.257428,80,вестибюль,
akademicheskaya,akademicheskaya_1,рабочий,17,3,0.248067,80,вестибюль,
akademicheskaya,akademicheskaya_1,рабочий,18,0,0.278569,80,вестибюль,
akademicheskaya,akademicheskaya_1,рабочий,18,1,0.272763,80,вестибюль,
akademicheskaya,akademicheskaya_1,рабочий,18,2,0.242529,80,вестибюль,
akademicheskaya,akademicheskaya_1,рабочий,18,3,0.20614,80,вестибюль,
akademicheskaya,akademicheskaya_1,рабочий,19,0,0.279665,80,вестибюль,
akademicheskaya,akademicheskaya_1,рабочий,19,1,0.26759,80,вестибюль,
akademicheskaya,akademicheskaya_1,рабочий,19,2,0.236045,80,вестибюль,
akademicheskaya,akademicheskaya_1,рабочий,19,3,0.216701,80,вестибюль,
akademicheskaya,akademicheskaya_1,рабочий,20,0,0.296843,80,вестибюль,
akademicheskaya,akademicheskaya_1,рабочий,20,1,0.268399,80,вестибюль,
akademicheskaya,akademicheskaya_1,рабочий,20,2,0.22687,80,вестибюль,
akademicheskaya,akademicheskaya_1,рабочий,20,3,0.207888,80,вестибюль,
akademicheskaya,akademicheskaya_1,рабочий,21,0,0.291659,80,вестибюль,
akademicheskaya,akademicheskaya_1,рабочий,21,1,0.271828,80,вестибюль,
akademicheskaya,akademicheskaya_1,рабочий,21,2,0.229241,80,вестибюль,
akademicheskaya,akademicheskaya_1,рабочий,21,3,0.207272,80,вестибюль,
akademicheskaya,akademicheskaya_1,рабочий,22,0,0.336776,80,вестибюль,
akademicheskaya,akademicheskaya_1,рабочий,22,1,0.281107,80,вестибюль,
akademicheskaya,akademicheskaya_1,рабочий,22,2,0.214371,80,вестибюль,
akademicheskaya,akademicheskaya_1,рабочий,22,3,0.167746,80,вестибюль,
akademicheskaya,akademicheskaya_1,рабочий,23,0,0.317096,80,вестибюль,
akademicheskaya,akademicheskaya_1,рабочий,23,1,0.279269,80,вестибюль,
akademicheskaya,akademicheskaya_1,рабочий,23,2,0.219807,80,вестибюль,
akademicheskaya,akademicheskaya_1,рабочий,23,3,0.183829,80,вестибюль,
akademicheskaya,akademicheskaya_1,рабочий,0,0,0.554512,80,вестибюль,
akademicheskaya,akademicheskaya_1,рабочий,0,1,0.28795,80,вестибюль,
akademicheskaya,akademicheskaya_1,рабочий,0,2,0.143714,80,вестибюль,
akademicheskaya,akademicheskaya_1,рабочий,0,3,0.013824,80,вестибюль,
akademicheskaya,akademicheskaya_1,суббота,5,0,0.001651,16,вестибюль,
akademicheskaya,akademicheskaya_1,суббота,5,1,0.007783,16,вестибюль,
akademicheskaya,akademicheskaya_1,суббота,5,2,0.490566,16,вестибюль,
akademicheskaya,akademicheskaya_1,суббота,5,3,0.5,16,вестибюль,
akademicheskaya,akademicheskaya_1,суббота,6,0,0.221526,16,вестибюль,
akademicheskaya,akademicheskaya_1,суббота,6,1,0.252276,16,вестибюль,
akademicheskaya,akademicheskaya_1,суббота,6,2,0.238916,16,вестибюль,
akademicheskaya,akademicheskaya_1,суббота,6,3,0.287282,16,вестибюль,
akademicheskaya,akademicheskaya_1,суббота,7,0,0.229542,16,вестибюль,
akademicheskaya,akademicheskaya_1,суббота,7,1,0.232713,16,вестибюль,
akademicheskaya,akademicheskaya_1,суббота,7,2,0.250446,16,вестибюль,
akademicheskaya,akademicheskaya_1,суббота,7,3,0.287299,16,вестибюль,
akademicheskaya,akademicheskaya_1,суббота,8,0,0.252788,16,вестибюль,
akademicheskaya,akademicheskaya_1,суббота,8,1,0.26544,16,вестибюль,
akademicheskaya,akademicheskaya_1,суббота,8,2,0.235684,16,вестибюль,
akademicheskaya,akademicheskaya_1,суббота,8,3,0.246088,16,вестибюль,
akademicheskaya,akademicheskaya_1,суббота,9,0,0.25574,16,вестибюль,
akademicheskaya,akademicheskaya_1,суббота,9,1,0.268905,16,вестибюль,
akademicheskaya,akademicheskaya_1,суббота,9,2,0.240601,16,вестибюль,
akademicheskaya,akademicheskaya_1,суббота,9,3,0.234754,16,вестибюль,
akademicheskaya,akademicheskaya_1,суббота,10,0,0.257787,16,вестибюль,
akademicheskaya,akademicheskaya_1,суббота,10,1,0.267906,16,вестибюль,
akademicheskaya,akademicheskaya_1,суббота,10,2,0.241198,16,вестибюль,
akademicheskaya,akademicheskaya_1,суббота,10,3,0.23311,16,вестибюль,
akademicheskaya,akademicheskaya_1,суббота,11,0,0.240624,16,вестибюль,
akademicheskaya,akademicheskaya_1,суббота,11,1,0.260278,16,вестибюль,
akademicheskaya,akademicheskaya_1,суббота,11,2,0.248542,16,вестибюль,
akademicheskaya,akademicheskaya_1,суббота,11,3,0.250557,16,вестибюль,
akademicheskaya,akademicheskaya_1,суббота,12,0,0.244984,16,вестибюль,
akademicheskaya,akademicheskaya_1,суббота,12,1,0.252321,16,вестибюль,
akademicheskaya,akademicheskaya_1,суббота,12,2,0.252184,16,вестибюль,
akademicheskaya,akademicheskaya_1,суббота,12,3,0.250512,16,вестибюль,
akademicheskaya,akademicheskaya_1,суббота,13,0,0.252193,16,вестибюль,
akademicheskaya,akademicheskaya_1,суббота,13,1,0.249936,16,вестибюль,
akademicheskaya,akademicheskaya_1,суббота,13,2,0.254545,16,вестибюль,
akademicheskaya,akademicheskaya_1,суббота,13,3,0.243326,16,вестибюль,
akademicheskaya,akademicheskaya_1,суббота,14,0,0.250997,16,вестибюль,
akademicheskaya,akademicheskaya_1,суббота,14,1,0.270084,16,вестибюль,
akademicheskaya,akademicheskaya_1,суббота,14,2,0.240975,16,вестибюль,
akademicheskaya,akademicheskaya_1,суббота,14,3,0.237943,16,вестибюль,
akademicheskaya,akademicheskaya_1,суббота,15,0,0.254213,16,вестибюль,
akademicheskaya,akademicheskaya_1,суббота,15,1,0.251774,16,вестибюль,
akademicheskaya,akademicheskaya_1,суббота,15,2,0.247498,16,вестибюль,
akademicheskaya,akademicheskaya_1,суббота,15,3,0.246516,16,вестибюль,
akademicheskaya,akademicheskaya_1,суббота,16,0,0.249092,16,вестибюль,
akademicheskaya,akademicheskaya_1,суббота,16,1,0.262044,16,вестибюль,
akademicheskaya,akademicheskaya_1,суббота,16,2,0.252792,16,вестибюль,
akademicheskaya,akademicheskaya_1,суббота,16,3,0.236072,16,вестибюль,
akademicheskaya,akademicheskaya_1,суббота,17,0,0.25249,16,вестибюль,
akademicheskaya,akademicheskaya_1,суббота,17,1,0.255657,16,вестибюль,
akademicheskaya,akademicheskaya_1,суббота,17,2,0.245045,16,вестибюль,
akademicheskaya,akademicheskaya_1,суббота,17,3,0.246808,16,вестибюль,
akademicheskaya,akademicheskaya_1,суббота,18,0,0.275888,16,вестибюль,
akademicheskaya,akademicheskaya_1,суббота,18,1,0.261387,16,вестибюль,
akademicheskaya,akademicheskaya_1,суббота,18,2,0.241383,16,вестибюль,
akademicheskaya,akademicheskaya_1,суббота,18,3,0.221342,16,вестибюль,
akademicheskaya,akademicheskaya_1,суббота,19,0,0.262686,16,вестибюль,
akademicheskaya,akademicheskaya_1,суббота,19,1,0.260931,16,вестибюль,
akademicheskaya,akademicheskaya_1,суббота,19,2,0.247937,16,вестибюль,
akademicheskaya,akademicheskaya_1,суббота,19,3,0.228445,16,вестибюль,
akademicheskaya,akademicheskaya_1,суббота,20,0,0.288021,16,вестибюль,
akademicheskaya,akademicheskaya_1,суббота,20,1,0.264699,16,вестибюль,
akademicheskaya,akademicheskaya_1,суббота,20,2,0.233111,16,вестибюль,
akademicheskaya,akademicheskaya_1,суббота,20,3,0.214168,16,вестибюль,
akademicheskaya,akademicheskaya_1,суббота,21,0,0.277615,16,вестибюль,
akademicheskaya,akademicheskaya_1,суббота,21,1,0.273118,16,вестибюль,
akademicheskaya,akademicheskaya_1,суббота,21,2,0.234278,16,вестибюль,
akademicheskaya,akademicheskaya_1,суббота,21,3,0.214989,16,вестибюль,
akademicheskaya,akademicheskaya_1,суббота,22,0,0.327186,16,вестибюль,
akademicheskaya,akademicheskaya_1,суббота,22,1,0.275425,16,вестибюль,
akademicheskaya,akademicheskaya_1,суббота,22,2,0.223031,16,вестибюль,
akademicheskaya,akademicheskaya_1,суббота,22,3,0.174357,16,вестибюль,
akademicheskaya,akademicheskaya_1,суббота,23,0,0.286254,16,вестибюль,
akademicheskaya,akademicheskaya_1,суббота,23,1,0.271414,16,вестибюль,
akademicheskaya,akademicheskaya_1,суббота,23,2,0.224811,16,вестибюль,
akademicheskaya,akademicheskaya_1,суббота,23,3,0.217521,16,вестибюль,
akademicheskaya,akademicheskaya_1,суббота,0,0,0.599,16,вестибюль,
akademicheskaya,akademicheskaya_1,суббота,0,1,0.259,16,вестибюль,
akademicheskaya,akademicheskaya_1,суббота,0,2,0.138,16,вестибюль,
akademicheskaya,akademicheskaya_1,суббота,0,3,0.004,16,вестибюль,
akademicheskaya,akademicheskaya_1,воскресенье,5,0,0.000317,17,вестибюль,
akademicheskaya,akademicheskaya_1,воскресенье,5,1,0.001902,17,вестибюль,
akademicheskaya,akademicheskaya_1,воскресенье,5,2,0.500634,17,вестибюль,
akademicheskaya,akademicheskaya_1,воскресенье,5,3,0.497146,17,вестибюль,
akademicheskaya,akademicheskaya_1,воскресенье,6,0,0.203261,17,вестибюль,
akademicheskaya,akademicheskaya_1,воскресенье,6,1,0.255882,17,вестибюль,
akademicheskaya,akademicheskaya_1,воскресенье,6,2,0.247486,17,вестибюль,
akademicheskaya,akademicheskaya_1,воскресенье,6,3,0.293371,17,вестибюль,
akademicheskaya,akademicheskaya_1,воскресенье,7,0,0.249833,17,вестибюль,
akademicheskaya,akademicheskaya_1,воскресенье,7,1,0.247674,17,вестибюль,
akademicheskaya,akademicheskaya_1,воскресенье,7,2,0.231004,17,вестибюль,
akademicheskaya,akademicheskaya_1,воскресенье,7,3,0.271489,17,вестибюль,
akademicheskaya,akademicheskaya_1,воскресенье,8,0,0.220823,17,вестибюль,
akademicheskaya,akademicheskaya_1,воскресенье,8,1,0.25631,17,вестибюль,
akademicheskaya,akademicheskaya_1,воскресенье,8,2,0.24899,17,вестибюль,
akademicheskaya,akademicheskaya_1,воскресенье,8,3,0.273877,17,вестибюль,
akademicheskaya,akademicheskaya_1,воскресенье,9,0,0.257081,17,вестибюль,
akademicheskaya,akademicheskaya_1,воскресенье,9,1,0.271711,17,вестибюль,
akademicheskaya,akademicheskaya_1,воскресенье,9,2,0.237082,17,вестибюль,
akademicheskaya,akademicheskaya_1,воскресенье,9,3,0.234126,17,вестибюль,
akademicheskaya,akademicheskaya_1,воскресенье,10,0,0.24795,17,вестибюль,
akademicheskaya,akademicheskaya_1,воскресенье,10,1,0.259225,17,вестибюль,
akademicheskaya,akademicheskaya_1,воскресенье,10,2,0.250178,17,вестибюль,
akademicheskaya,akademicheskaya_1,воскресенье,10,3,0.242647,17,вестибюль,
akademicheskaya,akademicheskaya_1,воскресенье,11,0,0.241963,17,вестибюль,
akademicheskaya,akademicheskaya_1,воскресенье,11,1,0.262206,17,вестибюль,
akademicheskaya,akademicheskaya_1,воскресенье,11,2,0.253548,17,вестибюль,
akademicheskaya,akademicheskaya_1,воскресенье,11,3,0.242283,17,вестибюль,
akademicheskaya,akademicheskaya_1,воскресенье,12,0,0.255859,17,вестибюль,
akademicheskaya,akademicheskaya_1,воскресенье,12,1,0.250019,17,вестибюль,
akademicheskaya,akademicheskaya_1,воскресенье,12,2,0.247229,17,вестибюль,
akademicheskaya,akademicheskaya_1,воскресенье,12,3,0.246894,17,вестибюль,
akademicheskaya,akademicheskaya_1,воскресенье,13,0,0.243802,17,вестибюль,
akademicheskaya,akademicheskaya_1,воскресенье,13,1,0.254165,17,вестибюль,
akademicheskaya,akademicheskaya_1,воскресенье,13,2,0.253811,17,вестибюль,
akademicheskaya,akademicheskaya_1,воскресенье,13,3,0.248223,17,вестибюль,
akademicheskaya,akademicheskaya_1,воскресенье,14,0,0.259125,17,вестибюль,
akademicheskaya,akademicheskaya_1,воскресенье,14,1,0.267678,17,вестибюль,
akademicheskaya,akademicheskaya_1,воскресенье,14,2,0.233325,17,вестибюль,
akademicheskaya,akademicheskaya_1,воскресенье,14,3,0.239872,17,вестибюль,
akademicheskaya,akademicheskaya_1,воскресенье,15,0,0.265336,17,вестибюль,
akademicheskaya,akademicheskaya_1,воскресенье,15,1,0.250619,17,вестибюль,
akademicheskaya,akademicheskaya_1,воскресенье,15,2,0.238491,17,вестибюль,
akademicheskaya,akademicheskaya_1,воскресенье,15,3,0.245554,17,вестибюль,
akademicheskaya,akademicheskaya_1,воскресенье,16,0,0.248495,17,вестибюль,
akademicheskaya,akademicheskaya_1,воскресенье,16,1,0.263215,17,вестибюль,
akademicheskaya,akademicheskaya_1,воскресенье,16,2,0.251369,17,вестибюль,
akademicheskaya,akademicheskaya_1,воскресенье,16,3,0.236921,17,вестибюль,
akademicheskaya,akademicheskaya_1,воскресенье,17,0,0.255593,17,вестибюль,
akademicheskaya,akademicheskaya_1,воскресенье,17,1,0.258569,17,вестибюль,
akademicheskaya,akademicheskaya_1,воскресенье,17,2,0.247006,17,вестибюль,
akademicheskaya,akademicheskaya_1,воскресенье,17,3,0.238832,17,вестибюль,
akademicheskaya,akademicheskaya_1,воскресенье,18,0,0.269683,17,вестибюль,
akademicheskaya,akademicheskaya_1,воскресенье,18,1,0.263274,17,вестибюль,
akademicheskaya,akademicheskaya_1,воскресенье,18,2,0.244302,17,вестибюль,
akademicheskaya,akademicheskaya_1,воскресенье,18,3,0.222741,17,вестибюль,
akademicheskaya,akademicheskaya_1,воскресенье,19,0,0.269309,17,вестибюль,
akademicheskaya,akademicheskaya_1,воскресенье,19,1,0.263909,17,вестибюль,
akademicheskaya,akademicheskaya_1,воскресенье,19,2,0.238893,17,вестибюль,
akademicheskaya,akademicheskaya_1,воскресенье,19,3,0.227889,17,вестибюль,
akademicheskaya,akademicheskaya_1,воскресенье,20,0,0.286986,17,вестибюль,
akademicheskaya,akademicheskaya_1,воскресенье,20,1,0.254076,17,вестибюль,
akademicheskaya,akademicheskaya_1,воскресенье,20,2,0.241832,17,вестибюль,
akademicheskaya,akademicheskaya_1,воскресенье,20,3,0.217106,17,вестибюль,
akademicheskaya,akademicheskaya_1,воскресенье,21,0,0.279552,17,вестибюль,
akademicheskaya,akademicheskaya_1,воскресенье,21,1,0.27169,17,вестибюль,
akademicheskaya,akademicheskaya_1,воскресенье,21,2,0.233215,17,вестибюль,
akademicheskaya,akademicheskaya_1,воскресенье,21,3,0.215543,17,вестибюль,
akademicheskaya,akademicheskaya_1,воскресенье,22,0,0.341074,17,вестибюль,
akademicheskaya,akademicheskaya_1,воскресенье,22,1,0.276847,17,вестибюль,
akademicheskaya,akademicheskaya_1,воскресенье,22,2,0.205197,17,вестибюль,
akademicheskaya,akademicheskaya_1,воскресенье,22,3,0.176882,17,вестибюль,
akademicheskaya,akademicheskaya_1,воскресенье,23,0,0.307498,17,вестибюль,
akademicheskaya,akademicheskaya_1,воскресенье,23,1,0.283235,17,вестибюль,
akademicheskaya,akademicheskaya_1,воскресенье,23,2,0.218197,17,вестибюль,
akademicheskaya,akademicheskaya_1,воскресенье,23,3,0.19107,17,вестибюль,
akademicheskaya,akademicheskaya_1,воскресенье,0,0,0.534362,17,вестибюль,
akademicheskaya,akademicheskaya_1,воскресенье,0,1,0.319776,17,вестибюль,
akademicheskaya,akademicheskaya_1,воскресенье,0,2,0.13885,17,вестибюль,
akademicheskaya,akademicheskaya_1,воскресенье,0,3,0.007013,17,вестибюль,
akademicheskaya,*,рабочий,5,0,0.000426,79,станция,
akademicheskaya,*,рабочий,5,1,0.000345,79,станция,
akademicheskaya,*,рабочий,5,2,0.529006,79,станция,
akademicheskaya,*,рабочий,5,3,0.470223,79,станция,
akademicheskaya,*,рабочий,6,0,0.187017,80,станция,
akademicheskaya,*,рабочий,6,1,0.222523,80,станция,
akademicheskaya,*,рабочий,6,2,0.264382,80,станция,
akademicheskaya,*,рабочий,6,3,0.326077,80,станция,
akademicheskaya,*,рабочий,7,0,0.20539,80,станция,
akademicheskaya,*,рабочий,7,1,0.228023,80,станция,
akademicheskaya,*,рабочий,7,2,0.248343,80,станция,
akademicheskaya,*,рабочий,7,3,0.318243,80,станция,
akademicheskaya,*,рабочий,8,0,0.286508,80,станция,
akademicheskaya,*,рабочий,8,1,0.28261,80,станция,
akademicheskaya,*,рабочий,8,2,0.236362,80,станция,
akademicheskaya,*,рабочий,8,3,0.19452,80,станция,
akademicheskaya,*,рабочий,9,0,0.296809,80,станция,
akademicheskaya,*,рабочий,9,1,0.276629,80,станция,
akademicheskaya,*,рабочий,9,2,0.226964,80,станция,
akademicheskaya,*,рабочий,9,3,0.199599,80,станция,
akademicheskaya,*,рабочий,10,0,0.287375,80,станция,
akademicheskaya,*,рабочий,10,1,0.272595,80,станция,
akademicheskaya,*,рабочий,10,2,0.231105,80,станция,
akademicheskaya,*,рабочий,10,3,0.208925,80,станция,
akademicheskaya,*,рабочий,11,0,0.246879,80,станция,
akademicheskaya,*,рабочий,11,1,0.257713,80,станция,
akademicheskaya,*,рабочий,11,2,0.256962,80,станция,
akademicheskaya,*,рабочий,11,3,0.238446,80,станция,
akademicheskaya,*,рабочий,12,0,0.250051,79,станция,
akademicheskaya,*,рабочий,12,1,0.247462,79,станция,
akademicheskaya,*,рабочий,12,2,0.244991,79,станция,
akademicheskaya,*,рабочий,12,3,0.257496,79,станция,
akademicheskaya,*,рабочий,13,0,0.24338,79,станция,
akademicheskaya,*,рабочий,13,1,0.255269,79,станция,
akademicheskaya,*,рабочий,13,2,0.258726,79,станция,
akademicheskaya,*,рабочий,13,3,0.242625,79,станция,
akademicheskaya,*,рабочий,14,0,0.257991,80,станция,
akademicheskaya,*,рабочий,14,1,0.261887,80,станция,
akademicheskaya,*,рабочий,14,2,0.236142,80,станция,
akademicheskaya,*,рабочий,14,3,0.24398,80,станция,
akademicheskaya,*,рабочий,15,0,0.243308,80,станция,
akademicheskaya,*,рабочий,15,1,0.243728,80,станция,
akademicheskaya,*,рабочий,15,2,0.251752,80,станция,
akademicheskaya,*,рабочий,15,3,0.261212,80,станция,
akademicheskaya,*,рабочий,16,0,0.235748,80,станция,
akademicheskaya,*,рабочий,16,1,0.252712,80,станция,
akademicheskaya,*,рабочий,16,2,0.2599,80,станция,
akademicheskaya,*,рабочий,16,3,0.25164,80,станция,
akademicheskaya,*,рабочий,17,0,0.230556,80,станция,
akademicheskaya,*,рабочий,17,1,0.263949,80,станция,
akademicheskaya,*,рабочий,17,2,0.257428,80,станция,
akademicheskaya,*,рабочий,17,3,0.248067,80,станция,
akademicheskaya,*,рабочий,18,0,0.278569,80,станция,
akademicheskaya,*,рабочий,18,1,0.272763,80,станция,
akademicheskaya,*,рабочий,18,2,0.242529,80,станция,
akademicheskaya,*,рабочий,18,3,0.20614,80,станция,
akademicheskaya,*,рабочий,19,0,0.279665,80,станция,
akademicheskaya,*,рабочий,19,1,0.26759,80,станция,
akademicheskaya,*,рабочий,19,2,0.236045,80,станция,
akademicheskaya,*,рабочий,19,3,0.216701,80,станция,
akademicheskaya,*,рабочий,20,0,0.296843,80,станция,
akademicheskaya,*,рабочий,20,1,0.268399,80,станция,
akademicheskaya,*,рабочий,20,2,0.22687,80,станция,
akademicheskaya,*,рабочий,20,3,0.207888,80,станция,
akademicheskaya,*,рабочий,21,0,0.291659,80,станция,
akademicheskaya,*,рабочий,21,1,0.271828,80,станция,
akademicheskaya,*,рабочий,21,2,0.229241,80,станция,
akademicheskaya,*,рабочий,21,3,0.207272,80,станция,
akademicheskaya,*,рабочий,22,0,0.336776,80,станция,
akademicheskaya,*,рабочий,22,1,0.281107,80,станция,
akademicheskaya,*,рабочий,22,2,0.214371,80,станция,
akademicheskaya,*,рабочий,22,3,0.167746,80,станция,
akademicheskaya,*,рабочий,23,0,0.317096,80,станция,
akademicheskaya,*,рабочий,23,1,0.279269,80,станция,
akademicheskaya,*,рабочий,23,2,0.219807,80,станция,
akademicheskaya,*,рабочий,23,3,0.183829,80,станция,
akademicheskaya,*,рабочий,0,0,0.554512,80,станция,
akademicheskaya,*,рабочий,0,1,0.28795,80,станция,
akademicheskaya,*,рабочий,0,2,0.143714,80,станция,
akademicheskaya,*,рабочий,0,3,0.013824,80,станция,
akademicheskaya,*,суббота,5,0,0.001651,16,станция,
akademicheskaya,*,суббота,5,1,0.007783,16,станция,
akademicheskaya,*,суббота,5,2,0.490566,16,станция,
akademicheskaya,*,суббота,5,3,0.5,16,станция,
akademicheskaya,*,суббота,6,0,0.221526,16,станция,
akademicheskaya,*,суббота,6,1,0.252276,16,станция,
akademicheskaya,*,суббота,6,2,0.238916,16,станция,
akademicheskaya,*,суббота,6,3,0.287282,16,станция,
akademicheskaya,*,суббота,7,0,0.229542,16,станция,
akademicheskaya,*,суббота,7,1,0.232713,16,станция,
akademicheskaya,*,суббота,7,2,0.250446,16,станция,
akademicheskaya,*,суббота,7,3,0.287299,16,станция,
akademicheskaya,*,суббота,8,0,0.252788,16,станция,
akademicheskaya,*,суббота,8,1,0.26544,16,станция,
akademicheskaya,*,суббота,8,2,0.235684,16,станция,
akademicheskaya,*,суббота,8,3,0.246088,16,станция,
akademicheskaya,*,суббота,9,0,0.25574,16,станция,
akademicheskaya,*,суббота,9,1,0.268905,16,станция,
akademicheskaya,*,суббота,9,2,0.240601,16,станция,
akademicheskaya,*,суббота,9,3,0.234754,16,станция,
akademicheskaya,*,суббота,10,0,0.257787,16,станция,
akademicheskaya,*,суббота,10,1,0.267906,16,станция,
akademicheskaya,*,суббота,10,2,0.241198,16,станция,
akademicheskaya,*,суббота,10,3,0.23311,16,станция,
akademicheskaya,*,суббота,11,0,0.240624,16,станция,
akademicheskaya,*,суббота,11,1,0.260278,16,станция,
akademicheskaya,*,суббота,11,2,0.248542,16,станция,
akademicheskaya,*,суббота,11,3,0.250557,16,станция,
akademicheskaya,*,суббота,12,0,0.244984,16,станция,
akademicheskaya,*,суббота,12,1,0.252321,16,станция,
akademicheskaya,*,суббота,12,2,0.252184,16,станция,
akademicheskaya,*,суббота,12,3,0.250512,16,станция,
akademicheskaya,*,суббота,13,0,0.252193,16,станция,
akademicheskaya,*,суббота,13,1,0.249936,16,станция,
akademicheskaya,*,суббота,13,2,0.254545,16,станция,
akademicheskaya,*,суббота,13,3,0.243326,16,станция,
akademicheskaya,*,суббота,14,0,0.250997,16,станция,
akademicheskaya,*,суббота,14,1,0.270084,16,станция,
akademicheskaya,*,суббота,14,2,0.240975,16,станция,
akademicheskaya,*,суббота,14,3,0.237943,16,станция,
akademicheskaya,*,суббота,15,0,0.254213,16,станция,
akademicheskaya,*,суббота,15,1,0.251774,16,станция,
akademicheskaya,*,суббота,15,2,0.247498,16,станция,
akademicheskaya,*,суббота,15,3,0.246516,16,станция,
akademicheskaya,*,суббота,16,0,0.249092,16,станция,
akademicheskaya,*,суббота,16,1,0.262044,16,станция,
akademicheskaya,*,суббота,16,2,0.252792,16,станция,
akademicheskaya,*,суббота,16,3,0.236072,16,станция,
akademicheskaya,*,суббота,17,0,0.25249,16,станция,
akademicheskaya,*,суббота,17,1,0.255657,16,станция,
akademicheskaya,*,суббота,17,2,0.245045,16,станция,
akademicheskaya,*,суббота,17,3,0.246808,16,станция,
akademicheskaya,*,суббота,18,0,0.275888,16,станция,
akademicheskaya,*,суббота,18,1,0.261387,16,станция,
akademicheskaya,*,суббота,18,2,0.241383,16,станция,
akademicheskaya,*,суббота,18,3,0.221342,16,станция,
akademicheskaya,*,суббота,19,0,0.262686,16,станция,
akademicheskaya,*,суббота,19,1,0.260931,16,станция,
akademicheskaya,*,суббота,19,2,0.247937,16,станция,
akademicheskaya,*,суббота,19,3,0.228445,16,станция,
akademicheskaya,*,суббота,20,0,0.288021,16,станция,
akademicheskaya,*,суббота,20,1,0.264699,16,станция,
akademicheskaya,*,суббота,20,2,0.233111,16,станция,
akademicheskaya,*,суббота,20,3,0.214168,16,станция,
akademicheskaya,*,суббота,21,0,0.277615,16,станция,
akademicheskaya,*,суббота,21,1,0.273118,16,станция,
akademicheskaya,*,суббота,21,2,0.234278,16,станция,
akademicheskaya,*,суббота,21,3,0.214989,16,станция,
akademicheskaya,*,суббота,22,0,0.327186,16,станция,
akademicheskaya,*,суббота,22,1,0.275425,16,станция,
akademicheskaya,*,суббота,22,2,0.223031,16,станция,
akademicheskaya,*,суббота,22,3,0.174357,16,станция,
akademicheskaya,*,суббота,23,0,0.286254,16,станция,
akademicheskaya,*,суббота,23,1,0.271414,16,станция,
akademicheskaya,*,суббота,23,2,0.224811,16,станция,
akademicheskaya,*,суббота,23,3,0.217521,16,станция,
akademicheskaya,*,суббота,0,0,0.599,16,станция,
akademicheskaya,*,суббота,0,1,0.259,16,станция,
akademicheskaya,*,суббота,0,2,0.138,16,станция,
akademicheskaya,*,суббота,0,3,0.004,16,станция,
akademicheskaya,*,воскресенье,5,0,0.000317,17,станция,
akademicheskaya,*,воскресенье,5,1,0.001902,17,станция,
akademicheskaya,*,воскресенье,5,2,0.500634,17,станция,
akademicheskaya,*,воскресенье,5,3,0.497146,17,станция,
akademicheskaya,*,воскресенье,6,0,0.203261,17,станция,
akademicheskaya,*,воскресенье,6,1,0.255882,17,станция,
akademicheskaya,*,воскресенье,6,2,0.247486,17,станция,
akademicheskaya,*,воскресенье,6,3,0.293371,17,станция,
akademicheskaya,*,воскресенье,7,0,0.249833,17,станция,
akademicheskaya,*,воскресенье,7,1,0.247674,17,станция,
akademicheskaya,*,воскресенье,7,2,0.231004,17,станция,
akademicheskaya,*,воскресенье,7,3,0.271489,17,станция,
akademicheskaya,*,воскресенье,8,0,0.220823,17,станция,
akademicheskaya,*,воскресенье,8,1,0.25631,17,станция,
akademicheskaya,*,воскресенье,8,2,0.24899,17,станция,
akademicheskaya,*,воскресенье,8,3,0.273877,17,станция,
akademicheskaya,*,воскресенье,9,0,0.257081,17,станция,
akademicheskaya,*,воскресенье,9,1,0.271711,17,станция,
akademicheskaya,*,воскресенье,9,2,0.237082,17,станция,
akademicheskaya,*,воскресенье,9,3,0.234126,17,станция,
akademicheskaya,*,воскресенье,10,0,0.24795,17,станция,
akademicheskaya,*,воскресенье,10,1,0.259225,17,станция,
akademicheskaya,*,воскресенье,10,2,0.250178,17,станция,
akademicheskaya,*,воскресенье,10,3,0.242647,17,станция,
akademicheskaya,*,воскресенье,11,0,0.241963,17,станция,
akademicheskaya,*,воскресенье,11,1,0.262206,17,станция,
akademicheskaya,*,воскресенье,11,2,0.253548,17,станция,
akademicheskaya,*,воскресенье,11,3,0.242283,17,станция,
akademicheskaya,*,воскресенье,12,0,0.255859,17,станция,
akademicheskaya,*,воскресенье,12,1,0.250019,17,станция,
akademicheskaya,*,воскресенье,12,2,0.247229,17,станция,
akademicheskaya,*,воскресенье,12,3,0.246894,17,станция,
akademicheskaya,*,воскресенье,13,0,0.243802,17,станция,
akademicheskaya,*,воскресенье,13,1,0.254165,17,станция,
akademicheskaya,*,воскресенье,13,2,0.253811,17,станция,
akademicheskaya,*,воскресенье,13,3,0.248223,17,станция,
akademicheskaya,*,воскресенье,14,0,0.259125,17,станция,
akademicheskaya,*,воскресенье,14,1,0.267678,17,станция,
akademicheskaya,*,воскресенье,14,2,0.233325,17,станция,
akademicheskaya,*,воскресенье,14,3,0.239872,17,станция,
akademicheskaya,*,воскресенье,15,0,0.265336,17,станция,
akademicheskaya,*,воскресенье,15,1,0.250619,17,станция,
akademicheskaya,*,воскресенье,15,2,0.238491,17,станция,
akademicheskaya,*,воскресенье,15,3,0.245554,17,станция,
akademicheskaya,*,воскресенье,16,0,0.248495,17,станция,
akademicheskaya,*,воскресенье,16,1,0.263215,17,станция,
akademicheskaya,*,воскресенье,16,2,0.251369,17,станция,
akademicheskaya,*,воскресенье,16,3,0.236921,17,станция,
akademicheskaya,*,воскресенье,17,0,0.255593,17,станция,
akademicheskaya,*,воскресенье,17,1,0.258569,17,станция,
akademicheskaya,*,воскресенье,17,2,0.247006,17,станция,
akademicheskaya,*,воскресенье,17,3,0.238832,17,станция,
akademicheskaya,*,воскресенье,18,0,0.269683,17,станция,
akademicheskaya,*,воскресенье,18,1,0.263274,17,станция,
akademicheskaya,*,воскресенье,18,2,0.244302,17,станция,
akademicheskaya,*,воскресенье,18,3,0.222741,17,станция,
akademicheskaya,*,воскресенье,19,0,0.269309,17,станция,
akademicheskaya,*,воскресенье,19,1,0.263909,17,станция,
akademicheskaya,*,воскресенье,19,2,0.238893,17,станция,
akademicheskaya,*,воскресенье,19,3,0.227889,17,станция,
akademicheskaya,*,воскресенье,20,0,0.286986,17,станция,
akademicheskaya,*,воскресенье,20,1,0.254076,17,станция,
akademicheskaya,*,воскресенье,20,2,0.241832,17,станция,
akademicheskaya,*,воскресенье,20,3,0.217106,17,станция,
akademicheskaya,*,воскресенье,21,0,0.279552,17,станция,
akademicheskaya,*,воскресенье,21,1,0.27169,17,станция,
akademicheskaya,*,воскресенье,21,2,0.233215,17,станция,
akademicheskaya,*,воскресенье,21,3,0.215543,17,станция,
akademicheskaya,*,воскресенье,22,0,0.341074,17,станция,
akademicheskaya,*,воскресенье,22,1,0.276847,17,станция,
akademicheskaya,*,воскресенье,22,2,0.205197,17,станция,
akademicheskaya,*,воскресенье,22,3,0.176882,17,станция,
akademicheskaya,*,воскресенье,23,0,0.307498,17,станция,
akademicheskaya,*,воскресенье,23,1,0.283235,17,станция,
akademicheskaya,*,воскресенье,23,2,0.218197,17,станция,
akademicheskaya,*,воскресенье,23,3,0.19107,17,станция,
akademicheskaya,*,воскресенье,0,0,0.534362,17,станция,
akademicheskaya,*,воскресенье,0,1,0.319776,17,станция,
akademicheskaya,*,воскресенье,0,2,0.13885,17,станция,
akademicheskaya,*,воскресенье,0,3,0.007013,17,станция,
politekhnicheskaya,politekhnicheskaya_1,рабочий,5,0,0.001145,80,вестибюль,
politekhnicheskaya,politekhnicheskaya_1,рабочий,5,1,0.000617,80,вестибюль,
politekhnicheskaya,politekhnicheskaya_1,рабочий,5,2,0.491631,80,вестибюль,
politekhnicheskaya,politekhnicheskaya_1,рабочий,5,3,0.506607,80,вестибюль,
politekhnicheskaya,politekhnicheskaya_1,рабочий,6,0,0.149838,80,вестибюль,
politekhnicheskaya,politekhnicheskaya_1,рабочий,6,1,0.240999,80,вестибюль,
politekhnicheskaya,politekhnicheskaya_1,рабочий,6,2,0.262544,80,вестибюль,
politekhnicheskaya,politekhnicheskaya_1,рабочий,6,3,0.346619,80,вестибюль,
politekhnicheskaya,politekhnicheskaya_1,рабочий,7,0,0.18949,80,вестибюль,
politekhnicheskaya,politekhnicheskaya_1,рабочий,7,1,0.214855,80,вестибюль,
politekhnicheskaya,politekhnicheskaya_1,рабочий,7,2,0.272139,80,вестибюль,
politekhnicheskaya,politekhnicheskaya_1,рабочий,7,3,0.323517,80,вестибюль,
politekhnicheskaya,politekhnicheskaya_1,рабочий,8,0,0.28713,80,вестибюль,
politekhnicheskaya,politekhnicheskaya_1,рабочий,8,1,0.277411,80,вестибюль,
politekhnicheskaya,politekhnicheskaya_1,рабочий,8,2,0.237555,80,вестибюль,
politekhnicheskaya,politekhnicheskaya_1,рабочий,8,3,0.197904,80,вестибюль,
politekhnicheskaya,politekhnicheskaya_1,рабочий,9,0,0.291374,80,вестибюль,
politekhnicheskaya,politekhnicheskaya_1,рабочий,9,1,0.277303,80,вестибюль,
politekhnicheskaya,politekhnicheskaya_1,рабочий,9,2,0.23258,80,вестибюль,
politekhnicheskaya,politekhnicheskaya_1,рабочий,9,3,0.198743,80,вестибюль,
politekhnicheskaya,politekhnicheskaya_1,рабочий,10,0,0.273631,80,вестибюль,
politekhnicheskaya,politekhnicheskaya_1,рабочий,10,1,0.268545,80,вестибюль,
politekhnicheskaya,politekhnicheskaya_1,рабочий,10,2,0.235573,80,вестибюль,
politekhnicheskaya,politekhnicheskaya_1,рабочий,10,3,0.222251,80,вестибюль,
politekhnicheskaya,politekhnicheskaya_1,рабочий,11,0,0.225834,80,вестибюль,
politekhnicheskaya,politekhnicheskaya_1,рабочий,11,1,0.235954,80,вестибюль,
politekhnicheskaya,politekhnicheskaya_1,рабочий,11,2,0.271636,80,вестибюль,
politekhnicheskaya,politekhnicheskaya_1,рабочий,11,3,0.266576,80,вестибюль,
politekhnicheskaya,politekhnicheskaya_1,рабочий,12,0,0.251896,80,вестибюль,
politekhnicheskaya,politekhnicheskaya_1,рабочий,12,1,0.241543,80,вестибюль,
politekhnicheskaya,politekhnicheskaya_1,рабочий,12,2,0.247331,80,вестибюль,
politekhnicheskaya,politekhnicheskaya_1,рабочий,12,3,0.259231,80,вестибюль,
politekhnicheskaya,politekhnicheskaya_1,рабочий,13,0,0.18575,80,вестибюль,
politekhnicheskaya,politekhnicheskaya_1,рабочий,13,1,0.210542,80,вестибюль,
politekhnicheskaya,politekhnicheskaya_1,рабочий,13,2,0.301004,80,вестибюль,
politekhnicheskaya,politekhnicheskaya_1,рабочий,13,3,0.302705,80,вестибюль,
politekhnicheskaya,politekhnicheskaya_1,рабочий,14,0,0.259984,80,вестибюль,
politekhnicheskaya,politekhnicheskaya_1,рабочий,14,1,0.259059,80,вестибюль,
politekhnicheskaya,politekhnicheskaya_1,рабочий,14,2,0.225524,80,вестибюль,
politekhnicheskaya,politekhnicheskaya_1,рабочий,14,3,0.255433,80,вестибюль,
politekhnicheskaya,politekhnicheskaya_1,рабочий,15,0,0.180236,80,вестибюль,
politekhnicheskaya,politekhnicheskaya_1,рабочий,15,1,0.197773,80,вестибюль,
politekhnicheskaya,politekhnicheskaya_1,рабочий,15,2,0.314019,80,вестибюль,
politekhnicheskaya,politekhnicheskaya_1,рабочий,15,3,0.307973,80,вестибюль,
politekhnicheskaya,politekhnicheskaya_1,рабочий,16,0,0.227728,80,вестибюль,
politekhnicheskaya,politekhnicheskaya_1,рабочий,16,1,0.241577,80,вестибюль,
politekhnicheskaya,politekhnicheskaya_1,рабочий,16,2,0.273939,80,вестибюль,
politekhnicheskaya,politekhnicheskaya_1,рабочий,16,3,0.256756,80,вестибюль,
politekhnicheskaya,politekhnicheskaya_1,рабочий,17,0,0.221006,80,вестибюль,
politekhnicheskaya,politekhnicheskaya_1,рабочий,17,1,0.260544,80,вестибюль,
politekhnicheskaya,politekhnicheskaya_1,рабочий,17,2,0.280893,80,вестибюль,
politekhnicheskaya,politekhnicheskaya_1,рабочий,17,3,0.237557,80,вестибюль,
politekhnicheskaya,politekhnicheskaya_1,рабочий,18,0,0.317587,80,вестибюль,
politekhnicheskaya,politekhnicheskaya_1,рабочий,18,1,0.280441,80,вестибюль,
politekhnicheskaya,politekhnicheskaya_1,рабочий,18,2,0.217185,80,вестибюль,
politekhnicheskaya,politekhnicheskaya_1,рабочий,18,3,0.184788,80,вестибюль,
politekhnicheskaya,politekhnicheskaya_1,рабочий,19,0,0.278117,79,вестибюль,
politekhnicheskaya,politekhnicheskaya_1,рабочий,19,1,0.268897,79,вестибюль,
politekhnicheskaya,politekhnicheskaya_1,рабочий,19,2,0.243701,79,вестибюль,
politekhnicheskaya,politekhnicheskaya_1,рабочий,19,3,0.209285,79,вестибюль,
politekhnicheskaya,politekhnicheskaya_1,рабочий,20,0,0.30533,79,вестибюль,
politekhnicheskaya,politekhnicheskaya_1,рабочий,20,1,0.257416,79,вестибюль,
politekhnicheskaya,politekhnicheskaya_1,рабочий,20,2,0.224434,79,вестибюль,
politekhnicheskaya,politekhnicheskaya_1,рабочий,20,3,0.21282,79,вестибюль,
politekhnicheskaya,politekhnicheskaya_1,рабочий,21,0,0.282193,80,вестибюль,
politekhnicheskaya,politekhnicheskaya_1,рабочий,21,1,0.300113,80,вестибюль,
politekhnicheskaya,politekhnicheskaya_1,рабочий,21,2,0.236698,80,вестибюль,
politekhnicheskaya,politekhnicheskaya_1,рабочий,21,3,0.180996,80,вестибюль,
politekhnicheskaya,politekhnicheskaya_1,рабочий,22,0,0.292947,80,вестибюль,
politekhnicheskaya,politekhnicheskaya_1,рабочий,22,1,0.276819,80,вестибюль,
politekhnicheskaya,politekhnicheskaya_1,рабочий,22,2,0.236654,80,вестибюль,
politekhnicheskaya,politekhnicheskaya_1,рабочий,22,3,0.19358,80,вестибюль,
politekhnicheskaya,politekhnicheskaya_1,рабочий,23,0,0.317389,80,вестибюль,
politekhnicheskaya,politekhnicheskaya_1,рабочий,23,1,0.278385,80,вестибюль,
politekhnicheskaya,politekhnicheskaya_1,рабочий,23,2,0.193335,80,вестибюль,
politekhnicheskaya,politekhnicheskaya_1,рабочий,23,3,0.210892,80,вестибюль,
politekhnicheskaya,politekhnicheskaya_1,рабочий,0,0,0.540559,80,вестибюль,
politekhnicheskaya,politekhnicheskaya_1,рабочий,0,1,0.333566,80,вестибюль,
politekhnicheskaya,politekhnicheskaya_1,рабочий,0,2,0.111888,80,вестибюль,
politekhnicheskaya,politekhnicheskaya_1,рабочий,0,3,0.013986,80,вестибюль,
politekhnicheskaya,politekhnicheskaya_1,суббота,5,0,0.00611,16,вестибюль,
politekhnicheskaya,politekhnicheskaya_1,суббота,5,1,0.003055,16,вестибюль,
politekhnicheskaya,politekhnicheskaya_1,суббота,5,2,0.244399,16,вестибюль,
politekhnicheskaya,politekhnicheskaya_1,суббота,5,3,0.746436,16,вестибюль,
politekhnicheskaya,politekhnicheskaya_1,суббота,6,0,0.185567,16,вестибюль,
politekhnicheskaya,politekhnicheskaya_1,суббота,6,1,0.279859,16,вестибюль,
politekhnicheskaya,politekhnicheskaya_1,суббота,6,2,0.24692,16,вестибюль,
politekhnicheskaya,politekhnicheskaya_1,суббота,6,3,0.287654,16,вестибюль,
politekhnicheskaya,politekhnicheskaya_1,суббота,7,0,0.165705,16,вестибюль,
politekhnicheskaya,politekhnicheskaya_1,суббота,7,1,0.179602,16,вестибюль,
politekhnicheskaya,politekhnicheskaya_1,суббота,7,2,0.351549,16,вестибюль,
politekhnicheskaya,politekhnicheskaya_1,суббота,7,3,0.303145,16,вестибюль,
politekhnicheskaya,politekhnicheskaya_1,суббота,8,0,0.257656,16,вестибюль,
politekhnicheskaya,politekhnicheskaya_1,суббота,8,1,0.267589,16,вестибюль,
politekhnicheskaya,politekhnicheskaya_1,суббота,8,2,0.229987,16,вестибюль,
politekhnicheskaya,politekhnicheskaya_1,суббота,8,3,0.244768,16,вестибюль,
politekhnicheskaya,politekhnicheskaya_1,суббота,9,0,0.257975,16,вестибюль,
politekhnicheskaya,politekhnicheskaya_1,суббота,9,1,0.266089,16,вестибюль,
politekhnicheskaya,politekhnicheskaya_1,суббота,9,2,0.240636,16,вестибюль,
politekhnicheskaya,politekhnicheskaya_1,суббота,9,3,0.235301,16,вестибюль,
politekhnicheskaya,politekhnicheskaya_1,суббота,10,0,0.257506,16,вестибюль,
politekhnicheskaya,politekhnicheskaya_1,суббота,10,1,0.267374,16,вестибюль,
politekhnicheskaya,politekhnicheskaya_1,суббота,10,2,0.246798,16,вестибюль,
politekhnicheskaya,politekhnicheskaya_1,суббота,10,3,0.228322,16,вестибюль,
politekhnicheskaya,politekhnicheskaya_1,суббота,11,0,0.196269,16,вестибюль,
politekhnicheskaya,politekhnicheskaya_1,суббота,11,1,0.215482,16,вестибюль,
politekhnicheskaya,politekhnicheskaya_1,суббота,11,2,0.304927,16,вестибюль,
politekhnicheskaya,politekhnicheskaya_1,суббота,11,3,0.283323,16,вестибюль,
politekhnicheskaya,politekhnicheskaya_1,суббота,12,0,0.247929,16,вестибюль,
politekhnicheskaya,politekhnicheskaya_1,суббота,12,1,0.232001,16,вестибюль,
politekhnicheskaya,politekhnicheskaya_1,суббота,12,2,0.250478,16,вестибюль,
politekhnicheskaya,politekhnicheskaya_1,суббота,12,3,0.269591,16,вестибюль,
politekhnicheskaya,politekhnicheskaya_1,суббота,13,0,0.187697,16,вестибюль,
politekhnicheskaya,politekhnicheskaya_1,суббота,13,1,0.21224,16,вестибюль,
politekhnicheskaya,politekhnicheskaya_1,суббота,13,2,0.331546,16,вестибюль,
politekhnicheskaya,politekhnicheskaya_1,суббота,13,3,0.268517,16,вестибюль,
politekhnicheskaya,politekhnicheskaya_1,суббота,14,0,0.269598,16,вестибюль,
politekhnicheskaya,politekhnicheskaya_1,суббота,14,1,0.265558,16,вестибюль,
politekhnicheskaya,politekhnicheskaya_1,суббота,14,2,0.228576,16,вестибюль,
politekhnicheskaya,politekhnicheskaya_1,суббота,14,3,0.236268,16,вестибюль,
politekhnicheskaya,politekhnicheskaya_1,суббота,15,0,0.229047,16,вестибюль,
politekhnicheskaya,politekhnicheskaya_1,суббота,15,1,0.226145,16,вестибюль,
politekhnicheskaya,politekhnicheskaya_1,суббота,15,2,0.287985,16,вестибюль,
politekhnicheskaya,politekhnicheskaya_1,суббота,15,3,0.256823,16,вестибюль,
politekhnicheskaya,politekhnicheskaya_1,суббота,16,0,0.259124,16,вестибюль,
politekhnicheskaya,politekhnicheskaya_1,суббота,16,1,0.248175,16,вестибюль,
politekhnicheskaya,politekhnicheskaya_1,суббота,16,2,0.246573,16,вестибюль,
politekhnicheskaya,politekhnicheskaya_1,суббота,16,3,0.246128,16,вестибюль,
politekhnicheskaya,politekhnicheskaya_1,суббота,17,0,0.229937,16,вестибюль,
politekhnicheskaya,politekhnicheskaya_1,суббота,17,1,0.246753,16,вестибюль,
politekhnicheskaya,politekhnicheskaya_1,суббота,17,2,0.2664,16,вестибюль,
politekhnicheskaya,politekhnicheskaya_1,суббота,17,3,0.25691,16,вестибюль,
politekhnicheskaya,politekhnicheskaya_1,суббота,18,0,0.286297,16,вестибюль,
politekhnicheskaya,politekhnicheskaya_1,суббота,18,1,0.259289,16,вестибюль,
politekhnicheskaya,politekhnicheskaya_1,суббота,18,2,0.239714,16,вестибюль,
politekhnicheskaya,politekhnicheskaya_1,суббота,18,3,0.2147,16,вестибюль,
politekhnicheskaya,politekhnicheskaya_1,суббота,19,0,0.270637,16,вестибюль,
politekhnicheskaya,politekhnicheskaya_1,суббота,19,1,0.278866,16,вестибюль,
politekhnicheskaya,politekhnicheskaya_1,суббота,19,2,0.238898,16,вестибюль,
politekhnicheskaya,politekhnicheskaya_1,суббота,19,3,0.211599,16,вестибюль,
politekhnicheskaya,politekhnicheskaya_1,суббота,20,0,0.280712,16,вестибюль,
politekhnicheskaya,politekhnicheskaya_1,суббота,20,1,0.288091,16,вестибюль,
politekhnicheskaya,politekhnicheskaya_1,суббота,20,2,0.235132,16,вестибюль,
politekhnicheskaya,politekhnicheskaya_1,суббота,20,3,0.196064,16,вестибюль,
politekhnicheskaya,politekhnicheskaya_1,суббота,21,0,0.26614,16,вестибюль,
politekhnicheskaya,politekhnicheskaya_1,суббота,21,1,0.281573,16,вестибюль,
politekhnicheskaya,politekhnicheskaya_1,суббота,21,2,0.244683,16,вестибюль,
politekhnicheskaya,politekhnicheskaya_1,суббота,21,3,0.207604,16,вестибюль,
politekhnicheskaya,politekhnicheskaya_1,суббота,22,0,0.299475,16,вестибюль,
politekhnicheskaya,politekhnicheskaya_1,суббота,22,1,0.301226,16,вестибюль,
politekhnicheskaya,politekhnicheskaya_1,суббота,22,2,0.216871,16,вестибюль,
politekhnicheskaya,politekhnicheskaya_1,суббота,22,3,0.182428,16,вестибюль,
politekhnicheskaya,politekhnicheskaya_1,суббота,23,0,0.312139,16,вестибюль,
politekhnicheskaya,politekhnicheskaya_1,суббота,23,1,0.25959,16,вестибюль,
politekhnicheskaya,politekhnicheskaya_1,суббота,23,2,0.211771,16,вестибюль,
politekhnicheskaya,politekhnicheskaya_1,суббота,23,3,0.2165,16,вестибюль,
politekhnicheskaya,politekhnicheskaya_1,суббота,0,0,0.669565,16,вестибюль,
politekhnicheskaya,politekhnicheskaya_1,суббота,0,1,0.23913,16,вестибюль,
politekhnicheskaya,politekhnicheskaya_1,суббота,0,2,0.086957,16,вестибюль,
politekhnicheskaya,politekhnicheskaya_1,суббота,0,3,0.004348,16,вестибюль,
politekhnicheskaya,politekhnicheskaya_1,воскресенье,5,0,0.0,17,вестибюль,
politekhnicheskaya,politekhnicheskaya_1,воскресенье,5,1,0.0,17,вестибюль,
politekhnicheskaya,politekhnicheskaya_1,воскресенье,5,2,0.28254,17,вестибюль,
politekhnicheskaya,politekhnicheskaya_1,воскресенье,5,3,0.71746,17,вестибюль,
politekhnicheskaya,politekhnicheskaya_1,воскресенье,6,0,0.179851,17,вестибюль,
politekhnicheskaya,politekhnicheskaya_1,воскресенье,6,1,0.281947,17,вестибюль,
politekhnicheskaya,politekhnicheskaya_1,воскресенье,6,2,0.257268,17,вестибюль,
politekhnicheskaya,politekhnicheskaya_1,воскресенье,6,3,0.280933,17,вестибюль,
politekhnicheskaya,politekhnicheskaya_1,воскресенье,7,0,0.2378,17,вестибюль,
politekhnicheskaya,politekhnicheskaya_1,воскресенье,7,1,0.270746,17,вестибюль,
politekhnicheskaya,politekhnicheskaya_1,воскресенье,7,2,0.229626,17,вестибюль,
politekhnicheskaya,politekhnicheskaya_1,воскресенье,7,3,0.261828,17,вестибюль,
politekhnicheskaya,politekhnicheskaya_1,воскресенье,8,0,0.25315,17,вестибюль,
politekhnicheskaya,politekhnicheskaya_1,воскресенье,8,1,0.252577,17,вестибюль,
politekhnicheskaya,politekhnicheskaya_1,воскресенье,8,2,0.23845,17,вестибюль,
politekhnicheskaya,politekhnicheskaya_1,воскресенье,8,3,0.255823,17,вестибюль,
politekhnicheskaya,politekhnicheskaya_1,воскресенье,9,0,0.229128,17,вестибюль,
politekhnicheskaya,politekhnicheskaya_1,воскресенье,9,1,0.291812,17,вестибюль,
politekhnicheskaya,politekhnicheskaya_1,воскресенье,9,2,0.240134,17,вестибюль,
politekhnicheskaya,politekhnicheskaya_1,воскресенье,9,3,0.238926,17,вестибюль,
politekhnicheskaya,politekhnicheskaya_1,воскресенье,10,0,0.218871,17,вестибюль,
politekhnicheskaya,politekhnicheskaya_1,воскресенье,10,1,0.259255,17,вестибюль,
politekhnicheskaya,politekhnicheskaya_1,воскресенье,10,2,0.254768,17,вестибюль,
politekhnicheskaya,politekhnicheskaya_1,воскресенье,10,3,0.267107,17,вестибюль,
politekhnicheskaya,politekhnicheskaya_1,воскресенье,11,0,0.245545,17,вестибюль,
politekhnicheskaya,politekhnicheskaya_1,воскресенье,11,1,0.28445,17,вестибюль,
politekhnicheskaya,politekhnicheskaya_1,воскресенье,11,2,0.238206,17,вестибюль,
politekhnicheskaya,politekhnicheskaya_1,воскресенье,11,3,0.2318,17,вестибюль,
politekhnicheskaya,politekhnicheskaya_1,воскресенье,12,0,0.227444,17,вестибюль,
politekhnicheskaya,politekhnicheskaya_1,воскресенье,12,1,0.266667,17,вестибюль,
politekhnicheskaya,politekhnicheskaya_1,воскресенье,12,2,0.251572,17,вестибюль,
politekhnicheskaya,politekhnicheskaya_1,воскресенье,12,3,0.254317,17,вестибюль,
politekhnicheskaya,politekhnicheskaya_1,воскресенье,13,0,0.23361,17,вестибюль,
politekhnicheskaya,politekhnicheskaya_1,воскресенье,13,1,0.292744,17,вестибюль,
politekhnicheskaya,politekhnicheskaya_1,воскресенье,13,2,0.256955,17,вестибюль,
politekhnicheskaya,politekhnicheskaya_1,воскресенье,13,3,0.216691,17,вестибюль,
politekhnicheskaya,politekhnicheskaya_1,воскресенье,14,0,0.273672,17,вестибюль,
politekhnicheskaya,politekhnicheskaya_1,воскресенье,14,1,0.268777,17,вестибюль,
politekhnicheskaya,politekhnicheskaya_1,воскресенье,14,2,0.239912,17,вестибюль,
politekhnicheskaya,politekhnicheskaya_1,воскресенье,14,3,0.217639,17,вестибюль,
politekhnicheskaya,politekhnicheskaya_1,воскресенье,15,0,0.25,17,вестибюль,
politekhnicheskaya,politekhnicheskaya_1,воскресенье,15,1,0.235042,17,вестибюль,
politekhnicheskaya,politekhnicheskaya_1,воскресенье,15,2,0.269358,17,вестибюль,
politekhnicheskaya,politekhnicheskaya_1,воскресенье,15,3,0.245601,17,вестибюль,
politekhnicheskaya,politekhnicheskaya_1,воскресенье,16,0,0.244379,17,вестибюль,
politekhnicheskaya,politekhnicheskaya_1,воскресенье,16,1,0.252266,17,вестибюль,
politekhnicheskaya,politekhnicheskaya_1,воскресенье,16,2,0.259564,17,вестибюль,
politekhnicheskaya,politekhnicheskaya_1,воскресенье,16,3,0.24379,17,вестибюль,
politekhnicheskaya,politekhnicheskaya_1,воскресенье,17,0,0.249488,17,вестибюль,
politekhnicheskaya,politekhnicheskaya_1,воскресенье,17,1,0.246111,17,вестибюль,
politekhnicheskaya,politekhnicheskaya_1,воскресенье,17,2,0.251176,17,вестибюль,
politekhnicheskaya,politekhnicheskaya_1,воскресенье,17,3,0.253226,17,вестибюль,
politekhnicheskaya,politekhnicheskaya_1,воскресенье,18,0,0.263882,17,вестибюль,
politekhnicheskaya,politekhnicheskaya_1,воскресенье,18,1,0.250386,17,вестибюль,
politekhnicheskaya,politekhnicheskaya_1,воскресенье,18,2,0.255656,17,вестибюль,
politekhnicheskaya,politekhnicheskaya_1,воскресенье,18,3,0.230077,17,вестибюль,
politekhnicheskaya,politekhnicheskaya_1,воскресенье,19,0,0.286846,17,вестибюль,
politekhnicheskaya,politekhnicheskaya_1,воскресенье,19,1,0.244532,17,вестибюль,
politekhnicheskaya,politekhnicheskaya_1,воскресенье,19,2,0.244691,17,вестибюль,
politekhnicheskaya,politekhnicheskaya_1,воскресенье,19,3,0.22393,17,вестибюль,
politekhnicheskaya,politekhnicheskaya_1,воскресенье,20,0,0.284815,17,вестибюль,
politekhnicheskaya,politekhnicheskaya_1,воскресенье,20,1,0.261467,17,вестибюль,
politekhnicheskaya,politekhnicheskaya_1,воскресенье,20,2,0.245239,17,вестибюль,
politekhnicheskaya,politekhnicheskaya_1,воскресенье,20,3,0.208478,17,вестибюль,
politekhnicheskaya,politekhnicheskaya_1,воскресенье,21,0,0.299562,17,вестибюль,
politekhnicheskaya,politekhnicheskaya_1,воскресенье,21,1,0.273989,17,вестибюль,
politekhnicheskaya,politekhnicheskaya_1,воскресенье,21,2,0.223088,17,вестибюль,
politekhnicheskaya,politekhnicheskaya_1,воскресенье,21,3,0.203361,17,вестибюль,
politekhnicheskaya,politekhnicheskaya_1,воскресенье,22,0,0.30087,17,вестибюль,
politekhnicheskaya,politekhnicheskaya_1,воскресенье,22,1,0.286261,17,вестибюль,
politekhnicheskaya,politekhnicheskaya_1,воскресенье,22,2,0.220174,17,вестибюль,
politekhnicheskaya,politekhnicheskaya_1,воскресенье,22,3,0.192696,17,вестибюль,
politekhnicheskaya,politekhnicheskaya_1,воскресенье,23,0,0.298788,17,вестибюль,
politekhnicheskaya,politekhnicheskaya_1,воскресенье,23,1,0.278788,17,вестибюль,
politekhnicheskaya,politekhnicheskaya_1,воскресенье,23,2,0.207879,17,вестибюль,
politekhnicheskaya,politekhnicheskaya_1,воскресенье,23,3,0.214545,17,вестибюль,
politekhnicheskaya,politekhnicheskaya_1,воскресенье,0,0,0.578059,17,вестибюль,
politekhnicheskaya,politekhnicheskaya_1,воскресенье,0,1,0.320675,17,вестибюль,
politekhnicheskaya,politekhnicheskaya_1,воскресенье,0,2,0.088608,17,вестибюль,
politekhnicheskaya,politekhnicheskaya_1,воскресенье,0,3,0.012658,17,вестибюль,
politekhnicheskaya,*,рабочий,5,0,0.001145,80,станция,
politekhnicheskaya,*,рабочий,5,1,0.000617,80,станция,
politekhnicheskaya,*,рабочий,5,2,0.491631,80,станция,
politekhnicheskaya,*,рабочий,5,3,0.506607,80,станция,
politekhnicheskaya,*,рабочий,6,0,0.149838,80,станция,
politekhnicheskaya,*,рабочий,6,1,0.240999,80,станция,
politekhnicheskaya,*,рабочий,6,2,0.262544,80,станция,
politekhnicheskaya,*,рабочий,6,3,0.346619,80,станция,
politekhnicheskaya,*,рабочий,7,0,0.18949,80,станция,
politekhnicheskaya,*,рабочий,7,1,0.214855,80,станция,
politekhnicheskaya,*,рабочий,7,2,0.272139,80,станция,
politekhnicheskaya,*,рабочий,7,3,0.323517,80,станция,
politekhnicheskaya,*,рабочий,8,0,0.28713,80,станция,
politekhnicheskaya,*,рабочий,8,1,0.277411,80,станция,
politekhnicheskaya,*,рабочий,8,2,0.237555,80,станция,
politekhnicheskaya,*,рабочий,8,3,0.197904,80,станция,
politekhnicheskaya,*,рабочий,9,0,0.291374,80,станция,
politekhnicheskaya,*,рабочий,9,1,0.277303,80,станция,
politekhnicheskaya,*,рабочий,9,2,0.23258,80,станция,
politekhnicheskaya,*,рабочий,9,3,0.198743,80,станция,
politekhnicheskaya,*,рабочий,10,0,0.273631,80,станция,
politekhnicheskaya,*,рабочий,10,1,0.268545,80,станция,
politekhnicheskaya,*,рабочий,10,2,0.235573,80,станция,
politekhnicheskaya,*,рабочий,10,3,0.222251,80,станция,
politekhnicheskaya,*,рабочий,11,0,0.225834,80,станция,
politekhnicheskaya,*,рабочий,11,1,0.235954,80,станция,
politekhnicheskaya,*,рабочий,11,2,0.271636,80,станция,
politekhnicheskaya,*,рабочий,11,3,0.266576,80,станция,
politekhnicheskaya,*,рабочий,12,0,0.251896,80,станция,
politekhnicheskaya,*,рабочий,12,1,0.241543,80,станция,
politekhnicheskaya,*,рабочий,12,2,0.247331,80,станция,
politekhnicheskaya,*,рабочий,12,3,0.259231,80,станция,
politekhnicheskaya,*,рабочий,13,0,0.18575,80,станция,
politekhnicheskaya,*,рабочий,13,1,0.210542,80,станция,
politekhnicheskaya,*,рабочий,13,2,0.301004,80,станция,
politekhnicheskaya,*,рабочий,13,3,0.302705,80,станция,
politekhnicheskaya,*,рабочий,14,0,0.259984,80,станция,
politekhnicheskaya,*,рабочий,14,1,0.259059,80,станция,
politekhnicheskaya,*,рабочий,14,2,0.225524,80,станция,
politekhnicheskaya,*,рабочий,14,3,0.255433,80,станция,
politekhnicheskaya,*,рабочий,15,0,0.180236,80,станция,
politekhnicheskaya,*,рабочий,15,1,0.197773,80,станция,
politekhnicheskaya,*,рабочий,15,2,0.314019,80,станция,
politekhnicheskaya,*,рабочий,15,3,0.307973,80,станция,
politekhnicheskaya,*,рабочий,16,0,0.227728,80,станция,
politekhnicheskaya,*,рабочий,16,1,0.241577,80,станция,
politekhnicheskaya,*,рабочий,16,2,0.273939,80,станция,
politekhnicheskaya,*,рабочий,16,3,0.256756,80,станция,
politekhnicheskaya,*,рабочий,17,0,0.221006,80,станция,
politekhnicheskaya,*,рабочий,17,1,0.260544,80,станция,
politekhnicheskaya,*,рабочий,17,2,0.280893,80,станция,
politekhnicheskaya,*,рабочий,17,3,0.237557,80,станция,
politekhnicheskaya,*,рабочий,18,0,0.317587,80,станция,
politekhnicheskaya,*,рабочий,18,1,0.280441,80,станция,
politekhnicheskaya,*,рабочий,18,2,0.217185,80,станция,
politekhnicheskaya,*,рабочий,18,3,0.184788,80,станция,
politekhnicheskaya,*,рабочий,19,0,0.278117,79,станция,
politekhnicheskaya,*,рабочий,19,1,0.268897,79,станция,
politekhnicheskaya,*,рабочий,19,2,0.243701,79,станция,
politekhnicheskaya,*,рабочий,19,3,0.209285,79,станция,
politekhnicheskaya,*,рабочий,20,0,0.30533,79,станция,
politekhnicheskaya,*,рабочий,20,1,0.257416,79,станция,
politekhnicheskaya,*,рабочий,20,2,0.224434,79,станция,
politekhnicheskaya,*,рабочий,20,3,0.21282,79,станция,
politekhnicheskaya,*,рабочий,21,0,0.282193,80,станция,
politekhnicheskaya,*,рабочий,21,1,0.300113,80,станция,
politekhnicheskaya,*,рабочий,21,2,0.236698,80,станция,
politekhnicheskaya,*,рабочий,21,3,0.180996,80,станция,
politekhnicheskaya,*,рабочий,22,0,0.292947,80,станция,
politekhnicheskaya,*,рабочий,22,1,0.276819,80,станция,
politekhnicheskaya,*,рабочий,22,2,0.236654,80,станция,
politekhnicheskaya,*,рабочий,22,3,0.19358,80,станция,
politekhnicheskaya,*,рабочий,23,0,0.317389,80,станция,
politekhnicheskaya,*,рабочий,23,1,0.278385,80,станция,
politekhnicheskaya,*,рабочий,23,2,0.193335,80,станция,
politekhnicheskaya,*,рабочий,23,3,0.210892,80,станция,
politekhnicheskaya,*,рабочий,0,0,0.540559,80,станция,
politekhnicheskaya,*,рабочий,0,1,0.333566,80,станция,
politekhnicheskaya,*,рабочий,0,2,0.111888,80,станция,
politekhnicheskaya,*,рабочий,0,3,0.013986,80,станция,
politekhnicheskaya,*,суббота,5,0,0.00611,16,станция,
politekhnicheskaya,*,суббота,5,1,0.003055,16,станция,
politekhnicheskaya,*,суббота,5,2,0.244399,16,станция,
politekhnicheskaya,*,суббота,5,3,0.746436,16,станция,
politekhnicheskaya,*,суббота,6,0,0.185567,16,станция,
politekhnicheskaya,*,суббота,6,1,0.279859,16,станция,
politekhnicheskaya,*,суббота,6,2,0.24692,16,станция,
politekhnicheskaya,*,суббота,6,3,0.287654,16,станция,
politekhnicheskaya,*,суббота,7,0,0.165705,16,станция,
politekhnicheskaya,*,суббота,7,1,0.179602,16,станция,
politekhnicheskaya,*,суббота,7,2,0.351549,16,станция,
politekhnicheskaya,*,суббота,7,3,0.303145,16,станция,
politekhnicheskaya,*,суббота,8,0,0.257656,16,станция,
politekhnicheskaya,*,суббота,8,1,0.267589,16,станция,
politekhnicheskaya,*,суббота,8,2,0.229987,16,станция,
politekhnicheskaya,*,суббота,8,3,0.244768,16,станция,
politekhnicheskaya,*,суббота,9,0,0.257975,16,станция,
politekhnicheskaya,*,суббота,9,1,0.266089,16,станция,
politekhnicheskaya,*,суббота,9,2,0.240636,16,станция,
politekhnicheskaya,*,суббота,9,3,0.235301,16,станция,
politekhnicheskaya,*,суббота,10,0,0.257506,16,станция,
politekhnicheskaya,*,суббота,10,1,0.267374,16,станция,
politekhnicheskaya,*,суббота,10,2,0.246798,16,станция,
politekhnicheskaya,*,суббота,10,3,0.228322,16,станция,
politekhnicheskaya,*,суббота,11,0,0.196269,16,станция,
politekhnicheskaya,*,суббота,11,1,0.215482,16,станция,
politekhnicheskaya,*,суббота,11,2,0.304927,16,станция,
politekhnicheskaya,*,суббота,11,3,0.283323,16,станция,
politekhnicheskaya,*,суббота,12,0,0.247929,16,станция,
politekhnicheskaya,*,суббота,12,1,0.232001,16,станция,
politekhnicheskaya,*,суббота,12,2,0.250478,16,станция,
politekhnicheskaya,*,суббота,12,3,0.269591,16,станция,
politekhnicheskaya,*,суббота,13,0,0.187697,16,станция,
politekhnicheskaya,*,суббота,13,1,0.21224,16,станция,
politekhnicheskaya,*,суббота,13,2,0.331546,16,станция,
politekhnicheskaya,*,суббота,13,3,0.268517,16,станция,
politekhnicheskaya,*,суббота,14,0,0.269598,16,станция,
politekhnicheskaya,*,суббота,14,1,0.265558,16,станция,
politekhnicheskaya,*,суббота,14,2,0.228576,16,станция,
politekhnicheskaya,*,суббота,14,3,0.236268,16,станция,
politekhnicheskaya,*,суббота,15,0,0.229047,16,станция,
politekhnicheskaya,*,суббота,15,1,0.226145,16,станция,
politekhnicheskaya,*,суббота,15,2,0.287985,16,станция,
politekhnicheskaya,*,суббота,15,3,0.256823,16,станция,
politekhnicheskaya,*,суббота,16,0,0.259124,16,станция,
politekhnicheskaya,*,суббота,16,1,0.248175,16,станция,
politekhnicheskaya,*,суббота,16,2,0.246573,16,станция,
politekhnicheskaya,*,суббота,16,3,0.246128,16,станция,
politekhnicheskaya,*,суббота,17,0,0.229937,16,станция,
politekhnicheskaya,*,суббота,17,1,0.246753,16,станция,
politekhnicheskaya,*,суббота,17,2,0.2664,16,станция,
politekhnicheskaya,*,суббота,17,3,0.25691,16,станция,
politekhnicheskaya,*,суббота,18,0,0.286297,16,станция,
politekhnicheskaya,*,суббота,18,1,0.259289,16,станция,
politekhnicheskaya,*,суббота,18,2,0.239714,16,станция,
politekhnicheskaya,*,суббота,18,3,0.2147,16,станция,
politekhnicheskaya,*,суббота,19,0,0.270637,16,станция,
politekhnicheskaya,*,суббота,19,1,0.278866,16,станция,
politekhnicheskaya,*,суббота,19,2,0.238898,16,станция,
politekhnicheskaya,*,суббота,19,3,0.211599,16,станция,
politekhnicheskaya,*,суббота,20,0,0.280712,16,станция,
politekhnicheskaya,*,суббота,20,1,0.288091,16,станция,
politekhnicheskaya,*,суббота,20,2,0.235132,16,станция,
politekhnicheskaya,*,суббота,20,3,0.196064,16,станция,
politekhnicheskaya,*,суббота,21,0,0.26614,16,станция,
politekhnicheskaya,*,суббота,21,1,0.281573,16,станция,
politekhnicheskaya,*,суббота,21,2,0.244683,16,станция,
politekhnicheskaya,*,суббота,21,3,0.207604,16,станция,
politekhnicheskaya,*,суббота,22,0,0.299475,16,станция,
politekhnicheskaya,*,суббота,22,1,0.301226,16,станция,
politekhnicheskaya,*,суббота,22,2,0.216871,16,станция,
politekhnicheskaya,*,суббота,22,3,0.182428,16,станция,
politekhnicheskaya,*,суббота,23,0,0.312139,16,станция,
politekhnicheskaya,*,суббота,23,1,0.25959,16,станция,
politekhnicheskaya,*,суббота,23,2,0.211771,16,станция,
politekhnicheskaya,*,суббота,23,3,0.2165,16,станция,
politekhnicheskaya,*,суббота,0,0,0.669565,16,станция,
politekhnicheskaya,*,суббота,0,1,0.23913,16,станция,
politekhnicheskaya,*,суббота,0,2,0.086957,16,станция,
politekhnicheskaya,*,суббота,0,3,0.004348,16,станция,
politekhnicheskaya,*,воскресенье,5,0,0.0,17,станция,
politekhnicheskaya,*,воскресенье,5,1,0.0,17,станция,
politekhnicheskaya,*,воскресенье,5,2,0.28254,17,станция,
politekhnicheskaya,*,воскресенье,5,3,0.71746,17,станция,
politekhnicheskaya,*,воскресенье,6,0,0.179851,17,станция,
politekhnicheskaya,*,воскресенье,6,1,0.281947,17,станция,
politekhnicheskaya,*,воскресенье,6,2,0.257268,17,станция,
politekhnicheskaya,*,воскресенье,6,3,0.280933,17,станция,
politekhnicheskaya,*,воскресенье,7,0,0.2378,17,станция,
politekhnicheskaya,*,воскресенье,7,1,0.270746,17,станция,
politekhnicheskaya,*,воскресенье,7,2,0.229626,17,станция,
politekhnicheskaya,*,воскресенье,7,3,0.261828,17,станция,
politekhnicheskaya,*,воскресенье,8,0,0.25315,17,станция,
politekhnicheskaya,*,воскресенье,8,1,0.252577,17,станция,
politekhnicheskaya,*,воскресенье,8,2,0.23845,17,станция,
politekhnicheskaya,*,воскресенье,8,3,0.255823,17,станция,
politekhnicheskaya,*,воскресенье,9,0,0.229128,17,станция,
politekhnicheskaya,*,воскресенье,9,1,0.291812,17,станция,
politekhnicheskaya,*,воскресенье,9,2,0.240134,17,станция,
politekhnicheskaya,*,воскресенье,9,3,0.238926,17,станция,
politekhnicheskaya,*,воскресенье,10,0,0.218871,17,станция,
politekhnicheskaya,*,воскресенье,10,1,0.259255,17,станция,
politekhnicheskaya,*,воскресенье,10,2,0.254768,17,станция,
politekhnicheskaya,*,воскресенье,10,3,0.267107,17,станция,
politekhnicheskaya,*,воскресенье,11,0,0.245545,17,станция,
politekhnicheskaya,*,воскресенье,11,1,0.28445,17,станция,
politekhnicheskaya,*,воскресенье,11,2,0.238206,17,станция,
politekhnicheskaya,*,воскресенье,11,3,0.2318,17,станция,
politekhnicheskaya,*,воскресенье,12,0,0.227444,17,станция,
politekhnicheskaya,*,воскресенье,12,1,0.266667,17,станция,
politekhnicheskaya,*,воскресенье,12,2,0.251572,17,станция,
politekhnicheskaya,*,воскресенье,12,3,0.254317,17,станция,
politekhnicheskaya,*,воскресенье,13,0,0.23361,17,станция,
politekhnicheskaya,*,воскресенье,13,1,0.292744,17,станция,
politekhnicheskaya,*,воскресенье,13,2,0.256955,17,станция,
politekhnicheskaya,*,воскресенье,13,3,0.216691,17,станция,
politekhnicheskaya,*,воскресенье,14,0,0.273672,17,станция,
politekhnicheskaya,*,воскресенье,14,1,0.268777,17,станция,
politekhnicheskaya,*,воскресенье,14,2,0.239912,17,станция,
politekhnicheskaya,*,воскресенье,14,3,0.217639,17,станция,
politekhnicheskaya,*,воскресенье,15,0,0.25,17,станция,
politekhnicheskaya,*,воскресенье,15,1,0.235042,17,станция,
politekhnicheskaya,*,воскресенье,15,2,0.269358,17,станция,
politekhnicheskaya,*,воскресенье,15,3,0.245601,17,станция,
politekhnicheskaya,*,воскресенье,16,0,0.244379,17,станция,
politekhnicheskaya,*,воскресенье,16,1,0.252266,17,станция,
politekhnicheskaya,*,воскресенье,16,2,0.259564,17,станция,
politekhnicheskaya,*,воскресенье,16,3,0.24379,17,станция,
politekhnicheskaya,*,воскресенье,17,0,0.249488,17,станция,
politekhnicheskaya,*,воскресенье,17,1,0.246111,17,станция,
politekhnicheskaya,*,воскресенье,17,2,0.251176,17,станция,
politekhnicheskaya,*,воскресенье,17,3,0.253226,17,станция,
politekhnicheskaya,*,воскресенье,18,0,0.263882,17,станция,
politekhnicheskaya,*,воскресенье,18,1,0.250386,17,станция,
politekhnicheskaya,*,воскресенье,18,2,0.255656,17,станция,
politekhnicheskaya,*,воскресенье,18,3,0.230077,17,станция,
politekhnicheskaya,*,воскресенье,19,0,0.286846,17,станция,
politekhnicheskaya,*,воскресенье,19,1,0.244532,17,станция,
politekhnicheskaya,*,воскресенье,19,2,0.244691,17,станция,
politekhnicheskaya,*,воскресенье,19,3,0.22393,17,станция,
politekhnicheskaya,*,воскресенье,20,0,0.284815,17,станция,
politekhnicheskaya,*,воскресенье,20,1,0.261467,17,станция,
politekhnicheskaya,*,воскресенье,20,2,0.245239,17,станция,
politekhnicheskaya,*,воскресенье,20,3,0.208478,17,станция,
politekhnicheskaya,*,воскресенье,21,0,0.299562,17,станция,
politekhnicheskaya,*,воскресенье,21,1,0.273989,17,станция,
politekhnicheskaya,*,воскресенье,21,2,0.223088,17,станция,
politekhnicheskaya,*,воскресенье,21,3,0.203361,17,станция,
politekhnicheskaya,*,воскресенье,22,0,0.30087,17,станция,
politekhnicheskaya,*,воскресенье,22,1,0.286261,17,станция,
politekhnicheskaya,*,воскресенье,22,2,0.220174,17,станция,
politekhnicheskaya,*,воскресенье,22,3,0.192696,17,станция,
politekhnicheskaya,*,воскресенье,23,0,0.298788,17,станция,
politekhnicheskaya,*,воскресенье,23,1,0.278788,17,станция,
politekhnicheskaya,*,воскресенье,23,2,0.207879,17,станция,
politekhnicheskaya,*,воскресенье,23,3,0.214545,17,станция,
politekhnicheskaya,*,воскресенье,0,0,0.578059,17,станция,
politekhnicheskaya,*,воскресенье,0,1,0.320675,17,станция,
politekhnicheskaya,*,воскресенье,0,2,0.088608,17,станция,
politekhnicheskaya,*,воскресенье,0,3,0.012658,17,станция,
ploshchad_muzhestva,ploshchad_muzhestva_1,рабочий,5,0,0.000317,79,вестибюль,
ploshchad_muzhestva,ploshchad_muzhestva_1,рабочий,5,1,0.000397,79,вестибюль,
ploshchad_muzhestva,ploshchad_muzhestva_1,рабочий,5,2,0.447222,79,вестибюль,
ploshchad_muzhestva,ploshchad_muzhestva_1,рабочий,5,3,0.552063,79,вестибюль,
ploshchad_muzhestva,ploshchad_muzhestva_1,рабочий,6,0,0.183538,79,вестибюль,
ploshchad_muzhestva,ploshchad_muzhestva_1,рабочий,6,1,0.211668,79,вестибюль,
ploshchad_muzhestva,ploshchad_muzhestva_1,рабочий,6,2,0.245666,79,вестибюль,
ploshchad_muzhestva,ploshchad_muzhestva_1,рабочий,6,3,0.359129,79,вестибюль,
ploshchad_muzhestva,ploshchad_muzhestva_1,рабочий,7,0,0.205254,79,вестибюль,
ploshchad_muzhestva,ploshchad_muzhestva_1,рабочий,7,1,0.213144,79,вестибюль,
ploshchad_muzhestva,ploshchad_muzhestva_1,рабочий,7,2,0.262489,79,вестибюль,
ploshchad_muzhestva,ploshchad_muzhestva_1,рабочий,7,3,0.319114,79,вестибюль,
ploshchad_muzhestva,ploshchad_muzhestva_1,рабочий,8,0,0.266341,79,вестибюль,
ploshchad_muzhestva,ploshchad_muzhestva_1,рабочий,8,1,0.290384,79,вестибюль,
ploshchad_muzhestva,ploshchad_muzhestva_1,рабочий,8,2,0.248297,79,вестибюль,
ploshchad_muzhestva,ploshchad_muzhestva_1,рабочий,8,3,0.194977,79,вестибюль,
ploshchad_muzhestva,ploshchad_muzhestva_1,рабочий,9,0,0.279205,80,вестибюль,
ploshchad_muzhestva,ploshchad_muzhestva_1,рабочий,9,1,0.282806,80,вестибюль,
ploshchad_muzhestva,ploshchad_muzhestva_1,рабочий,9,2,0.242261,80,вестибюль,
ploshchad_muzhestva,ploshchad_muzhestva_1,рабочий,9,3,0.195728,80,вестибюль,
ploshchad_muzhestva,ploshchad_muzhestva_1,рабочий,10,0,0.266521,80,вестибюль,
ploshchad_muzhestva,ploshchad_muzhestva_1,рабочий,10,1,0.271737,80,вестибюль,
ploshchad_muzhestva,ploshchad_muzhestva_1,рабочий,10,2,0.242079,80,вестибюль,
ploshchad_muzhestva,ploshchad_muzhestva_1,рабочий,10,3,0.219663,80,вестибюль,
ploshchad_muzhestva,ploshchad_muzhestva_1,рабочий,11,0,0.230766,80,вестибюль,
ploshchad_muzhestva,ploshchad_muzhestva_1,рабочий,11,1,0.247797,80,вестибюль,
ploshchad_muzhestva,ploshchad_muzhestva_1,рабочий,11,2,0.269067,80,вестибюль,
ploshchad_muzhestva,ploshchad_muzhestva_1,рабочий,11,3,0.25237,80,вестибюль,
ploshchad_muzhestva,ploshchad_muzhestva_1,рабочий,12,0,0.253688,80,вестибюль,
ploshchad_muzhestva,ploshchad_muzhestva_1,рабочий,12,1,0.251179,80,вестибюль,
ploshchad_muzhestva,ploshchad_muzhestva_1,рабочий,12,2,0.24336,80,вестибюль,
ploshchad_muzhestva,ploshchad_muzhestva_1,рабочий,12,3,0.251773,80,вестибюль,
ploshchad_muzhestva,ploshchad_muzhestva_1,рабочий,13,0,0.214843,80,вестибюль,
ploshchad_muzhestva,ploshchad_muzhestva_1,рабочий,13,1,0.244865,80,вестибюль,
ploshchad_muzhestva,ploshchad_muzhestva_1,рабочий,13,2,0.280043,80,вестибюль,
ploshchad_muzhestva,ploshchad_muzhestva_1,рабочий,13,3,0.26025,80,вестибюль,
ploshchad_muzhestva,ploshchad_muzhestva_1,рабочий,14,0,0.25661,80,вестибюль,
ploshchad_muzhestva,ploshchad_muzhestva_1,рабочий,14,1,0.256121,80,вестибюль,
ploshchad_muzhestva,ploshchad_muzhestva_1,рабочий,14,2,0.241932,80,вестибюль,
ploshchad_muzhestva,ploshchad_muzhestva_1,рабочий,14,3,0.245336,80,вестибюль,
ploshchad_muzhestva,ploshchad_muzhestva_1,рабочий,15,0,0.220607,80,вестибюль,
ploshchad_muzhestva,ploshchad_muzhestva_1,рабочий,15,1,0.232281,80,вестибюль,
ploshchad_muzhestva,ploshchad_muzhestva_1,рабочий,15,2,0.266474,80,вестибюль,
ploshchad_muzhestva,ploshchad_muzhestva_1,рабочий,15,3,0.280637,80,вестибюль,
ploshchad_muzhestva,ploshchad_muzhestva_1,рабочий,16,0,0.231775,80,вестибюль,
ploshchad_muzhestva,ploshchad_muzhestva_1,рабочий,16,1,0.256376,80,вестибюль,
ploshchad_muzhestva,ploshchad_muzhestva_1,рабочий,16,2,0.249498,80,вестибюль,
ploshchad_muzhestva,ploshchad_muzhestva_1,рабочий,16,3,0.262352,80,вестибюль,
ploshchad_muzhestva,ploshchad_muzhestva_1,рабочий,17,0,0.252536,80,вестибюль,
ploshchad_muzhestva,ploshchad_muzhestva_1,рабочий,17,1,0.253673,80,вестибюль,
ploshchad_muzhestva,ploshchad_muzhestva_1,рабочий,17,2,0.247037,80,вестибюль,
ploshchad_muzhestva,ploshchad_muzhestva_1,рабочий,17,3,0.246754,80,вестибюль,
ploshchad_muzhestva,ploshchad_muzhestva_1,рабочий,18,0,0.286738,80,вестибюль,
ploshchad_muzhestva,ploshchad_muzhestva_1,рабочий,18,1,0.304688,80,вестибюль,
ploshchad_muzhestva,ploshchad_muzhestva_1,рабочий,18,2,0.228215,80,вестибюль,
ploshchad_muzhestva,ploshchad_muzhestva_1,рабочий,18,3,0.180359,80,вестибюль,
ploshchad_muzhestva,ploshchad_muzhestva_1,рабочий,19,0,0.28629,80,вестибюль,
ploshchad_muzhestva,ploshchad_muzhestva_1,рабочий,19,1,0.267887,80,вестибюль,
ploshchad_muzhestva,ploshchad_muzhestva_1,рабочий,19,2,0.236066,80,вестибюль,
ploshchad_muzhestva,ploshchad_muzhestva_1,рабочий,19,3,0.209757,80,вестибюль,
ploshchad_muzhestva,ploshchad_muzhestva_1,рабочий,20,0,0.294222,80,вестибюль,
ploshchad_muzhestva,ploshchad_muzhestva_1,рабочий,20,1,0.288325,80,вестибюль,
ploshchad_muzhestva,ploshchad_muzhestva_1,рабочий,20,2,0.22171,80,вестибюль,
ploshchad_muzhestva,ploshchad_muzhestva_1,рабочий,20,3,0.195743,80,вестибюль,
ploshchad_muzhestva,ploshchad_muzhestva_1,рабочий,21,0,0.303464,80,вестибюль,
ploshchad_muzhestva,ploshchad_muzhestva_1,рабочий,21,1,0.274645,80,вестибюль,
ploshchad_muzhestva,ploshchad_muzhestva_1,рабочий,21,2,0.229031,80,вестибюль,
ploshchad_muzhestva,ploshchad_muzhestva_1,рабочий,21,3,0.19286,80,вестибюль,
ploshchad_muzhestva,ploshchad_muzhestva_1,рабочий,22,0,0.274772,80,вестибюль,
ploshchad_muzhestva,ploshchad_muzhestva_1,рабочий,22,1,0.280369,80,вестибюль,
ploshchad_muzhestva,ploshchad_muzhestva_1,рабочий,22,2,0.252382,80,вестибюль,
ploshchad_muzhestva,ploshchad_muzhestva_1,рабочий,22,3,0.192477,80,вестибюль,
ploshchad_muzhestva,ploshchad_muzhestva_1,рабочий,23,0,0.321433,80,вестибюль,
ploshchad_muzhestva,ploshchad_muzhestva_1,рабочий,23,1,0.275538,80,вестибюль,
ploshchad_muzhestva,ploshchad_muzhestva_1,рабочий,23,2,0.204019,80,вестибюль,
ploshchad_muzhestva,ploshchad_muzhestva_1,рабочий,23,3,0.19901,80,вестибюль,
ploshchad_muzhestva,ploshchad_muzhestva_1,рабочий,0,0,0.557829,80,вестибюль,
ploshchad_muzhestva,ploshchad_muzhestva_1,рабочий,0,1,0.312317,80,вестибюль,
ploshchad_muzhestva,ploshchad_muzhestva_1,рабочий,0,2,0.119833,80,вестибюль,
ploshchad_muzhestva,ploshchad_muzhestva_1,рабочий,0,3,0.010021,80,вестибюль,
ploshchad_muzhestva,ploshchad_muzhestva_1,суббота,5,0,0.002521,16,вестибюль,
ploshchad_muzhestva,ploshchad_muzhestva_1,суббота,5,1,0.005042,16,вестибюль,
ploshchad_muzhestva,ploshchad_muzhestva_1,суббота,5,2,0.336134,16,вестибюль,
ploshchad_muzhestva,ploshchad_muzhestva_1,суббота,5,3,0.656303,16,вестибюль,
ploshchad_muzhestva,ploshchad_muzhestva_1,суббота,6,0,0.181461,16,вестибюль,
ploshchad_muzhestva,ploshchad_muzhestva_1,суббота,6,1,0.215356,16,вестибюль,
ploshchad_muzhestva,ploshchad_muzhestva_1,суббота,6,2,0.261236,16,вестибюль,
ploshchad_muzhestva,ploshchad_muzhestva_1,суббота,6,3,0.341948,16,вестибюль,
ploshchad_muzhestva,ploshchad_muzhestva_1,суббота,7,0,0.212083,16,вестибюль,
ploshchad_muzhestva,ploshchad_muzhestva_1,суббота,7,1,0.201385,16,вестибюль,
ploshchad_muzhestva,ploshchad_muzhestva_1,суббота,7,2,0.273338,16,вестибюль,
ploshchad_muzhestva,ploshchad_muzhestva_1,суббота,7,3,0.313195,16,вестибюль,
ploshchad_muzhestva,ploshchad_muzhestva_1,суббота,8,0,0.243415,16,вестибюль,
ploshchad_muzhestva,ploshchad_muzhestva_1,суббота,8,1,0.285703,16,вестибюль,
ploshchad_muzhestva,ploshchad_muzhestva_1,суббота,8,2,0.257775,16,вестибюль,
ploshchad_muzhestva,ploshchad_muzhestva_1,суббота,8,3,0.213107,16,вестибюль,
ploshchad_muzhestva,ploshchad_muzhestva_1,суббота,9,0,0.246757,16,вестибюль,
ploshchad_muzhestva,ploshchad_muzhestva_1,суббота,9,1,0.262244,16,вестибюль,
ploshchad_muzhestva,ploshchad_muzhestva_1,суббота,9,2,0.248958,16,вестибюль,
ploshchad_muzhestva,ploshchad_muzhestva_1,суббота,9,3,0.242041,16,вестибюль,
ploshchad_muzhestva,ploshchad_muzhestva_1,суббота,10,0,0.242442,16,вестибюль,
ploshchad_muzhestva,ploshchad_muzhestva_1,суббота,10,1,0.268035,16,вестибюль,
ploshchad_muzhestva,ploshchad_muzhestva_1,суббота,10,2,0.255057,16,вестибюль,
ploshchad_muzhestva,ploshchad_muzhestva_1,суббота,10,3,0.234467,16,вестибюль,
ploshchad_muzhestva,ploshchad_muzhestva_1,суббота,11,0,0.221261,16,вестибюль,
ploshchad_muzhestva,ploshchad_muzhestva_1,суббота,11,1,0.263199,16,вестибюль,
ploshchad_muzhestva,ploshchad_muzhestva_1,суббота,11,2,0.26619,16,вестибюль,
ploshchad_muzhestva,ploshchad_muzhestva_1,суббота,11,3,0.24935,16,вестибюль,
ploshchad_muzhestva,ploshchad_muzhestva_1,суббота,12,0,0.250384,16,вестибюль,
ploshchad_muzhestva,ploshchad_muzhestva_1,суббота,12,1,0.252968,16,вестибюль,
ploshchad_muzhestva,ploshchad_muzhestva_1,суббота,12,2,0.255921,16,вестибюль,
ploshchad_muzhestva,ploshchad_muzhestva_1,суббота,12,3,0.240726,16,вестибюль,
ploshchad_muzhestva,ploshchad_muzhestva_1,суббота,13,0,0.225266,16,вестибюль,
ploshchad_muzhestva,ploshchad_muzhestva_1,суббота,13,1,0.24966,16,вестибюль,
ploshchad_muzhestva,ploshchad_muzhestva_1,суббота,13,2,0.269017,16,вестибюль,
ploshchad_muzhestva,ploshchad_muzhestva_1,суббота,13,3,0.256056,16,вестибюль,
ploshchad_muzhestva,ploshchad_muzhestva_1,суббота,14,0,0.255158,16,вестибюль,
ploshchad_muzhestva,ploshchad_muzhestva_1,суббота,14,1,0.276195,16,вестибюль,
ploshchad_muzhestva,ploshchad_muzhestva_1,суббота,14,2,0.231636,16,вестибюль,
ploshchad_muzhestva,ploshchad_muzhestva_1,суббота,14,3,0.237011,16,вестибюль,
ploshchad_muzhestva,ploshchad_muzhestva_1,суббота,15,0,0.240606,16,вестибюль,
ploshchad_muzhestva,ploshchad_muzhestva_1,суббота,15,1,0.260476,16,вестибюль,
ploshchad_muzhestva,ploshchad_muzhestva_1,суббота,15,2,0.254815,16,вестибюль,
ploshchad_muzhestva,ploshchad_muzhestva_1,суббота,15,3,0.244103,16,вестибюль,
ploshchad_muzhestva,ploshchad_muzhestva_1,суббота,16,0,0.25185,16,вестибюль,
ploshchad_muzhestva,ploshchad_muzhestva_1,суббота,16,1,0.257544,16,вестибюль,
ploshchad_muzhestva,ploshchad_muzhestva_1,суббота,16,2,0.259252,16,вестибюль,
ploshchad_muzhestva,ploshchad_muzhestva_1,суббота,16,3,0.231353,16,вестибюль,
ploshchad_muzhestva,ploshchad_muzhestva_1,суббота,17,0,0.247151,16,вестибюль,
ploshchad_muzhestva,ploshchad_muzhestva_1,суббота,17,1,0.269119,16,вестибюль,
ploshchad_muzhestva,ploshchad_muzhestva_1,суббота,17,2,0.246012,16,вестибюль,
ploshchad_muzhestva,ploshchad_muzhestva_1,суббота,17,3,0.237718,16,вестибюль,
ploshchad_muzhestva,ploshchad_muzhestva_1,суббота,18,0,0.258722,16,вестибюль,
ploshchad_muzhestva,ploshchad_muzhestva_1,суббота,18,1,0.277197,16,вестибюль,
ploshchad_muzhestva,ploshchad_muzhestva_1,суббота,18,2,0.240389,16,вестибюль,
ploshchad_muzhestva,ploshchad_muzhestva_1,суббота,18,3,0.223691,16,вестибюль,
ploshchad_muzhestva,ploshchad_muzhestva_1,суббота,19,0,0.283574,16,вестибюль,
ploshchad_muzhestva,ploshchad_muzhestva_1,суббота,19,1,0.254522,16,вестибюль,
ploshchad_muzhestva,ploshchad_muzhestva_1,суббота,19,2,0.233236,16,вестибюль,
ploshchad_muzhestva,ploshchad_muzhestva_1,суббота,19,3,0.228668,16,вестибюль,
ploshchad_muzhestva,ploshchad_muzhestva_1,суббота,20,0,0.279299,16,вестибюль,
ploshchad_muzhestva,ploshchad_muzhestva_1,суббота,20,1,0.285522,16,вестибюль,
ploshchad_muzhestva,ploshchad_muzhestva_1,суббота,20,2,0.236051,16,вестибюль,
ploshchad_muzhestva,ploshchad_muzhestva_1,суббота,20,3,0.199129,16,вестибюль,
ploshchad_muzhestva,ploshchad_muzhestva_1,суббота,21,0,0.297746,16,вестибюль,
ploshchad_muzhestva,ploshchad_muzhestva_1,суббота,21,1,0.274694,16,вестибюль,
ploshchad_muzhestva,ploshchad_muzhestva_1,суббота,21,2,0.217128,16,вестибюль,
ploshchad_muzhestva,ploshchad_muzhestva_1,суббота,21,3,0.210431,16,вестибюль,
ploshchad_muzhestva,ploshchad_muzhestva_1,суббота,22,0,0.276862,16,вестибюль,
ploshchad_muzhestva,ploshchad_muzhestva_1,суббота,22,1,0.281978,16,вестибюль,
ploshchad_muzhestva,ploshchad_muzhestva_1,суббота,22,2,0.238014,16,вестибюль,
ploshchad_muzhestva,ploshchad_muzhestva_1,суббота,22,3,0.203146,16,вестибюль,
ploshchad_muzhestva,ploshchad_muzhestva_1,суббота,23,0,0.27596,16,вестибюль,
ploshchad_muzhestva,ploshchad_muzhestva_1,суббота,23,1,0.273898,16,вестибюль,
ploshchad_muzhestva,ploshchad_muzhestva_1,суббота,23,2,0.218758,16,вестибюль,
ploshchad_muzhestva,ploshchad_muzhestva_1,суббота,23,3,0.231384,16,вестибюль,
ploshchad_muzhestva,ploshchad_muzhestva_1,суббота,0,0,0.646296,16,вестибюль,
ploshchad_muzhestva,ploshchad_muzhestva_1,суббота,0,1,0.264815,16,вестибюль,
ploshchad_muzhestva,ploshchad_muzhestva_1,суббота,0,2,0.088889,16,вестибюль,
ploshchad_muzhestva,ploshchad_muzhestva_1,суббота,0,3,0.0,16,вестибюль,
ploshchad_muzhestva,ploshchad_muzhestva_1,воскресенье,5,0,0.001139,17,вестибюль,
ploshchad_muzhestva,ploshchad_muzhestva_1,воскресенье,5,1,0.001139,17,вестибюль,
ploshchad_muzhestva,ploshchad_muzhestva_1,воскресенье,5,2,0.381549,17,вестибюль,
ploshchad_muzhestva,ploshchad_muzhestva_1,воскресенье,5,3,0.616173,17,вестибюль,
ploshchad_muzhestva,ploshchad_muzhestva_1,воскресенье,6,0,0.20945,17,вестибюль,
ploshchad_muzhestva,ploshchad_muzhestva_1,воскресенье,6,1,0.233938,17,вестибюль,
ploshchad_muzhestva,ploshchad_muzhestva_1,воскресенье,6,2,0.240565,17,вестибюль,
ploshchad_muzhestva,ploshchad_muzhestva_1,воскресенье,6,3,0.316047,17,вестибюль,
ploshchad_muzhestva,ploshchad_muzhestva_1,воскресенье,7,0,0.216398,17,вестибюль,
ploshchad_muzhestva,ploshchad_muzhestva_1,воскресенье,7,1,0.246284,17,вестибюль,
ploshchad_muzhestva,ploshchad_muzhestva_1,воскресенье,7,2,0.290408,17,вестибюль,
ploshchad_muzhestva,ploshchad_muzhestva_1,воскресенье,7,3,0.24691,17,вестибюль,
ploshchad_muzhestva,ploshchad_muzhestva_1,воскресенье,8,0,0.235627,17,вестибюль,
ploshchad_muzhestva,ploshchad_muzhestva_1,воскресенье,8,1,0.279115,17,вестибюль,
ploshchad_muzhestva,ploshchad_muzhestva_1,воскресенье,8,2,0.241155,17,вестибюль,
ploshchad_muzhestva,ploshchad_muzhestva_1,воскресенье,8,3,0.244103,17,вестибюль,
ploshchad_muzhestva,ploshchad_muzhestva_1,воскресенье,9,0,0.239002,17,вестибюль,
ploshchad_muzhestva,ploshchad_muzhestva_1,воскресенье,9,1,0.275611,17,вестибюль,
ploshchad_muzhestva,ploshchad_muzhestva_1,воскресенье,9,2,0.244289,17,вестибюль,
ploshchad_muzhestva,ploshchad_muzhestva_1,воскресенье,9,3,0.241097,17,вестибюль,
ploshchad_muzhestva,ploshchad_muzhestva_1,воскресенье,10,0,0.229207,17,вестибюль,
ploshchad_muzhestva,ploshchad_muzhestva_1,воскресенье,10,1,0.272799,17,вестибюль,
ploshchad_muzhestva,ploshchad_muzhestva_1,воскресенье,10,2,0.257018,17,вестибюль,
ploshchad_muzhestva,ploshchad_muzhestva_1,воскресенье,10,3,0.240976,17,вестибюль,
ploshchad_muzhestva,ploshchad_muzhestva_1,воскресенье,11,0,0.243469,17,вестибюль,
ploshchad_muzhestva,ploshchad_muzhestva_1,воскресенье,11,1,0.265251,17,вестибюль,
ploshchad_muzhestva,ploshchad_muzhestva_1,воскресенье,11,2,0.260753,17,вестибюль,
ploshchad_muzhestva,ploshchad_muzhestva_1,воскресенье,11,3,0.230526,17,вестибюль,
ploshchad_muzhestva,ploshchad_muzhestva_1,воскресенье,12,0,0.2339,17,вестибюль,
ploshchad_muzhestva,ploshchad_muzhestva_1,воскресенье,12,1,0.258608,17,вестибюль,
ploshchad_muzhestva,ploshchad_muzhestva_1,воскресенье,12,2,0.250612,17,вестибюль,
ploshchad_muzhestva,ploshchad_muzhestva_1,воскресенье,12,3,0.256879,17,вестибюль,
ploshchad_muzhestva,ploshchad_muzhestva_1,воскресенье,13,0,0.230109,17,вестибюль,
ploshchad_muzhestva,ploshchad_muzhestva_1,воскресенье,13,1,0.263219,17,вестибюль,
ploshchad_muzhestva,ploshchad_muzhestva_1,воскресенье,13,2,0.253985,17,вестибюль,
ploshchad_muzhestva,ploshchad_muzhestva_1,воскресенье,13,3,0.252687,17,вестибюль,
ploshchad_muzhestva,ploshchad_muzhestva_1,воскресенье,14,0,0.245282,17,вестибюль,
ploshchad_muzhestva,ploshchad_muzhestva_1,воскресенье,14,1,0.27694,17,вестибюль,
ploshchad_muzhestva,ploshchad_muzhestva_1,воскресенье,14,2,0.242373,17,вестибюль,
ploshchad_muzhestva,ploshchad_muzhestva_1,воскресенье,14,3,0.235406,17,вестибюль,
ploshchad_muzhestva,ploshchad_muzhestva_1,воскресенье,15,0,0.252559,17,вестибюль,
ploshchad_muzhestva,ploshchad_muzhestva_1,воскресенье,15,1,0.261407,17,вестибюль,
ploshchad_muzhestva,ploshchad_muzhestva_1,воскресенье,15,2,0.233913,17,вестибюль,
ploshchad_muzhestva,ploshchad_muzhestva_1,воскресенье,15,3,0.252121,17,вестибюль,
ploshchad_muzhestva,ploshchad_muzhestva_1,воскресенье,16,0,0.2477,17,вестибюль,
ploshchad_muzhestva,ploshchad_muzhestva_1,воскресенье,16,1,0.267763,17,вестибюль,
ploshchad_muzhestva,ploshchad_muzhestva_1,воскресенье,16,2,0.249811,17,вестибюль,
ploshchad_muzhestva,ploshchad_muzhestva_1,воскресенье,16,3,0.234726,17,вестибюль,
ploshchad_muzhestva,ploshchad_muzhestva_1,воскресенье,17,0,0.239772,17,вестибюль,
ploshchad_muzhestva,ploshchad_muzhestva_1,воскресенье,17,1,0.258894,17,вестибюль,
ploshchad_muzhestva,ploshchad_muzhestva_1,воскресенье,17,2,0.246887,17,вестибюль,
ploshchad_muzhestva,ploshchad_muzhestva_1,воскресенье,17,3,0.254447,17,вестибюль,
ploshchad_muzhestva,ploshchad_muzhestva_1,воскресенье,18,0,0.260512,17,вестибюль,
ploshchad_muzhestva,ploshchad_muzhestva_1,воскресенье,18,1,0.26976,17,вестибюль,
ploshchad_muzhestva,ploshchad_muzhestva_1,воскресенье,18,2,0.246364,17,вестибюль,
ploshchad_muzhestva,ploshchad_muzhestva_1,воскресенье,18,3,0.223364,17,вестибюль,
ploshchad_muzhestva,ploshchad_muzhestva_1,воскресенье,19,0,0.263645,17,вестибюль,
ploshchad_muzhestva,ploshchad_muzhestva_1,воскресенье,19,1,0.267213,17,вестибюль,
ploshchad_muzhestva,ploshchad_muzhestva_1,воскресенье,19,2,0.238284,17,вестибюль,
ploshchad_muzhestva,ploshchad_muzhestva_1,воскресенье,19,3,0.230858,17,вестибюль,
ploshchad_muzhestva,ploshchad_muzhestva_1,воскресенье,20,0,0.286839,17,вестибюль,
ploshchad_muzhestva,ploshchad_muzhestva_1,воскресенье,20,1,0.289326,17,вестибюль,
ploshchad_muzhestva,ploshchad_muzhestva_1,воскресенье,20,2,0.233886,17,вестибюль,
ploshchad_muzhestva,ploshchad_muzhestva_1,воскресенье,20,3,0.189948,17,вестибюль,
ploshchad_muzhestva,ploshchad_muzhestva_1,воскресенье,21,0,0.28895,17,вестибюль,
ploshchad_muzhestva,ploshchad_muzhestva_1,воскресенье,21,1,0.291436,17,вестибюль,
ploshchad_muzhestva,ploshchad_muzhestva_1,воскресенье,21,2,0.228315,17,вестибюль,
ploshchad_muzhestva,ploshchad_muzhestva_1,воскресенье,21,3,0.191298,17,вестибюль,
ploshchad_muzhestva,ploshchad_muzhestva_1,воскресенье,22,0,0.289412,17,вестибюль,
ploshchad_muzhestva,ploshchad_muzhestva_1,воскресенье,22,1,0.273711,17,вестибюль,
ploshchad_muzhestva,ploshchad_muzhestva_1,воскресенье,22,2,0.247189,17,вестибюль,
ploshchad_muzhestva,ploshchad_muzhestva_1,воскресенье,22,3,0.189688,17,вестибюль,
ploshchad_muzhestva,ploshchad_muzhestva_1,воскресенье,23,0,0.312479,17,вестибюль,
ploshchad_muzhestva,ploshchad_muzhestva_1,воскресенье,23,1,0.275737,17,вестибюль,
ploshchad_muzhestva,ploshchad_muzhestva_1,воскресенье,23,2,0.213174,17,вестибюль,
ploshchad_muzhestva,ploshchad_muzhestva_1,воскресенье,23,3,0.19861,17,вестибюль,
ploshchad_muzhestva,ploshchad_muzhestva_1,воскресенье,0,0,0.62156,17,вестибюль,
ploshchad_muzhestva,ploshchad_muzhestva_1,воскресенье,0,1,0.233945,17,вестибюль,
ploshchad_muzhestva,ploshchad_muzhestva_1,воскресенье,0,2,0.139908,17,вестибюль,
ploshchad_muzhestva,ploshchad_muzhestva_1,воскресенье,0,3,0.004587,17,вестибюль,
ploshchad_muzhestva,*,рабочий,5,0,0.000317,79,станция,
ploshchad_muzhestva,*,рабочий,5,1,0.000397,79,станция,
ploshchad_muzhestva,*,рабочий,5,2,0.447222,79,станция,
ploshchad_muzhestva,*,рабочий,5,3,0.552063,79,станция,
ploshchad_muzhestva,*,рабочий,6,0,0.183538,79,станция,
ploshchad_muzhestva,*,рабочий,6,1,0.211668,79,станция,
ploshchad_muzhestva,*,рабочий,6,2,0.245666,79,станция,
ploshchad_muzhestva,*,рабочий,6,3,0.359129,79,станция,
ploshchad_muzhestva,*,рабочий,7,0,0.205254,79,станция,
ploshchad_muzhestva,*,рабочий,7,1,0.213144,79,станция,
ploshchad_muzhestva,*,рабочий,7,2,0.262489,79,станция,
ploshchad_muzhestva,*,рабочий,7,3,0.319114,79,станция,
ploshchad_muzhestva,*,рабочий,8,0,0.266341,79,станция,
ploshchad_muzhestva,*,рабочий,8,1,0.290384,79,станция,
ploshchad_muzhestva,*,рабочий,8,2,0.248297,79,станция,
ploshchad_muzhestva,*,рабочий,8,3,0.194977,79,станция,
ploshchad_muzhestva,*,рабочий,9,0,0.279205,80,станция,
ploshchad_muzhestva,*,рабочий,9,1,0.282806,80,станция,
ploshchad_muzhestva,*,рабочий,9,2,0.242261,80,станция,
ploshchad_muzhestva,*,рабочий,9,3,0.195728,80,станция,
ploshchad_muzhestva,*,рабочий,10,0,0.266521,80,станция,
ploshchad_muzhestva,*,рабочий,10,1,0.271737,80,станция,
ploshchad_muzhestva,*,рабочий,10,2,0.242079,80,станция,
ploshchad_muzhestva,*,рабочий,10,3,0.219663,80,станция,
ploshchad_muzhestva,*,рабочий,11,0,0.230766,80,станция,
ploshchad_muzhestva,*,рабочий,11,1,0.247797,80,станция,
ploshchad_muzhestva,*,рабочий,11,2,0.269067,80,станция,
ploshchad_muzhestva,*,рабочий,11,3,0.25237,80,станция,
ploshchad_muzhestva,*,рабочий,12,0,0.253688,80,станция,
ploshchad_muzhestva,*,рабочий,12,1,0.251179,80,станция,
ploshchad_muzhestva,*,рабочий,12,2,0.24336,80,станция,
ploshchad_muzhestva,*,рабочий,12,3,0.251773,80,станция,
ploshchad_muzhestva,*,рабочий,13,0,0.214843,80,станция,
ploshchad_muzhestva,*,рабочий,13,1,0.244865,80,станция,
ploshchad_muzhestva,*,рабочий,13,2,0.280043,80,станция,
ploshchad_muzhestva,*,рабочий,13,3,0.26025,80,станция,
ploshchad_muzhestva,*,рабочий,14,0,0.25661,80,станция,
ploshchad_muzhestva,*,рабочий,14,1,0.256121,80,станция,
ploshchad_muzhestva,*,рабочий,14,2,0.241932,80,станция,
ploshchad_muzhestva,*,рабочий,14,3,0.245336,80,станция,
ploshchad_muzhestva,*,рабочий,15,0,0.220607,80,станция,
ploshchad_muzhestva,*,рабочий,15,1,0.232281,80,станция,
ploshchad_muzhestva,*,рабочий,15,2,0.266474,80,станция,
ploshchad_muzhestva,*,рабочий,15,3,0.280637,80,станция,
ploshchad_muzhestva,*,рабочий,16,0,0.231775,80,станция,
ploshchad_muzhestva,*,рабочий,16,1,0.256376,80,станция,
ploshchad_muzhestva,*,рабочий,16,2,0.249498,80,станция,
ploshchad_muzhestva,*,рабочий,16,3,0.262352,80,станция,
ploshchad_muzhestva,*,рабочий,17,0,0.252536,80,станция,
ploshchad_muzhestva,*,рабочий,17,1,0.253673,80,станция,
ploshchad_muzhestva,*,рабочий,17,2,0.247037,80,станция,
ploshchad_muzhestva,*,рабочий,17,3,0.246754,80,станция,
ploshchad_muzhestva,*,рабочий,18,0,0.286738,80,станция,
ploshchad_muzhestva,*,рабочий,18,1,0.304688,80,станция,
ploshchad_muzhestva,*,рабочий,18,2,0.228215,80,станция,
ploshchad_muzhestva,*,рабочий,18,3,0.180359,80,станция,
ploshchad_muzhestva,*,рабочий,19,0,0.28629,80,станция,
ploshchad_muzhestva,*,рабочий,19,1,0.267887,80,станция,
ploshchad_muzhestva,*,рабочий,19,2,0.236066,80,станция,
ploshchad_muzhestva,*,рабочий,19,3,0.209757,80,станция,
ploshchad_muzhestva,*,рабочий,20,0,0.294222,80,станция,
ploshchad_muzhestva,*,рабочий,20,1,0.288325,80,станция,
ploshchad_muzhestva,*,рабочий,20,2,0.22171,80,станция,
ploshchad_muzhestva,*,рабочий,20,3,0.195743,80,станция,
ploshchad_muzhestva,*,рабочий,21,0,0.303464,80,станция,
ploshchad_muzhestva,*,рабочий,21,1,0.274645,80,станция,
ploshchad_muzhestva,*,рабочий,21,2,0.229031,80,станция,
ploshchad_muzhestva,*,рабочий,21,3,0.19286,80,станция,
ploshchad_muzhestva,*,рабочий,22,0,0.274772,80,станция,
ploshchad_muzhestva,*,рабочий,22,1,0.280369,80,станция,
ploshchad_muzhestva,*,рабочий,22,2,0.252382,80,станция,
ploshchad_muzhestva,*,рабочий,22,3,0.192477,80,станция,
ploshchad_muzhestva,*,рабочий,23,0,0.321433,80,станция,
ploshchad_muzhestva,*,рабочий,23,1,0.275538,80,станция,
ploshchad_muzhestva,*,рабочий,23,2,0.204019,80,станция,
ploshchad_muzhestva,*,рабочий,23,3,0.19901,80,станция,
ploshchad_muzhestva,*,рабочий,0,0,0.557829,80,станция,
ploshchad_muzhestva,*,рабочий,0,1,0.312317,80,станция,
ploshchad_muzhestva,*,рабочий,0,2,0.119833,80,станция,
ploshchad_muzhestva,*,рабочий,0,3,0.010021,80,станция,
ploshchad_muzhestva,*,суббота,5,0,0.002521,16,станция,
ploshchad_muzhestva,*,суббота,5,1,0.005042,16,станция,
ploshchad_muzhestva,*,суббота,5,2,0.336134,16,станция,
ploshchad_muzhestva,*,суббота,5,3,0.656303,16,станция,
ploshchad_muzhestva,*,суббота,6,0,0.181461,16,станция,
ploshchad_muzhestva,*,суббота,6,1,0.215356,16,станция,
ploshchad_muzhestva,*,суббота,6,2,0.261236,16,станция,
ploshchad_muzhestva,*,суббота,6,3,0.341948,16,станция,
ploshchad_muzhestva,*,суббота,7,0,0.212083,16,станция,
ploshchad_muzhestva,*,суббота,7,1,0.201385,16,станция,
ploshchad_muzhestva,*,суббота,7,2,0.273338,16,станция,
ploshchad_muzhestva,*,суббота,7,3,0.313195,16,станция,
ploshchad_muzhestva,*,суббота,8,0,0.243415,16,станция,
ploshchad_muzhestva,*,суббота,8,1,0.285703,16,станция,
ploshchad_muzhestva,*,суббота,8,2,0.257775,16,станция,
ploshchad_muzhestva,*,суббота,8,3,0.213107,16,станция,
ploshchad_muzhestva,*,суббота,9,0,0.246757,16,станция,
ploshchad_muzhestva,*,суббота,9,1,0.262244,16,станция,
ploshchad_muzhestva,*,суббота,9,2,0.248958,16,станция,
ploshchad_muzhestva,*,суббота,9,3,0.242041,16,станция,
ploshchad_muzhestva,*,суббота,10,0,0.242442,16,станция,
ploshchad_muzhestva,*,суббота,10,1,0.268035,16,станция,
ploshchad_muzhestva,*,суббота,10,2,0.255057,16,станция,
ploshchad_muzhestva,*,суббота,10,3,0.234467,16,станция,
ploshchad_muzhestva,*,суббота,11,0,0.221261,16,станция,
ploshchad_muzhestva,*,суббота,11,1,0.263199,16,станция,
ploshchad_muzhestva,*,суббота,11,2,0.26619,16,станция,
ploshchad_muzhestva,*,суббота,11,3,0.24935,16,станция,
ploshchad_muzhestva,*,суббота,12,0,0.250384,16,станция,
ploshchad_muzhestva,*,суббота,12,1,0.252968,16,станция,
ploshchad_muzhestva,*,суббота,12,2,0.255921,16,станция,
ploshchad_muzhestva,*,суббота,12,3,0.240726,16,станция,
ploshchad_muzhestva,*,суббота,13,0,0.225266,16,станция,
ploshchad_muzhestva,*,суббота,13,1,0.24966,16,станция,
ploshchad_muzhestva,*,суббота,13,2,0.269017,16,станция,
ploshchad_muzhestva,*,суббота,13,3,0.256056,16,станция,
ploshchad_muzhestva,*,суббота,14,0,0.255158,16,станция,
ploshchad_muzhestva,*,суббота,14,1,0.276195,16,станция,
ploshchad_muzhestva,*,суббота,14,2,0.231636,16,станция,
ploshchad_muzhestva,*,суббота,14,3,0.237011,16,станция,
ploshchad_muzhestva,*,суббота,15,0,0.240606,16,станция,
ploshchad_muzhestva,*,суббота,15,1,0.260476,16,станция,
ploshchad_muzhestva,*,суббота,15,2,0.254815,16,станция,
ploshchad_muzhestva,*,суббота,15,3,0.244103,16,станция,
ploshchad_muzhestva,*,суббота,16,0,0.25185,16,станция,
ploshchad_muzhestva,*,суббота,16,1,0.257544,16,станция,
ploshchad_muzhestva,*,суббота,16,2,0.259252,16,станция,
ploshchad_muzhestva,*,суббота,16,3,0.231353,16,станция,
ploshchad_muzhestva,*,суббота,17,0,0.247151,16,станция,
ploshchad_muzhestva,*,суббота,17,1,0.269119,16,станция,
ploshchad_muzhestva,*,суббота,17,2,0.246012,16,станция,
ploshchad_muzhestva,*,суббота,17,3,0.237718,16,станция,
ploshchad_muzhestva,*,суббота,18,0,0.258722,16,станция,
ploshchad_muzhestva,*,суббота,18,1,0.277197,16,станция,
ploshchad_muzhestva,*,суббота,18,2,0.240389,16,станция,
ploshchad_muzhestva,*,суббота,18,3,0.223691,16,станция,
ploshchad_muzhestva,*,суббота,19,0,0.283574,16,станция,
ploshchad_muzhestva,*,суббота,19,1,0.254522,16,станция,
ploshchad_muzhestva,*,суббота,19,2,0.233236,16,станция,
ploshchad_muzhestva,*,суббота,19,3,0.228668,16,станция,
ploshchad_muzhestva,*,суббота,20,0,0.279299,16,станция,
ploshchad_muzhestva,*,суббота,20,1,0.285522,16,станция,
ploshchad_muzhestva,*,суббота,20,2,0.236051,16,станция,
ploshchad_muzhestva,*,суббота,20,3,0.199129,16,станция,
ploshchad_muzhestva,*,суббота,21,0,0.297746,16,станция,
ploshchad_muzhestva,*,суббота,21,1,0.274694,16,станция,
ploshchad_muzhestva,*,суббота,21,2,0.217128,16,станция,
ploshchad_muzhestva,*,суббота,21,3,0.210431,16,станция,
ploshchad_muzhestva,*,суббота,22,0,0.276862,16,станция,
ploshchad_muzhestva,*,суббота,22,1,0.281978,16,станция,
ploshchad_muzhestva,*,суббота,22,2,0.238014,16,станция,
ploshchad_muzhestva,*,суббота,22,3,0.203146,16,станция,
ploshchad_muzhestva,*,суббота,23,0,0.27596,16,станция,
ploshchad_muzhestva,*,суббота,23,1,0.273898,16,станция,
ploshchad_muzhestva,*,суббота,23,2,0.218758,16,станция,
ploshchad_muzhestva,*,суббота,23,3,0.231384,16,станция,
ploshchad_muzhestva,*,суббота,0,0,0.646296,16,станция,
ploshchad_muzhestva,*,суббота,0,1,0.264815,16,станция,
ploshchad_muzhestva,*,суббота,0,2,0.088889,16,станция,
ploshchad_muzhestva,*,суббота,0,3,0.0,16,станция,
ploshchad_muzhestva,*,воскресенье,5,0,0.001139,17,станция,
ploshchad_muzhestva,*,воскресенье,5,1,0.001139,17,станция,
ploshchad_muzhestva,*,воскресенье,5,2,0.381549,17,станция,
ploshchad_muzhestva,*,воскресенье,5,3,0.616173,17,станция,
ploshchad_muzhestva,*,воскресенье,6,0,0.20945,17,станция,
ploshchad_muzhestva,*,воскресенье,6,1,0.233938,17,станция,
ploshchad_muzhestva,*,воскресенье,6,2,0.240565,17,станция,
ploshchad_muzhestva,*,воскресенье,6,3,0.316047,17,станция,
ploshchad_muzhestva,*,воскресенье,7,0,0.216398,17,станция,
ploshchad_muzhestva,*,воскресенье,7,1,0.246284,17,станция,
ploshchad_muzhestva,*,воскресенье,7,2,0.290408,17,станция,
ploshchad_muzhestva,*,воскресенье,7,3,0.24691,17,станция,
ploshchad_muzhestva,*,воскресенье,8,0,0.235627,17,станция,
ploshchad_muzhestva,*,воскресенье,8,1,0.279115,17,станция,
ploshchad_muzhestva,*,воскресенье,8,2,0.241155,17,станция,
ploshchad_muzhestva,*,воскресенье,8,3,0.244103,17,станция,
ploshchad_muzhestva,*,воскресенье,9,0,0.239002,17,станция,
ploshchad_muzhestva,*,воскресенье,9,1,0.275611,17,станция,
ploshchad_muzhestva,*,воскресенье,9,2,0.244289,17,станция,
ploshchad_muzhestva,*,воскресенье,9,3,0.241097,17,станция,
ploshchad_muzhestva,*,воскресенье,10,0,0.229207,17,станция,
ploshchad_muzhestva,*,воскресенье,10,1,0.272799,17,станция,
ploshchad_muzhestva,*,воскресенье,10,2,0.257018,17,станция,
ploshchad_muzhestva,*,воскресенье,10,3,0.240976,17,станция,
ploshchad_muzhestva,*,воскресенье,11,0,0.243469,17,станция,
ploshchad_muzhestva,*,воскресенье,11,1,0.265251,17,станция,
ploshchad_muzhestva,*,воскресенье,11,2,0.260753,17,станция,
ploshchad_muzhestva,*,воскресенье,11,3,0.230526,17,станция,
ploshchad_muzhestva,*,воскресенье,12,0,0.2339,17,станция,
ploshchad_muzhestva,*,воскресенье,12,1,0.258608,17,станция,
ploshchad_muzhestva,*,воскресенье,12,2,0.250612,17,станция,
ploshchad_muzhestva,*,воскресенье,12,3,0.256879,17,станция,
ploshchad_muzhestva,*,воскресенье,13,0,0.230109,17,станция,
ploshchad_muzhestva,*,воскресенье,13,1,0.263219,17,станция,
ploshchad_muzhestva,*,воскресенье,13,2,0.253985,17,станция,
ploshchad_muzhestva,*,воскресенье,13,3,0.252687,17,станция,
ploshchad_muzhestva,*,воскресенье,14,0,0.245282,17,станция,
ploshchad_muzhestva,*,воскресенье,14,1,0.27694,17,станция,
ploshchad_muzhestva,*,воскресенье,14,2,0.242373,17,станция,
ploshchad_muzhestva,*,воскресенье,14,3,0.235406,17,станция,
ploshchad_muzhestva,*,воскресенье,15,0,0.252559,17,станция,
ploshchad_muzhestva,*,воскресенье,15,1,0.261407,17,станция,
ploshchad_muzhestva,*,воскресенье,15,2,0.233913,17,станция,
ploshchad_muzhestva,*,воскресенье,15,3,0.252121,17,станция,
ploshchad_muzhestva,*,воскресенье,16,0,0.2477,17,станция,
ploshchad_muzhestva,*,воскресенье,16,1,0.267763,17,станция,
ploshchad_muzhestva,*,воскресенье,16,2,0.249811,17,станция,
ploshchad_muzhestva,*,воскресенье,16,3,0.234726,17,станция,
ploshchad_muzhestva,*,воскресенье,17,0,0.239772,17,станция,
ploshchad_muzhestva,*,воскресенье,17,1,0.258894,17,станция,
ploshchad_muzhestva,*,воскресенье,17,2,0.246887,17,станция,
ploshchad_muzhestva,*,воскресенье,17,3,0.254447,17,станция,
ploshchad_muzhestva,*,воскресенье,18,0,0.260512,17,станция,
ploshchad_muzhestva,*,воскресенье,18,1,0.26976,17,станция,
ploshchad_muzhestva,*,воскресенье,18,2,0.246364,17,станция,
ploshchad_muzhestva,*,воскресенье,18,3,0.223364,17,станция,
ploshchad_muzhestva,*,воскресенье,19,0,0.263645,17,станция,
ploshchad_muzhestva,*,воскресенье,19,1,0.267213,17,станция,
ploshchad_muzhestva,*,воскресенье,19,2,0.238284,17,станция,
ploshchad_muzhestva,*,воскресенье,19,3,0.230858,17,станция,
ploshchad_muzhestva,*,воскресенье,20,0,0.286839,17,станция,
ploshchad_muzhestva,*,воскресенье,20,1,0.289326,17,станция,
ploshchad_muzhestva,*,воскресенье,20,2,0.233886,17,станция,
ploshchad_muzhestva,*,воскресенье,20,3,0.189948,17,станция,
ploshchad_muzhestva,*,воскресенье,21,0,0.28895,17,станция,
ploshchad_muzhestva,*,воскресенье,21,1,0.291436,17,станция,
ploshchad_muzhestva,*,воскресенье,21,2,0.228315,17,станция,
ploshchad_muzhestva,*,воскресенье,21,3,0.191298,17,станция,
ploshchad_muzhestva,*,воскресенье,22,0,0.289412,17,станция,
ploshchad_muzhestva,*,воскресенье,22,1,0.273711,17,станция,
ploshchad_muzhestva,*,воскресенье,22,2,0.247189,17,станция,
ploshchad_muzhestva,*,воскресенье,22,3,0.189688,17,станция,
ploshchad_muzhestva,*,воскресенье,23,0,0.312479,17,станция,
ploshchad_muzhestva,*,воскресенье,23,1,0.275737,17,станция,
ploshchad_muzhestva,*,воскресенье,23,2,0.213174,17,станция,
ploshchad_muzhestva,*,воскресенье,23,3,0.19861,17,станция,
ploshchad_muzhestva,*,воскресенье,0,0,0.62156,17,станция,
ploshchad_muzhestva,*,воскресенье,0,1,0.233945,17,станция,
ploshchad_muzhestva,*,воскресенье,0,2,0.139908,17,станция,
ploshchad_muzhestva,*,воскресенье,0,3,0.004587,17,станция,
lesnaya,lesnaya_1,рабочий,5,0,0.003488,80,вестибюль,
lesnaya,lesnaya_1,рабочий,5,1,0.001971,80,вестибюль,
lesnaya,lesnaya_1,рабочий,5,2,0.259554,80,вестибюль,
lesnaya,lesnaya_1,рабочий,5,3,0.734986,80,вестибюль,
lesnaya,lesnaya_1,рабочий,6,0,0.173375,80,вестибюль,
lesnaya,lesnaya_1,рабочий,6,1,0.233466,80,вестибюль,
lesnaya,lesnaya_1,рабочий,6,2,0.263026,80,вестибюль,
lesnaya,lesnaya_1,рабочий,6,3,0.330134,80,вестибюль,
lesnaya,lesnaya_1,рабочий,7,0,0.180122,80,вестибюль,
lesnaya,lesnaya_1,рабочий,7,1,0.223438,80,вестибюль,
lesnaya,lesnaya_1,рабочий,7,2,0.274188,80,вестибюль,
lesnaya,lesnaya_1,рабочий,7,3,0.322252,80,вестибюль,
lesnaya,lesnaya_1,рабочий,8,0,0.271103,80,вестибюль,
lesnaya,lesnaya_1,рабочий,8,1,0.285554,80,вестибюль,
lesnaya,lesnaya_1,рабочий,8,2,0.249583,80,вестибюль,
lesnaya,lesnaya_1,рабочий,8,3,0.19376,80,вестибюль,
lesnaya,lesnaya_1,рабочий,9,0,0.233396,80,вестибюль,
lesnaya,lesnaya_1,рабочий,9,1,0.258752,80,вестибюль,
lesnaya,lesnaya_1,рабочий,9,2,0.304483,80,вестибюль,
lesnaya,lesnaya_1,рабочий,9,3,0.203369,80,вестибюль,
lesnaya,lesnaya_1,рабочий,10,0,0.260809,80,вестибюль,
lesnaya,lesnaya_1,рабочий,10,1,0.270551,80,вестибюль,
lesnaya,lesnaya_1,рабочий,10,2,0.251434,80,вестибюль,
lesnaya,lesnaya_1,рабочий,10,3,0.217207,80,вестибюль,
lesnaya,lesnaya_1,рабочий,11,0,0.197124,80,вестибюль,
lesnaya,lesnaya_1,рабочий,11,1,0.238588,80,вестибюль,
lesnaya,lesnaya_1,рабочий,11,2,0.320113,80,вестибюль,
lesnaya,lesnaya_1,рабочий,11,3,0.244174,80,вестибюль,
lesnaya,lesnaya_1,рабочий,12,0,0.255663,80,вестибюль,
lesnaya,lesnaya_1,рабочий,12,1,0.246853,80,вестибюль,
lesnaya,lesnaya_1,рабочий,12,2,0.245527,80,вестибюль,
lesnaya,lesnaya_1,рабочий,12,3,0.251957,80,вестибюль,
lesnaya,lesnaya_1,рабочий,13,0,0.237918,80,вестибюль,
lesnaya,lesnaya_1,рабочий,13,1,0.25463,80,вестибюль,
lesnaya,lesnaya_1,рабочий,13,2,0.269994,80,вестибюль,
lesnaya,lesnaya_1,рабочий,13,3,0.237459,80,вестибюль,
lesnaya,lesnaya_1,рабочий,14,0,0.240162,80,вестибюль,
lesnaya,lesnaya_1,рабочий,14,1,0.248638,80,вестибюль,
lesnaya,lesnaya_1,рабочий,14,2,0.243175,80,вестибюль,
lesnaya,lesnaya_1,рабочий,14,3,0.268025,80,вестибюль,
lesnaya,lesnaya_1,рабочий,15,0,0.219898,80,вестибюль,
lesnaya,lesnaya_1,рабочий,15,1,0.251473,80,вестибюль,
lesnaya,lesnaya_1,рабочий,15,2,0.253906,80,вестибюль,
lesnaya,lesnaya_1,рабочий,15,3,0.274722,80,вестибюль,
lesnaya,lesnaya_1,рабочий,16,0,0.239548,80,вестибюль,
lesnaya,lesnaya_1,рабочий,16,1,0.253747,80,вестибюль,
lesnaya,lesnaya_1,рабочий,16,2,0.244175,80,вестибюль,
lesnaya,lesnaya_1,рабочий,16,3,0.26253,80,вестибюль,
lesnaya,lesnaya_1,рабочий,17,0,0.242918,80,вестибюль,
lesnaya,lesnaya_1,рабочий,17,1,0.282738,80,вестибюль,
lesnaya,lesnaya_1,рабочий,17,2,0.240785,80,вестибюль,
lesnaya,lesnaya_1,рабочий,17,3,0.233558,80,вестибюль,
lesnaya,lesnaya_1,рабочий,18,0,0.284525,80,вестибюль,
lesnaya,lesnaya_1,рабочий,18,1,0.318881,80,вестибюль,
lesnaya,lesnaya_1,рабочий,18,2,0.223912,80,вестибюль,
lesnaya,lesnaya_1,рабочий,18,3,0.172682,80,вестибюль,
lesnaya,lesnaya_1,рабочий,19,0,0.296709,80,вестибюль,
lesnaya,lesnaya_1,рабочий,19,1,0.278208,80,вестибюль,
lesnaya,lesnaya_1,рабочий,19,2,0.229344,80,вестибюль,
lesnaya,lesnaya_1,рабочий,19,3,0.195739,80,вестибюль,
lesnaya,lesnaya_1,рабочий,20,0,0.280558,80,вестибюль,
lesnaya,lesnaya_1,рабочий,20,1,0.289753,80,вестибюль,
lesnaya,lesnaya_1,рабочий,20,2,0.234219,80,вестибюль,
lesnaya,lesnaya_1,рабочий,20,3,0.19547,80,вестибюль,
lesnaya,lesnaya_1,рабочий,21,0,0.288578,80,вестибюль,
lesnaya,lesnaya_1,рабочий,21,1,0.291611,80,вестибюль,
lesnaya,lesnaya_1,рабочий,21,2,0.220146,80,вестибюль,
lesnaya,lesnaya_1,рабочий,21,3,0.199666,80,вестибюль,
lesnaya,lesnaya_1,рабочий,22,0,0.296094,80,вестибюль,
lesnaya,lesnaya_1,рабочий,22,1,0.324104,80,вестибюль,
lesnaya,lesnaya_1,рабочий,22,2,0.213945,80,вестибюль,
lesnaya,lesnaya_1,рабочий,22,3,0.165857,80,вестибюль,
lesnaya,lesnaya_1,рабочий,23,0,0.327182,80,вестибюль,
lesnaya,lesnaya_1,рабочий,23,1,0.289608,80,вестибюль,
lesnaya,lesnaya_1,рабочий,23,2,0.203388,80,вестибюль,
lesnaya,lesnaya_1,рабочий,23,3,0.179821,80,вестибюль,
lesnaya,lesnaya_1,рабочий,0,0,0.580263,80,вестибюль,
lesnaya,lesnaya_1,рабочий,0,1,0.339582,80,вестибюль,
lesnaya,lesnaya_1,рабочий,0,2,0.071752,80,вестибюль,
lesnaya,lesnaya_1,рабочий,0,3,0.008403,80,вестибюль,
lesnaya,lesnaya_1,суббота,5,0,0.008278,16,вестибюль,
lesnaya,lesnaya_1,суббота,5,1,0.006623,16,вестибюль,
lesnaya,lesnaya_1,суббота,5,2,0.345199,16,вестибюль,
lesnaya,lesnaya_1,суббота,5,3,0.639901,16,вестибюль,
lesnaya,lesnaya_1,суббота,6,0,0.179271,16,вестибюль,
lesnaya,lesnaya_1,суббота,6,1,0.275041,16,вестибюль,
lesnaya,lesnaya_1,суббота,6,2,0.255631,16,вестибюль,
lesnaya,lesnaya_1,суббота,6,3,0.290057,16,вестибюль,
lesnaya,lesnaya_1,суббота,7,0,0.202421,16,вестибюль,
lesnaya,lesnaya_1,суббота,7,1,0.209818,16,вестибюль,
lesnaya,lesnaya_1,суббота,7,2,0.287444,16,вестибюль,
lesnaya,lesnaya_1,суббота,7,3,0.300317,16,вестибюль,
lesnaya,lesnaya_1,суббота,8,0,0.251212,16,вестибюль,
lesnaya,lesnaya_1,суббота,8,1,0.275036,16,вестибюль,
lesnaya,lesnaya_1,суббота,8,2,0.246979,16,вестибюль,
lesnaya,lesnaya_1,суббота,8,3,0.226773,16,вестибюль,
lesnaya,lesnaya_1,суббота,9,0,0.214867,16,вестибюль,
lesnaya,lesnaya_1,суббота,9,1,0.249652,16,вестибюль,
lesnaya,lesnaya_1,суббота,9,2,0.301937,16,вестибюль,
lesnaya,lesnaya_1,суббота,9,3,0.233544,16,вестибюль,
lesnaya,lesnaya_1,суббота,10,0,0.237365,16,вестибюль,
lesnaya,lesnaya_1,суббота,10,1,0.274335,16,вестибюль,
lesnaya,lesnaya_1,суббота,10,2,0.261032,16,вестибюль,
lesnaya,lesnaya_1,суббота,10,3,0.227268,16,вестибюль,
lesnaya,lesnaya_1,суббота,11,0,0.193139,16,вестибюль,
lesnaya,lesnaya_1,суббота,11,1,0.247851,16,вестибюль,
lesnaya,lesnaya_1,суббота,11,2,0.318504,16,вестибюль,
lesnaya,lesnaya_1,суббота,11,3,0.240506,16,вестибюль,
lesnaya,lesnaya_1,суббота,12,0,0.243614,16,вестибюль,
lesnaya,lesnaya_1,суббота,12,1,0.235935,16,вестибюль,
lesnaya,lesnaya_1,суббота,12,2,0.252922,16,вестибюль,
lesnaya,lesnaya_1,суббота,12,3,0.267529,16,вестибюль,
lesnaya,lesnaya_1,суббота,13,0,0.233758,16,вестибюль,
lesnaya,lesnaya_1,суббота,13,1,0.256593,16,вестибюль,
lesnaya,lesnaya_1,суббота,13,2,0.273671,16,вестибюль,
lesnaya,lesnaya_1,суббота,13,3,0.235978,16,вестибюль,
lesnaya,lesnaya_1,суббота,14,0,0.245353,16,вестибюль,
lesnaya,lesnaya_1,суббота,14,1,0.262097,16,вестибюль,
lesnaya,lesnaya_1,суббота,14,2,0.253512,16,вестибюль,
lesnaya,lesnaya_1,суббота,14,3,0.239038,16,вестибюль,
lesnaya,lesnaya_1,суббота,15,0,0.264038,16,вестибюль,
lesnaya,lesnaya_1,суббота,15,1,0.261538,16,вестибюль,
lesnaya,lesnaya_1,суббота,15,2,0.252213,16,вестибюль,
lesnaya,lesnaya_1,суббота,15,3,0.222211,16,вестибюль,
lesnaya,lesnaya_1,суббота,16,0,0.231624,16,вестибюль,
lesnaya,lesnaya_1,суббота,16,1,0.273422,16,вестибюль,
lesnaya,lesnaya_1,суббота,16,2,0.257844,16,вестибюль,
lesnaya,lesnaya_1,суббота,16,3,0.23711,16,вестибюль,
lesnaya,lesnaya_1,суббота,17,0,0.264428,16,вестибюль,
lesnaya,lesnaya_1,суббота,17,1,0.254499,16,вестибюль,
lesnaya,lesnaya_1,суббота,17,2,0.24457,16,вестибюль,
lesnaya,lesnaya_1,суббота,17,3,0.236504,16,вестибюль,
lesnaya,lesnaya_1,суббота,18,0,0.261273,16,вестибюль,
lesnaya,lesnaya_1,суббота,18,1,0.270395,16,вестибюль,
lesnaya,lesnaya_1,суббота,18,2,0.249363,16,вестибюль,
lesnaya,lesnaya_1,суббота,18,3,0.218969,16,вестибюль,
lesnaya,lesnaya_1,суббота,19,0,0.270129,16,вестибюль,
lesnaya,lesnaya_1,суббота,19,1,0.265081,16,вестибюль,
lesnaya,lesnaya_1,суббота,19,2,0.246299,16,вестибюль,
lesnaya,lesnaya_1,суббота,19,3,0.218491,16,вестибюль,
lesnaya,lesnaya_1,суббота,20,0,0.261409,16,вестибюль,
lesnaya,lesnaya_1,суббота,20,1,0.285476,16,вестибюль,
lesnaya,lesnaya_1,суббота,20,2,0.245728,16,вестибюль,
lesnaya,lesnaya_1,суббота,20,3,0.207387,16,вестибюль,
lesnaya,lesnaya_1,суббота,21,0,0.27548,16,вестибюль,
lesnaya,lesnaya_1,суббота,21,1,0.278099,16,вестибюль,
lesnaya,lesnaya_1,суббота,21,2,0.239415,16,вестибюль,
lesnaya,lesnaya_1,суббота,21,3,0.207006,16,вестибюль,
lesnaya,lesnaya_1,суббота,22,0,0.293561,16,вестибюль,
lesnaya,lesnaya_1,суббота,22,1,0.315834,16,вестибюль,
lesnaya,lesnaya_1,суббота,22,2,0.217937,16,вестибюль,
lesnaya,lesnaya_1,суббота,22,3,0.172668,16,вестибюль,
lesnaya,lesnaya_1,суббота,23,0,0.315676,16,вестибюль,
lesnaya,lesnaya_1,суббота,23,1,0.269535,16,вестибюль,
lesnaya,lesnaya_1,суббота,23,2,0.221716,16,вестибюль,
lesnaya,lesnaya_1,суббота,23,3,0.193073,16,вестибюль,
lesnaya,lesnaya_1,суббота,0,0,0.672803,16,вестибюль,
lesnaya,lesnaya_1,суббота,0,1,0.274477,16,вестибюль,
lesnaya,lesnaya_1,суббота,0,2,0.046862,16,вестибюль,
lesnaya,lesnaya_1,суббота,0,3,0.005858,16,вестибюль,
lesnaya,lesnaya_1,воскресенье,5,0,0.000998,17,вестибюль,
lesnaya,lesnaya_1,воскресенье,5,1,0.002994,17,вестибюль,
lesnaya,lesnaya_1,воскресенье,5,2,0.37525,17,вестибюль,
lesnaya,lesnaya_1,воскресенье,5,3,0.620758,17,вестибюль,
lesnaya,lesnaya_1,воскресенье,6,0,0.193585,17,вестибюль,
lesnaya,lesnaya_1,воскресенье,6,1,0.269257,17,вестибюль,
lesnaya,lesnaya_1,воскресенье,6,2,0.261351,17,вестибюль,
lesnaya,lesnaya_1,воскресенье,6,3,0.275808,17,вестибюль,
lesnaya,lesnaya_1,воскресенье,7,0,0.232672,17,вестибюль,
lesnaya,lesnaya_1,воскресенье,7,1,0.231931,17,вестибюль,
lesnaya,lesnaya_1,воскресенье,7,2,0.242002,17,вестибюль,
lesnaya,lesnaya_1,воскресенье,7,3,0.293395,17,вестибюль,
lesnaya,lesnaya_1,воскресенье,8,0,0.231912,17,вестибюль,
lesnaya,lesnaya_1,воскресенье,8,1,0.255135,17,вестибюль,
lesnaya,lesnaya_1,воскресенье,8,2,0.257302,17,вестибюль,
lesnaya,lesnaya_1,воскресенье,8,3,0.255651,17,вестибюль,
lesnaya,lesnaya_1,воскресенье,9,0,0.221871,17,вестибюль,
lesnaya,lesnaya_1,воскресенье,9,1,0.275894,17,вестибюль,
lesnaya,lesnaya_1,воскресенье,9,2,0.261097,17,вестибюль,
lesnaya,lesnaya_1,воскресенье,9,3,0.241137,17,вестибюль,
lesnaya,lesnaya_1,воскресенье,10,0,0.231902,17,вестибюль,
lesnaya,lesnaya_1,воскресенье,10,1,0.262765,17,вестибюль,
lesnaya,lesnaya_1,воскресенье,10,2,0.262565,17,вестибюль,
lesnaya,lesnaya_1,воскресенье,10,3,0.242768,17,вестибюль,
lesnaya,lesnaya_1,воскресенье,11,0,0.232369,17,вестибюль,
lesnaya,lesnaya_1,воскресенье,11,1,0.27038,17,вестибюль,
lesnaya,lesnaya_1,воскресенье,11,2,0.254184,17,вестибюль,
lesnaya,lesnaya_1,воскресенье,11,3,0.243067,17,вестибюль,
lesnaya,lesnaya_1,воскресенье,12,0,0.234477,17,вестибюль,
lesnaya,lesnaya_1,воскресенье,12,1,0.254448,17,вестибюль,
lesnaya,lesnaya_1,воскресенье,12,2,0.260479,17,вестибюль,
lesnaya,lesnaya_1,воскресенье,12,3,0.250596,17,вестибюль,
lesnaya,lesnaya_1,воскресенье,13,0,0.229642,17,вестибюль,
lesnaya,lesnaya_1,воскресенье,13,1,0.267012,17,вестибюль,
lesnaya,lesnaya_1,воскресенье,13,2,0.259929,17,вестибюль,
lesnaya,lesnaya_1,воскресенье,13,3,0.243418,17,вестибюль,
lesnaya,lesnaya_1,воскресенье,14,0,0.23328,17,вестибюль,
lesnaya,lesnaya_1,воскресенье,14,1,0.273071,17,вестибюль,
lesnaya,lesnaya_1,воскресенье,14,2,0.248132,17,вестибюль,
lesnaya,lesnaya_1,воскресенье,14,3,0.245517,17,вестибюль,
lesnaya,lesnaya_1,воскресенье,15,0,0.252413,17,вестибюль,
lesnaya,lesnaya_1,воскресенье,15,1,0.254568,17,вестибюль,
lesnaya,lesnaya_1,воскресенье,15,2,0.257848,17,вестибюль,
lesnaya,lesnaya_1,воскресенье,15,3,0.23517,17,вестибюль,
lesnaya,lesnaya_1,воскресенье,16,0,0.236947,17,вестибюль,
lesnaya,lesnaya_1,воскресенье,16,1,0.266594,17,вестибюль,
lesnaya,lesnaya_1,воскресенье,16,2,0.267781,17,вестибюль,
lesnaya,lesnaya_1,воскресенье,16,3,0.228678,17,вестибюль,
lesnaya,lesnaya_1,воскресенье,17,0,0.246815,17,вестибюль,
lesnaya,lesnaya_1,воскресенье,17,1,0.257181,17,вестибюль,
lesnaya,lesnaya_1,воскресенье,17,2,0.256359,17,вестибюль,
lesnaya,lesnaya_1,воскресенье,17,3,0.239646,17,вестибюль,
lesnaya,lesnaya_1,воскресенье,18,0,0.263097,17,вестибюль,
lesnaya,lesnaya_1,воскресенье,18,1,0.266337,17,вестибюль,
lesnaya,lesnaya_1,воскресенье,18,2,0.24278,17,вестибюль,
lesnaya,lesnaya_1,воскресенье,18,3,0.227786,17,вестибюль,
lesnaya,lesnaya_1,воскресенье,19,0,0.266862,17,вестибюль,
lesnaya,lesnaya_1,воскресенье,19,1,0.266807,17,вестибюль,
lesnaya,lesnaya_1,воскресенье,19,2,0.243715,17,вестибюль,
lesnaya,lesnaya_1,воскресенье,19,3,0.222616,17,вестибюль,
lesnaya,lesnaya_1,воскресенье,20,0,0.26867,17,вестибюль,
lesnaya,lesnaya_1,воскресенье,20,1,0.272057,17,вестибюль,
lesnaya,lesnaya_1,воскресенье,20,2,0.240733,17,вестибюль,
lesnaya,lesnaya_1,воскресенье,20,3,0.21854,17,вестибюль,
lesnaya,lesnaya_1,воскресенье,21,0,0.287665,17,вестибюль,
lesnaya,lesnaya_1,воскресенье,21,1,0.280297,17,вестибюль,
lesnaya,lesnaya_1,воскресенье,21,2,0.221426,17,вестибюль,
lesnaya,lesnaya_1,воскресенье,21,3,0.210612,17,вестибюль,
lesnaya,lesnaya_1,воскресенье,22,0,0.286582,17,вестибюль,
lesnaya,lesnaya_1,воскресенье,22,1,0.329551,17,вестибюль,
lesnaya,lesnaya_1,воскресенье,22,2,0.214552,17,вестибюль,
lesnaya,lesnaya_1,воскресенье,22,3,0.169314,17,вестибюль,
lesnaya,lesnaya_1,воскресенье,23,0,0.32914,17,вестибюль,
lesnaya,lesnaya_1,воскресенье,23,1,0.272986,17,вестибюль,
lesnaya,lesnaya_1,воскресенье,23,2,0.212639,17,вестибюль,
lesnaya,lesnaya_1,воскресенье,23,3,0.185235,17,вестибюль,
lesnaya,lesnaya_1,воскресенье,0,0,0.633143,17,вестибюль,
lesnaya,lesnaya_1,воскресенье,0,1,0.305143,17,вестибюль,
lesnaya,lesnaya_1,воскресенье,0,2,0.056,17,вестибюль,
lesnaya,lesnaya_1,воскресенье,0,3,0.005714,17,вестибюль,
lesnaya,*,рабочий,5,0,0.003488,80,станция,
lesnaya,*,рабочий,5,1,0.001971,80,станция,
lesnaya,*,рабочий,5,2,0.259554,80,станция,
lesnaya,*,рабочий,5,3,0.734986,80,станция,
lesnaya,*,рабочий,6,0,0.173375,80,станция,
lesnaya,*,рабочий,6,1,0.233466,80,станция,
lesnaya,*,рабочий,6,2,0.263026,80,станция,
lesnaya,*,рабочий,6,3,0.330134,80,станция,
lesnaya,*,рабочий,7,0,0.180122,80,станция,
lesnaya,*,рабочий,7,1,0.223438,80,станция,
lesnaya,*,рабочий,7,2,0.274188,80,станция,
lesnaya,*,рабочий,7,3,0.322252,80,станция,
lesnaya,*,рабочий,8,0,0.271103,80,станция,
lesnaya,*,рабочий,8,1,0.285554,80,станция,
lesnaya,*,рабочий,8,2,0.249583,80,станция,
lesnaya,*,рабочий,8,3,0.19376,80,станция,
lesnaya,*,рабочий,9,0,0.233396,80,станция,
lesnaya,*,рабочий,9,1,0.258752,80,станция,
lesnaya,*,рабочий,9,2,0.304483,80,станция,
lesnaya,*,рабочий,9,3,0.203369,80,станция,
lesnaya,*,рабочий,10,0,0.260809,80,станция,
lesnaya,*,рабочий,10,1,0.270551,80,станция,
lesnaya,*,рабочий,10,2,0.251434,80,станция,
lesnaya,*,рабочий,10,3,0.217207,80,станция,
lesnaya,*,рабочий,11,0,0.197124,80,станция,
lesnaya,*,рабочий,11,1,0.238588,80,станция,
lesnaya,*,рабочий,11,2,0.320113,80,станция,
lesnaya,*,рабочий,11,3,0.244174,80,станция,
lesnaya,*,рабочий,12,0,0.255663,80,станция,
lesnaya,*,рабочий,12,1,0.246853,80,станция,
lesnaya,*,рабочий,12,2,0.245527,80,станция,
lesnaya,*,рабочий,12,3,0.251957,80,станция,
lesnaya,*,рабочий,13,0,0.237918,80,станция,
lesnaya,*,рабочий,13,1,0.25463,80,станция,
lesnaya,*,рабочий,13,2,0.269994,80,станция,
lesnaya,*,рабочий,13,3,0.237459,80,станция,
lesnaya,*,рабочий,14,0,0.240162,80,станция,
lesnaya,*,рабочий,14,1,0.248638,80,станция,
lesnaya,*,рабочий,14,2,0.243175,80,станция,
lesnaya,*,рабочий,14,3,0.268025,80,станция,
lesnaya,*,рабочий,15,0,0.219898,80,станция,
lesnaya,*,рабочий,15,1,0.251473,80,станция,
lesnaya,*,рабочий,15,2,0.253906,80,станция,
lesnaya,*,рабочий,15,3,0.274722,80,станция,
lesnaya,*,рабочий,16,0,0.239548,80,станция,
lesnaya,*,рабочий,16,1,0.253747,80,станция,
lesnaya,*,рабочий,16,2,0.244175,80,станция,
lesnaya,*,рабочий,16,3,0.26253,80,станция,
lesnaya,*,рабочий,17,0,0.242918,80,станция,
lesnaya,*,рабочий,17,1,0.282738,80,станция,
lesnaya,*,рабочий,17,2,0.240785,80,станция,
lesnaya,*,рабочий,17,3,0.233558,80,станция,
lesnaya,*,рабочий,18,0,0.284525,80,станция,
lesnaya,*,рабочий,18,1,0.318881,80,станция,
lesnaya,*,рабочий,18,2,0.223912,80,станция,
lesnaya,*,рабочий,18,3,0.172682,80,станция,
lesnaya,*,рабочий,19,0,0.296709,80,станция,
lesnaya,*,рабочий,19,1,0.278208,80,станция,
lesnaya,*,рабочий,19,2,0.229344,80,станция,
lesnaya,*,рабочий,19,3,0.195739,80,станция,
lesnaya,*,рабочий,20,0,0.280558,80,станция,
lesnaya,*,рабочий,20,1,0.289753,80,станция,
lesnaya,*,рабочий,20,2,0.234219,80,станция,
lesnaya,*,рабочий,20,3,0.19547,80,станция,
lesnaya,*,рабочий,21,0,0.288578,80,станция,
lesnaya,*,рабочий,21,1,0.291611,80,станция,
lesnaya,*,рабочий,21,2,0.220146,80,станция,
lesnaya,*,рабочий,21,3,0.199666,80,станция,
lesnaya,*,рабочий,22,0,0.296094,80,станция,
lesnaya,*,рабочий,22,1,0.324104,80,станция,
lesnaya,*,рабочий,22,2,0.213945,80,станция,
lesnaya,*,рабочий,22,3,0.165857,80,станция,
lesnaya,*,рабочий,23,0,0.327182,80,станция,
lesnaya,*,рабочий,23,1,0.289608,80,станция,
lesnaya,*,рабочий,23,2,0.203388,80,станция,
lesnaya,*,рабочий,23,3,0.179821,80,станция,
lesnaya,*,рабочий,0,0,0.580263,80,станция,
lesnaya,*,рабочий,0,1,0.339582,80,станция,
lesnaya,*,рабочий,0,2,0.071752,80,станция,
lesnaya,*,рабочий,0,3,0.008403,80,станция,
lesnaya,*,суббота,5,0,0.008278,16,станция,
lesnaya,*,суббота,5,1,0.006623,16,станция,
lesnaya,*,суббота,5,2,0.345199,16,станция,
lesnaya,*,суббота,5,3,0.639901,16,станция,
lesnaya,*,суббота,6,0,0.179271,16,станция,
lesnaya,*,суббота,6,1,0.275041,16,станция,
lesnaya,*,суббота,6,2,0.255631,16,станция,
lesnaya,*,суббота,6,3,0.290057,16,станция,
lesnaya,*,суббота,7,0,0.202421,16,станция,
lesnaya,*,суббота,7,1,0.209818,16,станция,
lesnaya,*,суббота,7,2,0.287444,16,станция,
lesnaya,*,суббота,7,3,0.300317,16,станция,
lesnaya,*,суббота,8,0,0.251212,16,станция,
lesnaya,*,суббота,8,1,0.275036,16,станция,
lesnaya,*,суббота,8,2,0.246979,16,станция,
lesnaya,*,суббота,8,3,0.226773,16,станция,
lesnaya,*,суббота,9,0,0.214867,16,станция,
lesnaya,*,суббота,9,1,0.249652,16,станция,
lesnaya,*,суббота,9,2,0.301937,16,станция,
lesnaya,*,суббота,9,3,0.233544,16,станция,
lesnaya,*,суббота,10,0,0.237365,16,станция,
lesnaya,*,суббота,10,1,0.274335,16,станция,
lesnaya,*,суббота,10,2,0.261032,16,станция,
lesnaya,*,суббота,10,3,0.227268,16,станция,
lesnaya,*,суббота,11,0,0.193139,16,станция,
lesnaya,*,суббота,11,1,0.247851,16,станция,
lesnaya,*,суббота,11,2,0.318504,16,станция,
lesnaya,*,суббота,11,3,0.240506,16,станция,
lesnaya,*,суббота,12,0,0.243614,16,станция,
lesnaya,*,суббота,12,1,0.235935,16,станция,
lesnaya,*,суббота,12,2,0.252922,16,станция,
lesnaya,*,суббота,12,3,0.267529,16,станция,
lesnaya,*,суббота,13,0,0.233758,16,станция,
lesnaya,*,суббота,13,1,0.256593,16,станция,
lesnaya,*,суббота,13,2,0.273671,16,станция,
lesnaya,*,суббота,13,3,0.235978,16,станция,
lesnaya,*,суббота,14,0,0.245353,16,станция,
lesnaya,*,суббота,14,1,0.262097,16,станция,
lesnaya,*,суббота,14,2,0.253512,16,станция,
lesnaya,*,суббота,14,3,0.239038,16,станция,
lesnaya,*,суббота,15,0,0.264038,16,станция,
lesnaya,*,суббота,15,1,0.261538,16,станция,
lesnaya,*,суббота,15,2,0.252213,16,станция,
lesnaya,*,суббота,15,3,0.222211,16,станция,
lesnaya,*,суббота,16,0,0.231624,16,станция,
lesnaya,*,суббота,16,1,0.273422,16,станция,
lesnaya,*,суббота,16,2,0.257844,16,станция,
lesnaya,*,суббота,16,3,0.23711,16,станция,
lesnaya,*,суббота,17,0,0.264428,16,станция,
lesnaya,*,суббота,17,1,0.254499,16,станция,
lesnaya,*,суббота,17,2,0.24457,16,станция,
lesnaya,*,суббота,17,3,0.236504,16,станция,
lesnaya,*,суббота,18,0,0.261273,16,станция,
lesnaya,*,суббота,18,1,0.270395,16,станция,
lesnaya,*,суббота,18,2,0.249363,16,станция,
lesnaya,*,суббота,18,3,0.218969,16,станция,
lesnaya,*,суббота,19,0,0.270129,16,станция,
lesnaya,*,суббота,19,1,0.265081,16,станция,
lesnaya,*,суббота,19,2,0.246299,16,станция,
lesnaya,*,суббота,19,3,0.218491,16,станция,
lesnaya,*,суббота,20,0,0.261409,16,станция,
lesnaya,*,суббота,20,1,0.285476,16,станция,
lesnaya,*,суббота,20,2,0.245728,16,станция,
lesnaya,*,суббота,20,3,0.207387,16,станция,
lesnaya,*,суббота,21,0,0.27548,16,станция,
lesnaya,*,суббота,21,1,0.278099,16,станция,
lesnaya,*,суббота,21,2,0.239415,16,станция,
lesnaya,*,суббота,21,3,0.207006,16,станция,
lesnaya,*,суббота,22,0,0.293561,16,станция,
lesnaya,*,суббота,22,1,0.315834,16,станция,
lesnaya,*,суббота,22,2,0.217937,16,станция,
lesnaya,*,суббота,22,3,0.172668,16,станция,
lesnaya,*,суббота,23,0,0.315676,16,станция,
lesnaya,*,суббота,23,1,0.269535,16,станция,
lesnaya,*,суббота,23,2,0.221716,16,станция,
lesnaya,*,суббота,23,3,0.193073,16,станция,
lesnaya,*,суббота,0,0,0.672803,16,станция,
lesnaya,*,суббота,0,1,0.274477,16,станция,
lesnaya,*,суббота,0,2,0.046862,16,станция,
lesnaya,*,суббота,0,3,0.005858,16,станция,
lesnaya,*,воскресенье,5,0,0.000998,17,станция,
lesnaya,*,воскресенье,5,1,0.002994,17,станция,
lesnaya,*,воскресенье,5,2,0.37525,17,станция,
lesnaya,*,воскресенье,5,3,0.620758,17,станция,
lesnaya,*,воскресенье,6,0,0.193585,17,станция,
lesnaya,*,воскресенье,6,1,0.269257,17,станция,
lesnaya,*,воскресенье,6,2,0.261351,17,станция,
lesnaya,*,воскресенье,6,3,0.275808,17,станция,
lesnaya,*,воскресенье,7,0,0.232672,17,станция,
lesnaya,*,воскресенье,7,1,0.231931,17,станция,
lesnaya,*,воскресенье,7,2,0.242002,17,станция,
lesnaya,*,воскресенье,7,3,0.293395,17,станция,
lesnaya,*,воскресенье,8,0,0.231912,17,станция,
lesnaya,*,воскресенье,8,1,0.255135,17,станция,
lesnaya,*,воскресенье,8,2,0.257302,17,станция,
lesnaya,*,воскресенье,8,3,0.255651,17,станция,
lesnaya,*,воскресенье,9,0,0.221871,17,станция,
lesnaya,*,воскресенье,9,1,0.275894,17,станция,
lesnaya,*,воскресенье,9,2,0.261097,17,станция,
lesnaya,*,воскресенье,9,3,0.241137,17,станция,
lesnaya,*,воскресенье,10,0,0.231902,17,станция,
lesnaya,*,воскресенье,10,1,0.262765,17,станция,
lesnaya,*,воскресенье,10,2,0.262565,17,станция,
lesnaya,*,воскресенье,10,3,0.242768,17,станция,
lesnaya,*,воскресенье,11,0,0.232369,17,станция,
lesnaya,*,воскресенье,11,1,0.27038,17,станция,
lesnaya,*,воскресенье,11,2,0.254184,17,станция,
lesnaya,*,воскресенье,11,3,0.243067,17,станция,
lesnaya,*,воскресенье,12,0,0.234477,17,станция,
lesnaya,*,воскресенье,12,1,0.254448,17,станция,
lesnaya,*,воскресенье,12,2,0.260479,17,станция,
lesnaya,*,воскресенье,12,3,0.250596,17,станция,
lesnaya,*,воскресенье,13,0,0.229642,17,станция,
lesnaya,*,воскресенье,13,1,0.267012,17,станция,
lesnaya,*,воскресенье,13,2,0.259929,17,станция,
lesnaya,*,воскресенье,13,3,0.243418,17,станция,
lesnaya,*,воскресенье,14,0,0.23328,17,станция,
lesnaya,*,воскресенье,14,1,0.273071,17,станция,
lesnaya,*,воскресенье,14,2,0.248132,17,станция,
lesnaya,*,воскресенье,14,3,0.245517,17,станция,
lesnaya,*,воскресенье,15,0,0.252413,17,станция,
lesnaya,*,воскресенье,15,1,0.254568,17,станция,
lesnaya,*,воскресенье,15,2,0.257848,17,станция,
lesnaya,*,воскресенье,15,3,0.23517,17,станция,
lesnaya,*,воскресенье,16,0,0.236947,17,станция,
lesnaya,*,воскресенье,16,1,0.266594,17,станция,
lesnaya,*,воскресенье,16,2,0.267781,17,станция,
lesnaya,*,воскресенье,16,3,0.228678,17,станция,
lesnaya,*,воскресенье,17,0,0.246815,17,станция,
lesnaya,*,воскресенье,17,1,0.257181,17,станция,
lesnaya,*,воскресенье,17,2,0.256359,17,станция,
lesnaya,*,воскресенье,17,3,0.239646,17,станция,
lesnaya,*,воскресенье,18,0,0.263097,17,станция,
lesnaya,*,воскресенье,18,1,0.266337,17,станция,
lesnaya,*,воскресенье,18,2,0.24278,17,станция,
lesnaya,*,воскресенье,18,3,0.227786,17,станция,
lesnaya,*,воскресенье,19,0,0.266862,17,станция,
lesnaya,*,воскресенье,19,1,0.266807,17,станция,
lesnaya,*,воскресенье,19,2,0.243715,17,станция,
lesnaya,*,воскресенье,19,3,0.222616,17,станция,
lesnaya,*,воскресенье,20,0,0.26867,17,станция,
lesnaya,*,воскресенье,20,1,0.272057,17,станция,
lesnaya,*,воскресенье,20,2,0.240733,17,станция,
lesnaya,*,воскресенье,20,3,0.21854,17,станция,
lesnaya,*,воскресенье,21,0,0.287665,17,станция,
lesnaya,*,воскресенье,21,1,0.280297,17,станция,
lesnaya,*,воскресенье,21,2,0.221426,17,станция,
lesnaya,*,воскресенье,21,3,0.210612,17,станция,
lesnaya,*,воскресенье,22,0,0.286582,17,станция,
lesnaya,*,воскресенье,22,1,0.329551,17,станция,
lesnaya,*,воскресенье,22,2,0.214552,17,станция,
lesnaya,*,воскресенье,22,3,0.169314,17,станция,
lesnaya,*,воскресенье,23,0,0.32914,17,станция,
lesnaya,*,воскресенье,23,1,0.272986,17,станция,
lesnaya,*,воскресенье,23,2,0.212639,17,станция,
lesnaya,*,воскресенье,23,3,0.185235,17,станция,
lesnaya,*,воскресенье,0,0,0.633143,17,станция,
lesnaya,*,воскресенье,0,1,0.305143,17,станция,
lesnaya,*,воскресенье,0,2,0.056,17,станция,
lesnaya,*,воскресенье,0,3,0.005714,17,станция,
vyborgskaya,vyborgskaya_1,рабочий,5,0,0.008077,80,вестибюль,
vyborgskaya,vyborgskaya_1,рабочий,5,1,0.004038,80,вестибюль,
vyborgskaya,vyborgskaya_1,рабочий,5,2,0.213276,80,вестибюль,
vyborgskaya,vyborgskaya_1,рабочий,5,3,0.774609,80,вестибюль,
vyborgskaya,vyborgskaya_1,рабочий,6,0,0.205708,80,вестибюль,
vyborgskaya,vyborgskaya_1,рабочий,6,1,0.237001,80,вестибюль,
vyborgskaya,vyborgskaya_1,рабочий,6,2,0.236382,80,вестибюль,
vyborgskaya,vyborgskaya_1,рабочий,6,3,0.320908,80,вестибюль,
vyborgskaya,vyborgskaya_1,рабочий,7,0,0.227913,80,вестибюль,
vyborgskaya,vyborgskaya_1,рабочий,7,1,0.214683,80,вестибюль,
vyborgskaya,vyborgskaya_1,рабочий,7,2,0.244895,80,вестибюль,
vyborgskaya,vyborgskaya_1,рабочий,7,3,0.312509,80,вестибюль,
vyborgskaya,vyborgskaya_1,рабочий,8,0,0.267434,80,вестибюль,
vyborgskaya,vyborgskaya_1,рабочий,8,1,0.289256,80,вестибюль,
vyborgskaya,vyborgskaya_1,рабочий,8,2,0.257401,80,вестибюль,
vyborgskaya,vyborgskaya_1,рабочий,8,3,0.185908,80,вестибюль,
vyborgskaya,vyborgskaya_1,рабочий,9,0,0.254315,80,вестибюль,
vyborgskaya,vyborgskaya_1,рабочий,9,1,0.270861,80,вестибюль,
vyborgskaya,vyborgskaya_1,рабочий,9,2,0.247442,80,вестибюль,
vyborgskaya,vyborgskaya_1,рабочий,9,3,0.227382,80,вестибюль,
vyborgskaya,vyborgskaya_1,рабочий,10,0,0.23865,80,вестибюль,
vyborgskaya,vyborgskaya_1,рабочий,10,1,0.256833,80,вестибюль,
vyborgskaya,vyborgskaya_1,рабочий,10,2,0.254352,80,вестибюль,
vyborgskaya,vyborgskaya_1,рабочий,10,3,0.250165,80,вестибюль,
vyborgskaya,vyborgskaya_1,рабочий,11,0,0.213222,80,вестибюль,
vyborgskaya,vyborgskaya_1,рабочий,11,1,0.24416,80,вестибюль,
vyborgskaya,vyborgskaya_1,рабочий,11,2,0.278857,80,вестибюль,
vyborgskaya,vyborgskaya_1,рабочий,11,3,0.263761,80,вестибюль,
vyborgskaya,vyborgskaya_1,рабочий,12,0,0.238125,80,вестибюль,
vyborgskaya,vyborgskaya_1,рабочий,12,1,0.269057,80,вестибюль,
vyborgskaya,vyborgskaya_1,рабочий,12,2,0.244813,80,вестибюль,
vyborgskaya,vyborgskaya_1,рабочий,12,3,0.248005,80,вестибюль,
vyborgskaya,vyborgskaya_1,рабочий,13,0,0.241336,80,вестибюль,
vyborgskaya,vyborgskaya_1,рабочий,13,1,0.250469,80,вестибюль,
vyborgskaya,vyborgskaya_1,рабочий,13,2,0.2505,80,вестибюль,
vyborgskaya,vyborgskaya_1,рабочий,13,3,0.257696,80,вестибюль,
vyborgskaya,vyborgskaya_1,рабочий,14,0,0.20984,80,вестибюль,
vyborgskaya,vyborgskaya_1,рабочий,14,1,0.240994,80,вестибюль,
vyborgskaya,vyborgskaya_1,рабочий,14,2,0.284257,80,вестибюль,
vyborgskaya,vyborgskaya_1,рабочий,14,3,0.264909,80,вестибюль,
vyborgskaya,vyborgskaya_1,рабочий,15,0,0.209163,80,вестибюль,
vyborgskaya,vyborgskaya_1,рабочий,15,1,0.216146,80,вестибюль,
vyborgskaya,vyborgskaya_1,рабочий,15,2,0.244122,80,вестибюль,
vyborgskaya,vyborgskaya_1,рабочий,15,3,0.330569,80,вестибюль,
vyborgskaya,vyborgskaya_1,рабочий,16,0,0.218246,80,вестибюль,
vyborgskaya,vyborgskaya_1,рабочий,16,1,0.217869,80,вестибюль,
vyborgskaya,vyborgskaya_1,рабочий,16,2,0.217899,80,вестибюль,
vyborgskaya,vyborgskaya_1,рабочий,16,3,0.345987,80,вестибюль,
vyborgskaya,vyborgskaya_1,рабочий,17,0,0.301422,80,вестибюль,
vyborgskaya,vyborgskaya_1,рабочий,17,1,0.277491,80,вестибюль,
vyborgskaya,vyborgskaya_1,рабочий,17,2,0.21636,80,вестибюль,
vyborgskaya,vyborgskaya_1,рабочий,17,3,0.204727,80,вестибюль,
vyborgskaya,vyborgskaya_1,рабочий,18,0,0.336242,80,вестибюль,
vyborgskaya,vyborgskaya_1,рабочий,18,1,0.333191,80,вестибюль,
vyborgskaya,vyborgskaya_1,рабочий,18,2,0.189606,80,вестибюль,
vyborgskaya,vyborgskaya_1,рабочий,18,3,0.140961,80,вестибюль,
vyborgskaya,vyborgskaya_1,рабочий,19,0,0.304452,80,вестибюль,
vyborgskaya,vyborgskaya_1,рабочий,19,1,0.272436,80,вестибюль,
vyborgskaya,vyborgskaya_1,рабочий,19,2,0.22988,80,вестибюль,
vyborgskaya,vyborgskaya_1,рабочий,19,3,0.193232,80,вестибюль,
vyborgskaya,vyborgskaya_1,рабочий,20,0,0.354436,80,вестибюль,
vyborgskaya,vyborgskaya_1,рабочий,20,1,0.279963,80,вестибюль,
vyborgskaya,vyborgskaya_1,рабочий,20,2,0.198792,80,вестибюль,
vyborgskaya,vyborgskaya_1,рабочий,20,3,0.166809,80,вестибюль,
vyborgskaya,vyborgskaya_1,рабочий,21,0,0.321633,80,вестибюль,
vyborgskaya,vyborgskaya_1,рабочий,21,1,0.279453,80,вестибюль,
vyborgskaya,vyborgskaya_1,рабочий,21,2,0.212219,80,вестибюль,
vyborgskaya,vyborgskaya_1,рабочий,21,3,0.186695,80,вестибюль,
vyborgskaya,vyborgskaya_1,рабочий,22,0,0.330207,80,вестибюль,
vyborgskaya,vyborgskaya_1,рабочий,22,1,0.271129,80,вестибюль,
vyborgskaya,vyborgskaya_1,рабочий,22,2,0.213435,80,вестибюль,
vyborgskaya,vyborgskaya_1,рабочий,22,3,0.185229,80,вестибюль,
vyborgskaya,vyborgskaya_1,рабочий,23,0,0.38517,80,вестибюль,
vyborgskaya,vyborgskaya_1,рабочий,23,1,0.268384,80,вестибюль,
vyborgskaya,vyborgskaya_1,рабочий,23,2,0.186642,80,вестибюль,
vyborgskaya,vyborgskaya_1,рабочий,23,3,0.159804,80,вестибюль,
vyborgskaya,vyborgskaya_1,рабочий,0,0,0.53194,80,вестибюль,
vyborgskaya,vyborgskaya_1,рабочий,0,1,0.356562,80,вестибюль,
vyborgskaya,vyborgskaya_1,рабочий,0,2,0.098142,80,вестибюль,
vyborgskaya,vyborgskaya_1,рабочий,0,3,0.013357,80,вестибюль,
vyborgskaya,vyborgskaya_1,суббота,5,0,0.001779,16,вестибюль,
vyborgskaya,vyborgskaya_1,суббота,5,1,0.016014,16,вестибюль,
vyborgskaya,vyborgskaya_1,суббота,5,2,0.113879,16,вестибюль,
vyborgskaya,vyborgskaya_1,суббота,5,3,0.868327,16,вестибюль,
vyborgskaya,vyborgskaya_1,суббота,6,0,0.219185,16,вестибюль,
vyborgskaya,vyborgskaya_1,суббота,6,1,0.224009,16,вестибюль,
vyborgskaya,vyborgskaya_1,суббота,6,2,0.233119,16,вестибюль,
vyborgskaya,vyborgskaya_1,суббота,6,3,0.323687,16,вестибюль,
vyborgskaya,vyborgskaya_1,суббота,7,0,0.266549,16,вестибюль,
vyborgskaya,vyborgskaya_1,суббота,7,1,0.209369,16,вестибюль,
vyborgskaya,vyborgskaya_1,суббота,7,2,0.23598,16,вестибюль,
vyborgskaya,vyborgskaya_1,суббота,7,3,0.288102,16,вестибюль,
vyborgskaya,vyborgskaya_1,суббота,8,0,0.268779,16,вестибюль,
vyborgskaya,vyborgskaya_1,суббота,8,1,0.272365,16,вестибюль,
vyborgskaya,vyborgskaya_1,суббота,8,2,0.239291,16,вестибюль,
vyborgskaya,vyborgskaya_1,суббота,8,3,0.219566,16,вестибюль,
vyborgskaya,vyborgskaya_1,суббота,9,0,0.250875,16,вестибюль,
vyborgskaya,vyborgskaya_1,суббота,9,1,0.262811,16,вестибюль,
vyborgskaya,vyborgskaya_1,суббота,9,2,0.256226,16,вестибюль,
vyborgskaya,vyborgskaya_1,суббота,9,3,0.230088,16,вестибюль,
vyborgskaya,vyborgskaya_1,суббота,10,0,0.26247,16,вестибюль,
vyborgskaya,vyborgskaya_1,суббота,10,1,0.251058,16,вестибюль,
vyborgskaya,vyborgskaya_1,суббота,10,2,0.237438,16,вестибюль,
vyborgskaya,vyborgskaya_1,суббота,10,3,0.249034,16,вестибюль,
vyborgskaya,vyborgskaya_1,суббота,11,0,0.205271,16,вестибюль,
vyborgskaya,vyborgskaya_1,суббота,11,1,0.235725,16,вестибюль,
vyborgskaya,vyborgskaya_1,суббота,11,2,0.285798,16,вестибюль,
vyborgskaya,vyborgskaya_1,суббота,11,3,0.273206,16,вестибюль,
vyborgskaya,vyborgskaya_1,суббота,12,0,0.212023,16,вестибюль,
vyborgskaya,vyborgskaya_1,суббота,12,1,0.258994,16,вестибюль,
vyborgskaya,vyborgskaya_1,суббота,12,2,0.265806,16,вестибюль,
vyborgskaya,vyborgskaya_1,суббота,12,3,0.263177,16,вестибюль,
vyborgskaya,vyborgskaya_1,суббота,13,0,0.224997,16,вестибюль,
vyborgskaya,vyborgskaya_1,суббота,13,1,0.246372,16,вестибюль,
vyborgskaya,vyborgskaya_1,суббота,13,2,0.247834,16,вестибюль,
vyborgskaya,vyborgskaya_1,суббота,13,3,0.280796,16,вестибюль,
vyborgskaya,vyborgskaya_1,суббота,14,0,0.238853,16,вестибюль,
vyborgskaya,vyborgskaya_1,суббота,14,1,0.23847,16,вестибюль,
vyborgskaya,vyborgskaya_1,суббота,14,2,0.274523,16,вестибюль,
vyborgskaya,vyborgskaya_1,суббота,14,3,0.248154,16,вестибюль,
vyborgskaya,vyborgskaya_1,суббота,15,0,0.23035,16,вестибюль,
vyborgskaya,vyborgskaya_1,суббота,15,1,0.251197,16,вестибюль,
vyborgskaya,vyborgskaya_1,суббота,15,2,0.25054,16,вестибюль,
vyborgskaya,vyborgskaya_1,суббота,15,3,0.267912,16,вестибюль,
vyborgskaya,vyborgskaya_1,суббота,16,0,0.253106,16,вестибюль,
vyborgskaya,vyborgskaya_1,суббота,16,1,0.276259,16,вестибюль,
vyborgskaya,vyborgskaya_1,суббота,16,2,0.234244,16,вестибюль,
vyborgskaya,vyborgskaya_1,суббота,16,3,0.23639,16,вестибюль,
vyborgskaya,vyborgskaya_1,суббота,17,0,0.26072,16,вестибюль,
vyborgskaya,vyborgskaya_1,суббота,17,1,0.265415,16,вестибюль,
vyborgskaya,vyborgskaya_1,суббота,17,2,0.224726,16,вестибюль,
vyborgskaya,vyborgskaya_1,суббота,17,3,0.249139,16,вестибюль,
vyborgskaya,vyborgskaya_1,суббота,18,0,0.26503,16,вестибюль,
vyborgskaya,vyborgskaya_1,суббота,18,1,0.249372,16,вестибюль,
vyborgskaya,vyborgskaya_1,суббота,18,2,0.246375,16,вестибюль,
vyborgskaya,vyborgskaya_1,суббота,18,3,0.239223,16,вестибюль,
vyborgskaya,vyborgskaya_1,суббота,19,0,0.27174,16,вестибюль,
vyborgskaya,vyborgskaya_1,суббота,19,1,0.238287,16,вестибюль,
vyborgskaya,vyborgskaya_1,суббота,19,2,0.269901,16,вестибюль,
vyborgskaya,vyborgskaya_1,суббота,19,3,0.220072,16,вестибюль,
vyborgskaya,vyborgskaya_1,суббота,20,0,0.357644,16,вестибюль,
vyborgskaya,vyborgskaya_1,суббота,20,1,0.281208,16,вестибюль,
vyborgskaya,vyborgskaya_1,суббота,20,2,0.197987,16,вестибюль,
vyborgskaya,vyborgskaya_1,суббота,20,3,0.163161,16,вестибюль,
vyborgskaya,vyborgskaya_1,суббота,21,0,0.293667,16,вестибюль,
vyborgskaya,vyborgskaya_1,суббота,21,1,0.268189,16,вестибюль,
vyborgskaya,vyborgskaya_1,суббота,21,2,0.223417,16,вестибюль,
vyborgskaya,vyborgskaya_1,суббота,21,3,0.214728,16,вестибюль,
vyborgskaya,vyborgskaya_1,суббота,22,0,0.245291,16,вестибюль,
vyborgskaya,vyborgskaya_1,суббота,22,1,0.250256,16,вестибюль,
vyborgskaya,vyborgskaya_1,суббота,22,2,0.292597,16,вестибюль,
vyborgskaya,vyborgskaya_1,суббота,22,3,0.211856,16,вестибюль,
vyborgskaya,vyborgskaya_1,суббота,23,0,0.337145,16,вестибюль,
vyborgskaya,vyborgskaya_1,суббота,23,1,0.279543,16,вестибюль,
vyborgskaya,vyborgskaya_1,суббота,23,2,0.205845,16,вестибюль,
vyborgskaya,vyborgskaya_1,суббота,23,3,0.177467,16,вестибюль,
vyborgskaya,vyborgskaya_1,суббота,0,0,0.624309,16,вестибюль,
vyborgskaya,vyborgskaya_1,суббота,0,1,0.287293,16,вестибюль,
vyborgskaya,vyborgskaya_1,суббота,0,2,0.077348,16,вестибюль,
vyborgskaya,vyborgskaya_1,суббота,0,3,0.01105,16,вестибюль,
vyborgskaya,vyborgskaya_1,воскресенье,5,0,0.006369,17,вестибюль,
vyborgskaya,vyborgskaya_1,воскресенье,5,1,0.004246,17,вестибюль,
vyborgskaya,vyborgskaya_1,воскресенье,5,2,0.118896,17,вестибюль,
vyborgskaya,vyborgskaya_1,воскресенье,5,3,0.870488,17,вестибюль,
vyborgskaya,vyborgskaya_1,воскресенье,6,0,0.213542,17,вестибюль,
vyborgskaya,vyborgskaya_1,воскресенье,6,1,0.244141,17,вестибюль,
vyborgskaya,vyborgskaya_1,воскресенье,6,2,0.236328,17,вестибюль,
vyborgskaya,vyborgskaya_1,воскресенье,6,3,0.30599,17,вестибюль,
vyborgskaya,vyborgskaya_1,воскресенье,7,0,0.293724,17,вестибюль,
vyborgskaya,vyborgskaya_1,воскресенье,7,1,0.21965,17,вестибюль,
vyborgskaya,vyborgskaya_1,воскресенье,7,2,0.228909,17,вестибюль,
vyborgskaya,vyborgskaya_1,воскресенье,7,3,0.257716,17,вестибюль,
vyborgskaya,vyborgskaya_1,воскресенье,8,0,0.287247,17,вестибюль,
vyborgskaya,vyborgskaya_1,воскресенье,8,1,0.268031,17,вестибюль,
vyborgskaya,vyborgskaya_1,воскресенье,8,2,0.223359,17,вестибюль,
vyborgskaya,vyborgskaya_1,воскресенье,8,3,0.221363,17,вестибюль,
vyborgskaya,vyborgskaya_1,воскресенье,9,0,0.26623,17,вестибюль,
vyborgskaya,vyborgskaya_1,воскресенье,9,1,0.278812,17,вестибюль,
vyborgskaya,vyborgskaya_1,воскресенье,9,2,0.247358,17,вестибюль,
vyborgskaya,vyborgskaya_1,воскресенье,9,3,0.207599,17,вестибюль,
vyborgskaya,vyborgskaya_1,воскресенье,10,0,0.249375,17,вестибюль,
vyborgskaya,vyborgskaya_1,воскресенье,10,1,0.245127,17,вестибюль,
vyborgskaya,vyborgskaya_1,воскресенье,10,2,0.264118,17,вестибюль,
vyborgskaya,vyborgskaya_1,воскресенье,10,3,0.241379,17,вестибюль,
vyborgskaya,vyborgskaya_1,воскресенье,11,0,0.208841,17,вестибюль,
vyborgskaya,vyborgskaya_1,воскресенье,11,1,0.250981,17,вестибюль,
vyborgskaya,vyborgskaya_1,воскресенье,11,2,0.261103,17,вестибюль,
vyborgskaya,vyborgskaya_1,воскресенье,11,3,0.279075,17,вестибюль,
vyborgskaya,vyborgskaya_1,воскресенье,12,0,0.242984,17,вестибюль,
vyborgskaya,vyborgskaya_1,воскресенье,12,1,0.254915,17,вестибюль,
vyborgskaya,vyborgskaya_1,воскресенье,12,2,0.244833,17,вестибюль,
vyborgskaya,vyborgskaya_1,воскресенье,12,3,0.257268,17,вестибюль,
vyborgskaya,vyborgskaya_1,воскресенье,13,0,0.222848,17,вестибюль,
vyborgskaya,vyborgskaya_1,воскресенье,13,1,0.242346,17,вестибюль,
vyborgskaya,vyborgskaya_1,воскресенье,13,2,0.260472,17,вестибюль,
vyborgskaya,vyborgskaya_1,воскресенье,13,3,0.274334,17,вестибюль,
vyborgskaya,vyborgskaya_1,воскресенье,14,0,0.252647,17,вестибюль,
vyborgskaya,vyborgskaya_1,воскресенье,14,1,0.274504,17,вестибюль,
vyborgskaya,vyborgskaya_1,воскресенье,14,2,0.240701,17,вестибюль,
vyborgskaya,vyborgskaya_1,воскресенье,14,3,0.232148,17,вестибюль,
vyborgskaya,vyborgskaya_1,воскресенье,15,0,0.264875,17,вестибюль,
vyborgskaya,vyborgskaya_1,воскресенье,15,1,0.262956,17,вестибюль,
vyborgskaya,vyborgskaya_1,воскресенье,15,2,0.241695,17,вестибюль,
vyborgskaya,vyborgskaya_1,воскресенье,15,3,0.230474,17,вестибюль,
vyborgskaya,vyborgskaya_1,воскресенье,16,0,0.237797,17,вестибюль,
vyborgskaya,vyborgskaya_1,воскресенье,16,1,0.26519,17,вестибюль,
vyborgskaya,vyborgskaya_1,воскресенье,16,2,0.247268,17,вестибюль,
vyborgskaya,vyborgskaya_1,воскресенье,16,3,0.249745,17,вестибюль,
vyborgskaya,vyborgskaya_1,воскресенье,17,0,0.253829,17,вестибюль,
vyborgskaya,vyborgskaya_1,воскресенье,17,1,0.239167,17,вестибюль,
vyborgskaya,vyborgskaya_1,воскресенье,17,2,0.257494,17,вестибюль,
vyborgskaya,vyborgskaya_1,воскресенье,17,3,0.249509,17,вестибюль,
vyborgskaya,vyborgskaya_1,воскресенье,18,0,0.272771,17,вестибюль,
vyborgskaya,vyborgskaya_1,воскресенье,18,1,0.25,17,вестибюль,
vyborgskaya,vyborgskaya_1,воскресенье,18,2,0.252422,17,вестибюль,
vyborgskaya,vyborgskaya_1,воскресенье,18,3,0.224806,17,вестибюль,
vyborgskaya,vyborgskaya_1,воскресенье,19,0,0.259326,17,вестибюль,
vyborgskaya,vyborgskaya_1,воскресенье,19,1,0.225523,17,вестибюль,
vyborgskaya,vyborgskaya_1,воскресенье,19,2,0.269927,17,вестибюль,
vyborgskaya,vyborgskaya_1,воскресенье,19,3,0.245225,17,вестибюль,
vyborgskaya,vyborgskaya_1,воскресенье,20,0,0.359609,17,вестибюль,
vyborgskaya,vyborgskaya_1,воскресенье,20,1,0.268397,17,вестибюль,
vyborgskaya,vyborgskaya_1,воскресенье,20,2,0.197547,17,вестибюль,
vyborgskaya,vyborgskaya_1,воскресенье,20,3,0.174446,17,вестибюль,
vyborgskaya,vyborgskaya_1,воскресенье,21,0,0.306813,17,вестибюль,
vyborgskaya,vyborgskaya_1,воскресенье,21,1,0.276752,17,вестибюль,
vyborgskaya,vyborgskaya_1,воскресенье,21,2,0.2132,17,вестибюль,
vyborgskaya,vyborgskaya_1,воскресенье,21,3,0.203235,17,вестибюль,
vyborgskaya,vyborgskaya_1,воскресенье,22,0,0.30084,17,вестибюль,
vyborgskaya,vyborgskaya_1,воскресенье,22,1,0.265625,17,вестибюль,
vyborgskaya,vyborgskaya_1,воскресенье,22,2,0.253498,17,вестибюль,
vyborgskaya,vyborgskaya_1,воскресенье,22,3,0.180037,17,вестибюль,
vyborgskaya,vyborgskaya_1,воскресенье,23,0,0.325301,17,вестибюль,
vyborgskaya,vyborgskaya_1,воскресенье,23,1,0.320964,17,вестибюль,
vyborgskaya,vyborgskaya_1,воскресенье,23,2,0.195181,17,вестибюль,
vyborgskaya,vyborgskaya_1,воскресенье,23,3,0.158554,17,вестибюль,
vyborgskaya,vyborgskaya_1,воскресенье,0,0,0.543624,17,вестибюль,
vyborgskaya,vyborgskaya_1,воскресенье,0,1,0.35906,17,вестибюль,
vyborgskaya,vyborgskaya_1,воскресенье,0,2,0.097315,17,вестибюль,
vyborgskaya,vyborgskaya_1,воскресенье,0,3,0.0,17,вестибюль,
vyborgskaya,*,рабочий,5,0,0.008077,80,станция,
vyborgskaya,*,рабочий,5,1,0.004038,80,станция,
vyborgskaya,*,рабочий,5,2,0.213276,80,станция,
vyborgskaya,*,рабочий,5,3,0.774609,80,станция,
vyborgskaya,*,рабочий,6,0,0.205708,80,станция,
vyborgskaya,*,рабочий,6,1,0.237001,80,станция,
vyborgskaya,*,рабочий,6,2,0.236382,80,станция,
vyborgskaya,*,рабочий,6,3,0.320908,80,станция,
vyborgskaya,*,рабочий,7,0,0.227913,80,станция,
vyborgskaya,*,рабочий,7,1,0.214683,80,станция,
vyborgskaya,*,рабочий,7,2,0.244895,80,станция,
vyborgskaya,*,рабочий,7,3,0.312509,80,станция,
vyborgskaya,*,рабочий,8,0,0.267434,80,станция,
vyborgskaya,*,рабочий,8,1,0.289256,80,станция,
vyborgskaya,*,рабочий,8,2,0.257401,80,станция,
vyborgskaya,*,рабочий,8,3,0.185908,80,станция,
vyborgskaya,*,рабочий,9,0,0.254315,80,станция,
vyborgskaya,*,рабочий,9,1,0.270861,80,станция,
vyborgskaya,*,рабочий,9,2,0.247442,80,станция,
vyborgskaya,*,рабочий,9,3,0.227382,80,станция,
vyborgskaya,*,рабочий,10,0,0.23865,80,станция,
vyborgskaya,*,рабочий,10,1,0.256833,80,станция,
vyborgskaya,*,рабочий,10,2,0.254352,80,станция,
vyborgskaya,*,рабочий,10,3,0.250165,80,станция,
vyborgskaya,*,рабочий,11,0,0.213222,80,станция,
vyborgskaya,*,рабочий,11,1,0.24416,80,станция,
vyborgskaya,*,рабочий,11,2,0.278857,80,станция,
vyborgskaya,*,рабочий,11,3,0.263761,80,станция,
vyborgskaya,*,рабочий,12,0,0.238125,80,станция,
vyborgskaya,*,рабочий,12,1,0.269057,80,станция,
vyborgskaya,*,рабочий,12,2,0.244813,80,станция,
vyborgskaya,*,рабочий,12,3,0.248005,80,станция,
vyborgskaya,*,рабочий,13,0,0.241336,80,станция,
vyborgskaya,*,рабочий,13,1,0.250469,80,станция,
vyborgskaya,*,рабочий,13,2,0.2505,80,станция,
vyborgskaya,*,рабочий,13,3,0.257696,80,станция,
vyborgskaya,*,рабочий,14,0,0.20984,80,станция,
vyborgskaya,*,рабочий,14,1,0.240994,80,станция,
vyborgskaya,*,рабочий,14,2,0.284257,80,станция,
vyborgskaya,*,рабочий,14,3,0.264909,80,станция,
vyborgskaya,*,рабочий,15,0,0.209163,80,станция,
vyborgskaya,*,рабочий,15,1,0.216146,80,станция,
vyborgskaya,*,рабочий,15,2,0.244122,80,станция,
vyborgskaya,*,рабочий,15,3,0.330569,80,станция,
vyborgskaya,*,рабочий,16,0,0.218246,80,станция,
vyborgskaya,*,рабочий,16,1,0.217869,80,станция,
vyborgskaya,*,рабочий,16,2,0.217899,80,станция,
vyborgskaya,*,рабочий,16,3,0.345987,80,станция,
vyborgskaya,*,рабочий,17,0,0.301422,80,станция,
vyborgskaya,*,рабочий,17,1,0.277491,80,станция,
vyborgskaya,*,рабочий,17,2,0.21636,80,станция,
vyborgskaya,*,рабочий,17,3,0.204727,80,станция,
vyborgskaya,*,рабочий,18,0,0.336242,80,станция,
vyborgskaya,*,рабочий,18,1,0.333191,80,станция,
vyborgskaya,*,рабочий,18,2,0.189606,80,станция,
vyborgskaya,*,рабочий,18,3,0.140961,80,станция,
vyborgskaya,*,рабочий,19,0,0.304452,80,станция,
vyborgskaya,*,рабочий,19,1,0.272436,80,станция,
vyborgskaya,*,рабочий,19,2,0.22988,80,станция,
vyborgskaya,*,рабочий,19,3,0.193232,80,станция,
vyborgskaya,*,рабочий,20,0,0.354436,80,станция,
vyborgskaya,*,рабочий,20,1,0.279963,80,станция,
vyborgskaya,*,рабочий,20,2,0.198792,80,станция,
vyborgskaya,*,рабочий,20,3,0.166809,80,станция,
vyborgskaya,*,рабочий,21,0,0.321633,80,станция,
vyborgskaya,*,рабочий,21,1,0.279453,80,станция,
vyborgskaya,*,рабочий,21,2,0.212219,80,станция,
vyborgskaya,*,рабочий,21,3,0.186695,80,станция,
vyborgskaya,*,рабочий,22,0,0.330207,80,станция,
vyborgskaya,*,рабочий,22,1,0.271129,80,станция,
vyborgskaya,*,рабочий,22,2,0.213435,80,станция,
vyborgskaya,*,рабочий,22,3,0.185229,80,станция,
vyborgskaya,*,рабочий,23,0,0.38517,80,станция,
vyborgskaya,*,рабочий,23,1,0.268384,80,станция,
vyborgskaya,*,рабочий,23,2,0.186642,80,станция,
vyborgskaya,*,рабочий,23,3,0.159804,80,станция,
vyborgskaya,*,рабочий,0,0,0.53194,80,станция,
vyborgskaya,*,рабочий,0,1,0.356562,80,станция,
vyborgskaya,*,рабочий,0,2,0.098142,80,станция,
vyborgskaya,*,рабочий,0,3,0.013357,80,станция,
vyborgskaya,*,суббота,5,0,0.001779,16,станция,
vyborgskaya,*,суббота,5,1,0.016014,16,станция,
vyborgskaya,*,суббота,5,2,0.113879,16,станция,
vyborgskaya,*,суббота,5,3,0.868327,16,станция,
vyborgskaya,*,суббота,6,0,0.219185,16,станция,
vyborgskaya,*,суббота,6,1,0.224009,16,станция,
vyborgskaya,*,суббота,6,2,0.233119,16,станция,
vyborgskaya,*,суббота,6,3,0.323687,16,станция,
vyborgskaya,*,суббота,7,0,0.266549,16,станция,
vyborgskaya,*,суббота,7,1,0.209369,16,станция,
vyborgskaya,*,суббота,7,2,0.23598,16,станция,
vyborgskaya,*,суббота,7,3,0.288102,16,станция,
vyborgskaya,*,суббота,8,0,0.268779,16,станция,
vyborgskaya,*,суббота,8,1,0.272365,16,станция,
vyborgskaya,*,суббота,8,2,0.239291,16,станция,
vyborgskaya,*,суббота,8,3,0.219566,16,станция,
vyborgskaya,*,суббота,9,0,0.250875,16,станция,
vyborgskaya,*,суббота,9,1,0.262811,16,станция,
vyborgskaya,*,суббота,9,2,0.256226,16,станция,
vyborgskaya,*,суббота,9,3,0.230088,16,станция,
vyborgskaya,*,суббота,10,0,0.26247,16,станция,
vyborgskaya,*,суббота,10,1,0.251058,16,станция,
vyborgskaya,*,суббота,10,2,0.237438,16,станция,
vyborgskaya,*,суббота,10,3,0.249034,16,станция,
vyborgskaya,*,суббота,11,0,0.205271,16,станция,
vyborgskaya,*,суббота,11,1,0.235725,16,станция,
vyborgskaya,*,суббота,11,2,0.285798,16,станция,
vyborgskaya,*,суббота,11,3,0.273206,16,станция,
vyborgskaya,*,суббота,12,0,0.212023,16,станция,
vyborgskaya,*,суббота,12,1,0.258994,16,станция,
vyborgskaya,*,суббота,12,2,0.265806,16,станция,
vyborgskaya,*,суббота,12,3,0.263177,16,станция,
vyborgskaya,*,суббота,13,0,0.224997,16,станция,
vyborgskaya,*,суббота,13,1,0.246372,16,станция,
vyborgskaya,*,суббота,13,2,0.247834,16,станция,
vyborgskaya,*,суббота,13,3,0.280796,16,станция,
vyborgskaya,*,суббота,14,0,0.238853,16,станция,
vyborgskaya,*,суббота,14,1,0.23847,16,станция,
vyborgskaya,*,суббота,14,2,0.274523,16,станция,
vyborgskaya,*,суббота,14,3,0.248154,16,станция,
vyborgskaya,*,суббота,15,0,0.23035,16,станция,
vyborgskaya,*,суббота,15,1,0.251197,16,станция,
vyborgskaya,*,суббота,15,2,0.25054,16,станция,
vyborgskaya,*,суббота,15,3,0.267912,16,станция,
vyborgskaya,*,суббота,16,0,0.253106,16,станция,
vyborgskaya,*,суббота,16,1,0.276259,16,станция,
vyborgskaya,*,суббота,16,2,0.234244,16,станция,
vyborgskaya,*,суббота,16,3,0.23639,16,станция,
vyborgskaya,*,суббота,17,0,0.26072,16,станция,
vyborgskaya,*,суббота,17,1,0.265415,16,станция,
vyborgskaya,*,суббота,17,2,0.224726,16,станция,
vyborgskaya,*,суббота,17,3,0.249139,16,станция,
vyborgskaya,*,суббота,18,0,0.26503,16,станция,
vyborgskaya,*,суббота,18,1,0.249372,16,станция,
vyborgskaya,*,суббота,18,2,0.246375,16,станция,
vyborgskaya,*,суббота,18,3,0.239223,16,станция,
vyborgskaya,*,суббота,19,0,0.27174,16,станция,
vyborgskaya,*,суббота,19,1,0.238287,16,станция,
vyborgskaya,*,суббота,19,2,0.269901,16,станция,
vyborgskaya,*,суббота,19,3,0.220072,16,станция,
vyborgskaya,*,суббота,20,0,0.357644,16,станция,
vyborgskaya,*,суббота,20,1,0.281208,16,станция,
vyborgskaya,*,суббота,20,2,0.197987,16,станция,
vyborgskaya,*,суббота,20,3,0.163161,16,станция,
vyborgskaya,*,суббота,21,0,0.293667,16,станция,
vyborgskaya,*,суббота,21,1,0.268189,16,станция,
vyborgskaya,*,суббота,21,2,0.223417,16,станция,
vyborgskaya,*,суббота,21,3,0.214728,16,станция,
vyborgskaya,*,суббота,22,0,0.245291,16,станция,
vyborgskaya,*,суббота,22,1,0.250256,16,станция,
vyborgskaya,*,суббота,22,2,0.292597,16,станция,
vyborgskaya,*,суббота,22,3,0.211856,16,станция,
vyborgskaya,*,суббота,23,0,0.337145,16,станция,
vyborgskaya,*,суббота,23,1,0.279543,16,станция,
vyborgskaya,*,суббота,23,2,0.205845,16,станция,
vyborgskaya,*,суббота,23,3,0.177467,16,станция,
vyborgskaya,*,суббота,0,0,0.624309,16,станция,
vyborgskaya,*,суббота,0,1,0.287293,16,станция,
vyborgskaya,*,суббота,0,2,0.077348,16,станция,
vyborgskaya,*,суббота,0,3,0.01105,16,станция,
vyborgskaya,*,воскресенье,5,0,0.006369,17,станция,
vyborgskaya,*,воскресенье,5,1,0.004246,17,станция,
vyborgskaya,*,воскресенье,5,2,0.118896,17,станция,
vyborgskaya,*,воскресенье,5,3,0.870488,17,станция,
vyborgskaya,*,воскресенье,6,0,0.213542,17,станция,
vyborgskaya,*,воскресенье,6,1,0.244141,17,станция,
vyborgskaya,*,воскресенье,6,2,0.236328,17,станция,
vyborgskaya,*,воскресенье,6,3,0.30599,17,станция,
vyborgskaya,*,воскресенье,7,0,0.293724,17,станция,
vyborgskaya,*,воскресенье,7,1,0.21965,17,станция,
vyborgskaya,*,воскресенье,7,2,0.228909,17,станция,
vyborgskaya,*,воскресенье,7,3,0.257716,17,станция,
vyborgskaya,*,воскресенье,8,0,0.287247,17,станция,
vyborgskaya,*,воскресенье,8,1,0.268031,17,станция,
vyborgskaya,*,воскресенье,8,2,0.223359,17,станция,
vyborgskaya,*,воскресенье,8,3,0.221363,17,станция,
vyborgskaya,*,воскресенье,9,0,0.26623,17,станция,
vyborgskaya,*,воскресенье,9,1,0.278812,17,станция,
vyborgskaya,*,воскресенье,9,2,0.247358,17,станция,
vyborgskaya,*,воскресенье,9,3,0.207599,17,станция,
vyborgskaya,*,воскресенье,10,0,0.249375,17,станция,
vyborgskaya,*,воскресенье,10,1,0.245127,17,станция,
vyborgskaya,*,воскресенье,10,2,0.264118,17,станция,
vyborgskaya,*,воскресенье,10,3,0.241379,17,станция,
vyborgskaya,*,воскресенье,11,0,0.208841,17,станция,
vyborgskaya,*,воскресенье,11,1,0.250981,17,станция,
vyborgskaya,*,воскресенье,11,2,0.261103,17,станция,
vyborgskaya,*,воскресенье,11,3,0.279075,17,станция,
vyborgskaya,*,воскресенье,12,0,0.242984,17,станция,
vyborgskaya,*,воскресенье,12,1,0.254915,17,станция,
vyborgskaya,*,воскресенье,12,2,0.244833,17,станция,
vyborgskaya,*,воскресенье,12,3,0.257268,17,станция,
vyborgskaya,*,воскресенье,13,0,0.222848,17,станция,
vyborgskaya,*,воскресенье,13,1,0.242346,17,станция,
vyborgskaya,*,воскресенье,13,2,0.260472,17,станция,
vyborgskaya,*,воскресенье,13,3,0.274334,17,станция,
vyborgskaya,*,воскресенье,14,0,0.252647,17,станция,
vyborgskaya,*,воскресенье,14,1,0.274504,17,станция,
vyborgskaya,*,воскресенье,14,2,0.240701,17,станция,
vyborgskaya,*,воскресенье,14,3,0.232148,17,станция,
vyborgskaya,*,воскресенье,15,0,0.264875,17,станция,
vyborgskaya,*,воскресенье,15,1,0.262956,17,станция,
vyborgskaya,*,воскресенье,15,2,0.241695,17,станция,
vyborgskaya,*,воскресенье,15,3,0.230474,17,станция,
vyborgskaya,*,воскресенье,16,0,0.237797,17,станция,
vyborgskaya,*,воскресенье,16,1,0.26519,17,станция,
vyborgskaya,*,воскресенье,16,2,0.247268,17,станция,
vyborgskaya,*,воскресенье,16,3,0.249745,17,станция,
vyborgskaya,*,воскресенье,17,0,0.253829,17,станция,
vyborgskaya,*,воскресенье,17,1,0.239167,17,станция,
vyborgskaya,*,воскресенье,17,2,0.257494,17,станция,
vyborgskaya,*,воскресенье,17,3,0.249509,17,станция,
vyborgskaya,*,воскресенье,18,0,0.272771,17,станция,
vyborgskaya,*,воскресенье,18,1,0.25,17,станция,
vyborgskaya,*,воскресенье,18,2,0.252422,17,станция,
vyborgskaya,*,воскресенье,18,3,0.224806,17,станция,
vyborgskaya,*,воскресенье,19,0,0.259326,17,станция,
vyborgskaya,*,воскресенье,19,1,0.225523,17,станция,
vyborgskaya,*,воскресенье,19,2,0.269927,17,станция,
vyborgskaya,*,воскресенье,19,3,0.245225,17,станция,
vyborgskaya,*,воскресенье,20,0,0.359609,17,станция,
vyborgskaya,*,воскресенье,20,1,0.268397,17,станция,
vyborgskaya,*,воскресенье,20,2,0.197547,17,станция,
vyborgskaya,*,воскресенье,20,3,0.174446,17,станция,
vyborgskaya,*,воскресенье,21,0,0.306813,17,станция,
vyborgskaya,*,воскресенье,21,1,0.276752,17,станция,
vyborgskaya,*,воскресенье,21,2,0.2132,17,станция,
vyborgskaya,*,воскресенье,21,3,0.203235,17,станция,
vyborgskaya,*,воскресенье,22,0,0.30084,17,станция,
vyborgskaya,*,воскресенье,22,1,0.265625,17,станция,
vyborgskaya,*,воскресенье,22,2,0.253498,17,станция,
vyborgskaya,*,воскресенье,22,3,0.180037,17,станция,
vyborgskaya,*,воскресенье,23,0,0.325301,17,станция,
vyborgskaya,*,воскресенье,23,1,0.320964,17,станция,
vyborgskaya,*,воскресенье,23,2,0.195181,17,станция,
vyborgskaya,*,воскресенье,23,3,0.158554,17,станция,
vyborgskaya,*,воскресенье,0,0,0.543624,17,станция,
vyborgskaya,*,воскресенье,0,1,0.35906,17,станция,
vyborgskaya,*,воскресенье,0,2,0.097315,17,станция,
vyborgskaya,*,воскресенье,0,3,0.0,17,станция,
ploshchad_lenina,ploshchad_lenina_1,рабочий,5,0,0.003337,80,вестибюль,
ploshchad_lenina,ploshchad_lenina_1,рабочий,5,1,0.003797,80,вестибюль,
ploshchad_lenina,ploshchad_lenina_1,рабочий,5,2,0.500863,80,вестибюль,
ploshchad_lenina,ploshchad_lenina_1,рабочий,5,3,0.492003,80,вестибюль,
ploshchad_lenina,ploshchad_lenina_1,рабочий,6,0,0.159814,80,вестибюль,
ploshchad_lenina,ploshchad_lenina_1,рабочий,6,1,0.24233,80,вестибюль,
ploshchad_lenina,ploshchad_lenina_1,рабочий,6,2,0.238857,80,вестибюль,
ploshchad_lenina,ploshchad_lenina_1,рабочий,6,3,0.358999,80,вестибюль,
ploshchad_lenina,ploshchad_lenina_1,рабочий,7,0,0.217026,80,вестибюль,
ploshchad_lenina,ploshchad_lenina_1,рабочий,7,1,0.244551,80,вестибюль,
ploshchad_lenina,ploshchad_lenina_1,рабочий,7,2,0.2208,80,вестибюль,
ploshchad_lenina,ploshchad_lenina_1,рабочий,7,3,0.317623,80,вестибюль,
ploshchad_lenina,ploshchad_lenina_1,рабочий,8,0,0.265109,80,вестибюль,
ploshchad_lenina,ploshchad_lenina_1,рабочий,8,1,0.31711,80,вестибюль,
ploshchad_lenina,ploshchad_lenina_1,рабочий,8,2,0.261037,80,вестибюль,
ploshchad_lenina,ploshchad_lenina_1,рабочий,8,3,0.156744,80,вестибюль,
ploshchad_lenina,ploshchad_lenina_1,рабочий,9,0,0.272529,80,вестибюль,
ploshchad_lenina,ploshchad_lenina_1,рабочий,9,1,0.319498,80,вестибюль,
ploshchad_lenina,ploshchad_lenina_1,рабочий,9,2,0.237315,80,вестибюль,
ploshchad_lenina,ploshchad_lenina_1,рабочий,9,3,0.170658,80,вестибюль,
ploshchad_lenina,ploshchad_lenina_1,рабочий,10,0,0.195037,80,вестибюль,
ploshchad_lenina,ploshchad_lenina_1,рабочий,10,1,0.269795,80,вестибюль,
ploshchad_lenina,ploshchad_lenina_1,рабочий,10,2,0.248048,80,вестибюль,
ploshchad_lenina,ploshchad_lenina_1,рабочий,10,3,0.28712,80,вестибюль,
ploshchad_lenina,ploshchad_lenina_1,рабочий,11,0,0.202834,80,вестибюль,
ploshchad_lenina,ploshchad_lenina_1,рабочий,11,1,0.23286,80,вестибюль,
ploshchad_lenina,ploshchad_lenina_1,рабочий,11,2,0.277965,80,вестибюль,
ploshchad_lenina,ploshchad_lenina_1,рабочий,11,3,0.286341,80,вестибюль,
ploshchad_lenina,ploshchad_lenina_1,рабочий,12,0,0.273676,80,вестибюль,
ploshchad_lenina,ploshchad_lenina_1,рабочий,12,1,0.350832,80,вестибюль,
ploshchad_lenina,ploshchad_lenina_1,рабочий,12,2,0.191842,80,вестибюль,
ploshchad_lenina,ploshchad_lenina_1,рабочий,12,3,0.18365,80,вестибюль,
ploshchad_lenina,ploshchad_lenina_1,рабочий,13,0,0.273061,80,вестибюль,
ploshchad_lenina,ploshchad_lenina_1,рабочий,13,1,0.225875,80,вестибюль,
ploshchad_lenina,ploshchad_lenina_1,рабочий,13,2,0.259881,80,вестибюль,
ploshchad_lenina,ploshchad_lenina_1,рабочий,13,3,0.241183,80,вестибюль,
ploshchad_lenina,ploshchad_lenina_1,рабочий,14,0,0.170963,80,вестибюль,
ploshchad_lenina,ploshchad_lenina_1,рабочий,14,1,0.326047,80,вестибюль,
ploshchad_lenina,ploshchad_lenina_1,рабочий,14,2,0.231057,80,вестибюль,
ploshchad_lenina,ploshchad_lenina_1,рабочий,14,3,0.271932,80,вестибюль,
ploshchad_lenina,ploshchad_lenina_1,рабочий,15,0,0.247189,80,вестибюль,
ploshchad_lenina,ploshchad_lenina_1,рабочий,15,1,0.209782,80,вестибюль,
ploshchad_lenina,ploshchad_lenina_1,рабочий,15,2,0.259749,80,вестибюль,
ploshchad_lenina,ploshchad_lenina_1,рабочий,15,3,0.28328,80,вестибюль,
ploshchad_lenina,ploshchad_lenina_1,рабочий,16,0,0.219101,80,вестибюль,
ploshchad_lenina,ploshchad_lenina_1,рабочий,16,1,0.262736,80,вестибюль,
ploshchad_lenina,ploshchad_lenina_1,рабочий,16,2,0.242815,80,вестибюль,
ploshchad_lenina,ploshchad_lenina_1,рабочий,16,3,0.275348,80,вестибюль,
ploshchad_lenina,ploshchad_lenina_1,рабочий,17,0,0.230074,80,вестибюль,
ploshchad_lenina,ploshchad_lenina_1,рабочий,17,1,0.263348,80,вестибюль,
ploshchad_lenina,ploshchad_lenina_1,рабочий,17,2,0.267006,80,вестибюль,
ploshchad_lenina,ploshchad_lenina_1,рабочий,17,3,0.239571,80,вестибюль,
ploshchad_lenina,ploshchad_lenina_1,рабочий,18,0,0.298109,80,вестибюль,
ploshchad_lenina,ploshchad_lenina_1,рабочий,18,1,0.327392,80,вестибюль,
ploshchad_lenina,ploshchad_lenina_1,рабочий,18,2,0.237937,80,вестибюль,
ploshchad_lenina,ploshchad_lenina_1,рабочий,18,3,0.136561,80,вестибюль,
ploshchad_lenina,ploshchad_lenina_1,рабочий,19,0,0.2715,80,вестибюль,
ploshchad_lenina,ploshchad_lenina_1,рабочий,19,1,0.22944,80,вестибюль,
ploshchad_lenina,ploshchad_lenina_1,рабочий,19,2,0.295986,80,вестибюль,
ploshchad_lenina,ploshchad_lenina_1,рабочий,19,3,0.203075,80,вестибюль,
ploshchad_lenina,ploshchad_lenina_1,рабочий,20,0,0.365782,80,вестибюль,
ploshchad_lenina,ploshchad_lenina_1,рабочий,20,1,0.234796,80,вестибюль,
ploshchad_lenina,ploshchad_lenina_1,рабочий,20,2,0.233071,80,вестибюль,
ploshchad_lenina,ploshchad_lenina_1,рабочий,20,3,0.166351,80,вестибюль,
ploshchad_lenina,ploshchad_lenina_1,рабочий,21,0,0.307142,80,вестибюль,
ploshchad_lenina,ploshchad_lenina_1,рабочий,21,1,0.233996,80,вестибюль,
ploshchad_lenina,ploshchad_lenina_1,рабочий,21,2,0.206789,80,вестибюль,
ploshchad_lenina,ploshchad_lenina_1,рабочий,21,3,0.252073,80,вестибюль,
ploshchad_lenina,ploshchad_lenina_1,рабочий,22,0,0.413086,80,вестибюль,
ploshchad_lenina,ploshchad_lenina_1,рабочий,22,1,0.209463,80,вестибюль,
ploshchad_lenina,ploshchad_lenina_1,рабочий,22,2,0.2266,80,вестибюль,
ploshchad_lenina,ploshchad_lenina_1,рабочий,22,3,0.15085,80,вестибюль,
ploshchad_lenina,ploshchad_lenina_1,рабочий,23,0,0.236884,80,вестибюль,
ploshchad_lenina,ploshchad_lenina_1,рабочий,23,1,0.246216,80,вестибюль,
ploshchad_lenina,ploshchad_lenina_1,рабочий,23,2,0.362446,80,вестибюль,
ploshchad_lenina,ploshchad_lenina_1,рабочий,23,3,0.154454,80,вестибюль,
ploshchad_lenina,ploshchad_lenina_1,рабочий,0,0,0.641926,80,вестибюль,
ploshchad_lenina,ploshchad_lenina_1,рабочий,0,1,0.335366,80,вестибюль,
ploshchad_lenina,ploshchad_lenina_1,рабочий,0,2,0.019554,80,вестибюль,
ploshchad_lenina,ploshchad_lenina_1,рабочий,0,3,0.003154,80,вестибюль,
ploshchad_lenina,ploshchad_lenina_1,суббота,5,0,0.023522,16,вестибюль,
ploshchad_lenina,ploshchad_lenina_1,суббота,5,1,0.062937,16,вестибюль,
ploshchad_lenina,ploshchad_lenina_1,суббота,5,2,0.371901,16,вестибюль,
ploshchad_lenina,ploshchad_lenina_1,суббота,5,3,0.54164,16,вестибюль,
ploshchad_lenina,ploshchad_lenina_1,суббота,6,0,0.163249,16,вестибюль,
ploshchad_lenina,ploshchad_lenina_1,суббота,6,1,0.205086,16,вестибюль,
ploshchad_lenina,ploshchad_lenina_1,суббота,6,2,0.272518,16,вестибюль,
ploshchad_lenina,ploshchad_lenina_1,суббота,6,3,0.359147,16,вестибюль,
ploshchad_lenina,ploshchad_lenina_1,суббота,7,0,0.236519,16,вестибюль,
ploshchad_lenina,ploshchad_lenina_1,суббота,7,1,0.263748,16,вестибюль,
ploshchad_lenina,ploshchad_lenina_1,суббота,7,2,0.205464,16,вестибюль,
ploshchad_lenina,ploshchad_lenina_1,суббота,7,3,0.294269,16,вестибюль,
ploshchad_lenina,ploshchad_lenina_1,суббота,8,0,0.283018,16,вестибюль,
ploshchad_lenina,ploshchad_lenina_1,суббота,8,1,0.347976,16,вестибюль,
ploshchad_lenina,ploshchad_lenina_1,суббота,8,2,0.198544,16,вестибюль,
ploshchad_lenina,ploshchad_lenina_1,суббота,8,3,0.170463,16,вестибюль,
ploshchad_lenina,ploshchad_lenina_1,суббота,9,0,0.210143,16,вестибюль,
ploshchad_lenina,ploshchad_lenina_1,суббота,9,1,0.365724,16,вестибюль,
ploshchad_lenina,ploshchad_lenina_1,суббота,9,2,0.263049,16,вестибюль,
ploshchad_lenina,ploshchad_lenina_1,суббота,9,3,0.161084,16,вестибюль,
ploshchad_lenina,ploshchad_lenina_1,суббота,10,0,0.174318,16,вестибюль,
ploshchad_lenina,ploshchad_lenina_1,суббота,10,1,0.234142,16,вестибюль,
ploshchad_lenina,ploshchad_lenina_1,суббота,10,2,0.250351,16,вестибюль,
ploshchad_lenina,ploshchad_lenina_1,суббота,10,3,0.341188,16,вестибюль,
ploshchad_lenina,ploshchad_lenina_1,суббота,11,0,0.182328,16,вестибюль,
ploshchad_lenina,ploshchad_lenina_1,суббота,11,1,0.250116,16,вестибюль,
ploshchad_lenina,ploshchad_lenina_1,суббота,11,2,0.282883,16,вестибюль,
ploshchad_lenina,ploshchad_lenina_1,суббота,11,3,0.284674,16,вестибюль,
ploshchad_lenina,ploshchad_lenina_1,суббота,12,0,0.286251,16,вестибюль,
ploshchad_lenina,ploshchad_lenina_1,суббота,12,1,0.314573,16,вестибюль,
ploshchad_lenina,ploshchad_lenina_1,суббота,12,2,0.173167,16,вестибюль,
ploshchad_lenina,ploshchad_lenina_1,суббота,12,3,0.226009,16,вестибюль,
ploshchad_lenina,ploshchad_lenina_1,суббота,13,0,0.301562,16,вестибюль,
ploshchad_lenina,ploshchad_lenina_1,суббота,13,1,0.207527,16,вестибюль,
ploshchad_lenina,ploshchad_lenina_1,суббота,13,2,0.239118,16,вестибюль,
ploshchad_lenina,ploshchad_lenina_1,суббота,13,3,0.251793,16,вестибюль,
ploshchad_lenina,ploshchad_lenina_1,суббота,14,0,0.143251,16,вестибюль,
ploshchad_lenina,ploshchad_lenina_1,суббота,14,1,0.273295,16,вестибюль,
ploshchad_lenina,ploshchad_lenina_1,суббота,14,2,0.220942,16,вестибюль,
ploshchad_lenina,ploshchad_lenina_1,суббота,14,3,0.362512,16,вестибюль,
ploshchad_lenina,ploshchad_lenina_1,суббота,15,0,0.231656,16,вестибюль,
ploshchad_lenina,ploshchad_lenina_1,суббота,15,1,0.234519,16,вестибюль,
ploshchad_lenina,ploshchad_lenina_1,суббота,15,2,0.310966,16,вестибюль,
ploshchad_lenina,ploshchad_lenina_1,суббота,15,3,0.222858,16,вестибюль,
ploshchad_lenina,ploshchad_lenina_1,суббота,16,0,0.166889,16,вестибюль,
ploshchad_lenina,ploshchad_lenina_1,суббота,16,1,0.233322,16,вестибюль,
ploshchad_lenina,ploshchad_lenina_1,суббота,16,2,0.267903,16,вестибюль,
ploshchad_lenina,ploshchad_lenina_1,суббота,16,3,0.331886,16,вестибюль,
ploshchad_lenina,ploshchad_lenina_1,суббота,17,0,0.179042,16,вестибюль,
ploshchad_lenina,ploshchad_lenina_1,суббота,17,1,0.254118,16,вестибюль,
ploshchad_lenina,ploshchad_lenina_1,суббота,17,2,0.308631,16,вестибюль,
ploshchad_lenina,ploshchad_lenina_1,суббота,17,3,0.258209,16,вестибюль,
ploshchad_lenina,ploshchad_lenina_1,суббота,18,0,0.175835,16,вестибюль,
ploshchad_lenina,ploshchad_lenina_1,суббота,18,1,0.381854,16,вестибюль,
ploshchad_lenina,ploshchad_lenina_1,суббота,18,2,0.29735,16,вестибюль,
ploshchad_lenina,ploshchad_lenina_1,суббота,18,3,0.144962,16,вестибюль,
ploshchad_lenina,ploshchad_lenina_1,суббота,19,0,0.22182,16,вестибюль,
ploshchad_lenina,ploshchad_lenina_1,суббота,19,1,0.231258,16,вестибюль,
ploshchad_lenina,ploshchad_lenina_1,суббота,19,2,0.300557,16,вестибюль,
ploshchad_lenina,ploshchad_lenina_1,суббота,19,3,0.246365,16,вестибюль,
ploshchad_lenina,ploshchad_lenina_1,суббота,20,0,0.324792,16,вестибюль,
ploshchad_lenina,ploshchad_lenina_1,суббота,20,1,0.219753,16,вестибюль,
ploshchad_lenina,ploshchad_lenina_1,суббота,20,2,0.266991,16,вестибюль,
ploshchad_lenina,ploshchad_lenina_1,суббота,20,3,0.188464,16,вестибюль,
ploshchad_lenina,ploshchad_lenina_1,суббота,21,0,0.288038,16,вестибюль,
ploshchad_lenina,ploshchad_lenina_1,суббота,21,1,0.248084,16,вестибюль,
ploshchad_lenina,ploshchad_lenina_1,суббота,21,2,0.183912,16,вестибюль,
ploshchad_lenina,ploshchad_lenina_1,суббота,21,3,0.279966,16,вестибюль,
ploshchad_lenina,ploshchad_lenina_1,суббота,22,0,0.445794,16,вестибюль,
ploshchad_lenina,ploshchad_lenina_1,суббота,22,1,0.211328,16,вестибюль,
ploshchad_lenina,ploshchad_lenina_1,суббота,22,2,0.20623,16,вестибюль,
ploshchad_lenina,ploshchad_lenina_1,суббота,22,3,0.136648,16,вестибюль,
ploshchad_lenina,ploshchad_lenina_1,суббота,23,0,0.194549,16,вестибюль,
ploshchad_lenina,ploshchad_lenina_1,суббота,23,1,0.192468,16,вестибюль,
ploshchad_lenina,ploshchad_lenina_1,суббота,23,2,0.42071,16,вестибюль,
ploshchad_lenina,ploshchad_lenina_1,суббота,23,3,0.192273,16,вестибюль,
ploshchad_lenina,ploshchad_lenina_1,суббота,0,0,0.708215,16,вестибюль,
ploshchad_lenina,ploshchad_lenina_1,суббота,0,1,0.278329,16,вестибюль,
ploshchad_lenina,ploshchad_lenina_1,суббота,0,2,0.013456,16,вестибюль,
ploshchad_lenina,ploshchad_lenina_1,суббота,0,3,0.0,16,вестибюль,
ploshchad_lenina,ploshchad_lenina_1,воскресенье,5,0,0.001487,17,вестибюль,
ploshchad_lenina,ploshchad_lenina_1,воскресенье,5,1,0.000372,17,вестибюль,
ploshchad_lenina,ploshchad_lenina_1,воскресенье,5,2,0.458736,17,вестибюль,
ploshchad_lenina,ploshchad_lenina_1,воскресенье,5,3,0.539405,17,вестибюль,
ploshchad_lenina,ploshchad_lenina_1,воскресенье,6,0,0.183644,17,вестибюль,
ploshchad_lenina,ploshchad_lenina_1,воскресенье,6,1,0.226686,17,вестибюль,
ploshchad_lenina,ploshchad_lenina_1,воскресенье,6,2,0.245337,17,вестибюль,
ploshchad_lenina,ploshchad_lenina_1,воскресенье,6,3,0.344333,17,вестибюль,
ploshchad_lenina,ploshchad_lenina_1,воскресенье,7,0,0.253874,17,вестибюль,
ploshchad_lenina,ploshchad_lenina_1,воскресенье,7,1,0.279587,17,вестибюль,
ploshchad_lenina,ploshchad_lenina_1,воскресенье,7,2,0.184033,17,вестибюль,
ploshchad_lenina,ploshchad_lenina_1,воскресенье,7,3,0.282506,17,вестибюль,
ploshchad_lenina,ploshchad_lenina_1,воскресенье,8,0,0.286001,17,вестибюль,
ploshchad_lenina,ploshchad_lenina_1,воскресенье,8,1,0.331119,17,вестибюль,
ploshchad_lenina,ploshchad_lenina_1,воскресенье,8,2,0.188195,17,вестибюль,
ploshchad_lenina,ploshchad_lenina_1,воскресенье,8,3,0.194685,17,вестибюль,
ploshchad_lenina,ploshchad_lenina_1,воскресенье,9,0,0.216732,17,вестибюль,
ploshchad_lenina,ploshchad_lenina_1,воскресенье,9,1,0.335337,17,вестибюль,
ploshchad_lenina,ploshchad_lenina_1,воскресенье,9,2,0.286343,17,вестибюль,
ploshchad_lenina,ploshchad_lenina_1,воскресенье,9,3,0.161588,17,вестибюль,
ploshchad_lenina,ploshchad_lenina_1,воскресенье,10,0,0.187421,17,вестибюль,
ploshchad_lenina,ploshchad_lenina_1,воскресенье,10,1,0.225381,17,вестибюль,
ploshchad_lenina,ploshchad_lenina_1,воскресенье,10,2,0.252243,17,вестибюль,
ploshchad_lenina,ploshchad_lenina_1,воскресенье,10,3,0.334955,17,вестибюль,
ploshchad_lenina,ploshchad_lenina_1,воскресенье,11,0,0.177102,17,вестибюль,
ploshchad_lenina,ploshchad_lenina_1,воскресенье,11,1,0.24798,17,вестибюль,
ploshchad_lenina,ploshchad_lenina_1,воскресенье,11,2,0.268493,17,вестибюль,
ploshchad_lenina,ploshchad_lenina_1,воскресенье,11,3,0.306425,17,вестибюль,
ploshchad_lenina,ploshchad_lenina_1,воскресенье,12,0,0.328182,17,вестибюль,
ploshchad_lenina,ploshchad_lenina_1,воскресенье,12,1,0.335157,17,вестибюль,
ploshchad_lenina,ploshchad_lenina_1,воскресенье,12,2,0.140494,17,вестибюль,
ploshchad_lenina,ploshchad_lenina_1,воскресенье,12,3,0.196166,17,вестибюль,
ploshchad_lenina,ploshchad_lenina_1,воскресенье,13,0,0.261877,17,вестибюль,
ploshchad_lenina,ploshchad_lenina_1,воскресенье,13,1,0.200829,17,вестибюль,
ploshchad_lenina,ploshchad_lenina_1,воскресенье,13,2,0.253285,17,вестибюль,
ploshchad_lenina,ploshchad_lenina_1,воскресенье,13,3,0.284009,17,вестибюль,
ploshchad_lenina,ploshchad_lenina_1,воскресенье,14,0,0.125136,17,вестибюль,
ploshchad_lenina,ploshchad_lenina_1,воскресенье,14,1,0.299171,17,вестибюль,
ploshchad_lenina,ploshchad_lenina_1,воскресенье,14,2,0.175992,17,вестибюль,
ploshchad_lenina,ploshchad_lenina_1,воскресенье,14,3,0.399702,17,вестибюль,
ploshchad_lenina,ploshchad_lenina_1,воскресенье,15,0,0.231938,17,вестибюль,
ploshchad_lenina,ploshchad_lenina_1,воскресенье,15,1,0.213007,17,вестибюль,
ploshchad_lenina,ploshchad_lenina_1,воскресенье,15,2,0.311804,17,вестибюль,
ploshchad_lenina,ploshchad_lenina_1,воскресенье,15,3,0.243252,17,вестибюль,
ploshchad_lenina,ploshchad_lenina_1,воскресенье,16,0,0.11228,17,вестибюль,
ploshchad_lenina,ploshchad_lenina_1,воскресенье,16,1,0.2399,17,вестибюль,
ploshchad_lenina,ploshchad_lenina_1,воскресенье,16,2,0.237048,17,вестибюль,
ploshchad_lenina,ploshchad_lenina_1,воскресенье,16,3,0.410772,17,вестибюль,
ploshchad_lenina,ploshchad_lenina_1,воскресенье,17,0,0.170409,17,вестибюль,
ploshchad_lenina,ploshchad_lenina_1,воскресенье,17,1,0.23997,17,вестибюль,
ploshchad_lenina,ploshchad_lenina_1,воскресенье,17,2,0.318773,17,вестибюль,
ploshchad_lenina,ploshchad_lenina_1,воскресенье,17,3,0.270848,17,вестибюль,
ploshchad_lenina,ploshchad_lenina_1,воскресенье,18,0,0.166349,17,вестибюль,
ploshchad_lenina,ploshchad_lenina_1,воскресенье,18,1,0.375151,17,вестибюль,
ploshchad_lenina,ploshchad_lenina_1,воскресенье,18,2,0.328422,17,вестибюль,
ploshchad_lenina,ploshchad_lenina_1,воскресенье,18,3,0.130078,17,вестибюль,
ploshchad_lenina,ploshchad_lenina_1,воскресенье,19,0,0.220218,17,вестибюль,
ploshchad_lenina,ploshchad_lenina_1,воскресенье,19,1,0.220242,17,вестибюль,
ploshchad_lenina,ploshchad_lenina_1,воскресенье,19,2,0.344266,17,вестибюль,
ploshchad_lenina,ploshchad_lenina_1,воскресенье,19,3,0.215274,17,вестибюль,
ploshchad_lenina,ploshchad_lenina_1,воскресенье,20,0,0.370589,17,вестибюль,
ploshchad_lenina,ploshchad_lenina_1,воскресенье,20,1,0.189312,17,вестибюль,
ploshchad_lenina,ploshchad_lenina_1,воскресенье,20,2,0.257262,17,вестибюль,
ploshchad_lenina,ploshchad_lenina_1,воскресенье,20,3,0.182838,17,вестибюль,
ploshchad_lenina,ploshchad_lenina_1,воскресенье,21,0,0.334619,17,вестибюль,
ploshchad_lenina,ploshchad_lenina_1,воскресенье,21,1,0.217701,17,вестибюль,
ploshchad_lenina,ploshchad_lenina_1,воскресенье,21,2,0.19601,17,вестибюль,
ploshchad_lenina,ploshchad_lenina_1,воскресенье,21,3,0.251669,17,вестибюль,
ploshchad_lenina,ploshchad_lenina_1,воскресенье,22,0,0.466943,17,вестибюль,
ploshchad_lenina,ploshchad_lenina_1,воскресенье,22,1,0.203936,17,вестибюль,
ploshchad_lenina,ploshchad_lenina_1,воскресенье,22,2,0.199521,17,вестибюль,
ploshchad_lenina,ploshchad_lenina_1,воскресенье,22,3,0.1296,17,вестибюль,
ploshchad_lenina,ploshchad_lenina_1,воскресенье,23,0,0.201609,17,вестибюль,
ploshchad_lenina,ploshchad_lenina_1,воскресенье,23,1,0.197113,17,вестибюль,
ploshchad_lenina,ploshchad_lenina_1,воскресенье,23,2,0.418757,17,вестибюль,
ploshchad_lenina,ploshchad_lenina_1,воскресенье,23,3,0.182521,17,вестибюль,
ploshchad_lenina,ploshchad_lenina_1,воскресенье,0,0,0.71298,17,вестибюль,
ploshchad_lenina,ploshchad_lenina_1,воскресенье,0,1,0.275137,17,вестибюль,
ploshchad_lenina,ploshchad_lenina_1,воскресенье,0,2,0.011883,17,вестибюль,
ploshchad_lenina,ploshchad_lenina_1,воскресенье,0,3,0.0,17,вестибюль,
ploshchad_lenina,ploshchad_lenina_2,рабочий,5,0,0.179374,80,вестибюль,
ploshchad_lenina,ploshchad_lenina_2,рабочий,5,1,0.048555,80,вестибюль,
ploshchad_lenina,ploshchad_lenina_2,рабочий,5,2,0.42175,80,вестибюль,
ploshchad_lenina,ploshchad_lenina_2,рабочий,5,3,0.350321,80,вестибюль,
ploshchad_lenina,ploshchad_lenina_2,рабочий,6,0,0.128038,80,вестибюль,
ploshchad_lenina,ploshchad_lenina_2,рабочий,6,1,0.228216,80,вестибюль,
ploshchad_lenina,ploshchad_lenina_2,рабочий,6,2,0.272436,80,вестибюль,
ploshchad_lenina,ploshchad_lenina_2,рабочий,6,3,0.37131,80,вестибюль,
ploshchad_lenina,ploshchad_lenina_2,рабочий,7,0,0.182713,80,вестибюль,
ploshchad_lenina,ploshchad_lenina_2,рабочий,7,1,0.207589,80,вестибюль,
ploshchad_lenina,ploshchad_lenina_2,рабочий,7,2,0.24976,80,вестибюль,
ploshchad_lenina,ploshchad_lenina_2,рабочий,7,3,0.359937,80,вестибюль,
ploshchad_lenina,ploshchad_lenina_2,рабочий,8,0,0.250313,80,вестибюль,
ploshchad_lenina,ploshchad_lenina_2,рабочий,8,1,0.307114,80,вестибюль,
ploshchad_lenina,ploshchad_lenina_2,рабочий,8,2,0.250699,80,вестибюль,
ploshchad_lenina,ploshchad_lenina_2,рабочий,8,3,0.191874,80,вестибюль,
ploshchad_lenina,ploshchad_lenina_2,рабочий,9,0,0.244299,80,вестибюль,
ploshchad_lenina,ploshchad_lenina_2,рабочий,9,1,0.265402,80,вестибюль,
ploshchad_lenina,ploshchad_lenina_2,рабочий,9,2,0.271642,80,вестибюль,
ploshchad_lenina,ploshchad_lenina_2,рабочий,9,3,0.218658,80,вестибюль,
ploshchad_lenina,ploshchad_lenina_2,рабочий,10,0,0.233154,80,вестибюль,
ploshchad_lenina,ploshchad_lenina_2,рабочий,10,1,0.254099,80,вестибюль,
ploshchad_lenina,ploshchad_lenina_2,рабочий,10,2,0.250225,80,вестибюль,
ploshchad_lenina,ploshchad_lenina_2,рабочий,10,3,0.262522,80,вестибюль,
ploshchad_lenina,ploshchad_lenina_2,рабочий,11,0,0.242427,80,вестибюль,
ploshchad_lenina,ploshchad_lenina_2,рабочий,11,1,0.246082,80,вестибюль,
ploshchad_lenina,ploshchad_lenina_2,рабочий,11,2,0.255925,80,вестибюль,
ploshchad_lenina,ploshchad_lenina_2,рабочий,11,3,0.255567,80,вестибюль,
ploshchad_lenina,ploshchad_lenina_2,рабочий,12,0,0.205258,79,вестибюль,
ploshchad_lenina,ploshchad_lenina_2,рабочий,12,1,0.225976,79,вестибюль,
ploshchad_lenina,ploshchad_lenina_2,рабочий,12,2,0.273743,79,вестибюль,
ploshchad_lenina,ploshchad_lenina_2,рабочий,12,3,0.295024,79,вестибюль,
ploshchad_lenina,ploshchad_lenina_2,рабочий,13,0,0.270946,80,вестибюль,
ploshchad_lenina,ploshchad_lenina_2,рабочий,13,1,0.259257,80,вестибюль,
ploshchad_lenina,ploshchad_lenina_2,рабочий,13,2,0.242232,80,вестибюль,
ploshchad_lenina,ploshchad_lenina_2,рабочий,13,3,0.227564,80,вестибюль,
ploshchad_lenina,ploshchad_lenina_2,рабочий,14,0,0.219599,80,вестибюль,
ploshchad_lenina,ploshchad_lenina_2,рабочий,14,1,0.260312,80,вестибюль,
ploshchad_lenina,ploshchad_lenina_2,рабочий,14,2,0.247393,80,вестибюль,
ploshchad_lenina,ploshchad_lenina_2,рабочий,14,3,0.272695,80,вестибюль,
ploshchad_lenina,ploshchad_lenina_2,рабочий,15,0,0.217734,80,вестибюль,
ploshchad_lenina,ploshchad_lenina_2,рабочий,15,1,0.220121,80,вестибюль,
ploshchad_lenina,ploshchad_lenina_2,рабочий,15,2,0.272778,80,вестибюль,
ploshchad_lenina,ploshchad_lenina_2,рабочий,15,3,0.289366,80,вестибюль,
ploshchad_lenina,ploshchad_lenina_2,рабочий,16,0,0.21632,80,вестибюль,
ploshchad_lenina,ploshchad_lenina_2,рабочий,16,1,0.242664,80,вестибюль,
ploshchad_lenina,ploshchad_lenina_2,рабочий,16,2,0.247238,80,вестибюль,
ploshchad_lenina,ploshchad_lenina_2,рабочий,16,3,0.293779,80,вестибюль,
ploshchad_lenina,ploshchad_lenina_2,рабочий,17,0,0.273509,80,вестибюль,
ploshchad_lenina,ploshchad_lenina_2,рабочий,17,1,0.256667,80,вестибюль,
ploshchad_lenina,ploshchad_lenina_2,рабочий,17,2,0.239139,80,вестибюль,
ploshchad_lenina,ploshchad_lenina_2,рабочий,17,3,0.230685,80,вестибюль,
ploshchad_lenina,ploshchad_lenina_2,рабочий,18,0,0.330136,80,вестибюль,
ploshchad_lenina,ploshchad_lenina_2,рабочий,18,1,0.322714,80,вестибюль,
ploshchad_lenina,ploshchad_lenina_2,рабочий,18,2,0.198754,80,вестибюль,
ploshchad_lenina,ploshchad_lenina_2,рабочий,18,3,0.148397,80,вестибюль,
ploshchad_lenina,ploshchad_lenina_2,рабочий,19,0,0.308582,80,вестибюль,
ploshchad_lenina,ploshchad_lenina_2,рабочий,19,1,0.277892,80,вестибюль,
ploshchad_lenina,ploshchad_lenina_2,рабочий,19,2,0.222891,80,вестибюль,
ploshchad_lenina,ploshchad_lenina_2,рабочий,19,3,0.190635,80,вестибюль,
ploshchad_lenina,ploshchad_lenina_2,рабочий,20,0,0.320351,80,вестибюль,
ploshchad_lenina,ploshchad_lenina_2,рабочий,20,1,0.253047,80,вестибюль,
ploshchad_lenina,ploshchad_lenina_2,рабочий,20,2,0.204664,80,вестибюль,
ploshchad_lenina,ploshchad_lenina_2,рабочий,20,3,0.221937,80,вестибюль,
ploshchad_lenina,ploshchad_lenina_2,рабочий,21,0,0.284852,80,вестибюль,
ploshchad_lenina,ploshchad_lenina_2,рабочий,21,1,0.253028,80,вестибюль,
ploshchad_lenina,ploshchad_lenina_2,рабочий,21,2,0.233524,80,вестибюль,
ploshchad_lenina,ploshchad_lenina_2,рабочий,21,3,0.228596,80,вестибюль,
ploshchad_lenina,ploshchad_lenina_2,рабочий,22,0,0.975075,80,вестибюль,
ploshchad_lenina,ploshchad_lenina_2,рабочий,22,1,0.024925,80,вестибюль,
ploshchad_lenina,ploshchad_lenina_2,рабочий,22,2,0.0,80,вестибюль,
ploshchad_lenina,ploshchad_lenina_2,рабочий,22,3,0.0,80,вестибюль,
ploshchad_lenina,ploshchad_lenina_2,суббота,5,0,0.224138,16,вестибюль,
ploshchad_lenina,ploshchad_lenina_2,суббота,5,1,0.05665,16,вестибюль,
ploshchad_lenina,ploshchad_lenina_2,суббота,5,2,0.445813,16,вестибюль,
ploshchad_lenina,ploshchad_lenina_2,суббота,5,3,0.273399,16,вестибюль,
ploshchad_lenina,ploshchad_lenina_2,суббота,6,0,0.164797,16,вестибюль,
ploshchad_lenina,ploshchad_lenina_2,суббота,6,1,0.249353,16,вестибюль,
ploshchad_lenina,ploshchad_lenina_2,суббота,6,2,0.245902,16,вестибюль,
ploshchad_lenina,ploshchad_lenina_2,суббота,6,3,0.339948,16,вестибюль,
ploshchad_lenina,ploshchad_lenina_2,суббота,7,0,0.224018,16,вестибюль,
ploshchad_lenina,ploshchad_lenina_2,суббота,7,1,0.213395,16,вестибюль,
ploshchad_lenina,ploshchad_lenina_2,суббота,7,2,0.227714,16,вестибюль,
ploshchad_lenina,ploshchad_lenina_2,суббота,7,3,0.334873,16,вестибюль,
ploshchad_lenina,ploshchad_lenina_2,суббота,8,0,0.282498,16,вестибюль,
ploshchad_lenina,ploshchad_lenina_2,суббота,8,1,0.239614,16,вестибюль,
ploshchad_lenina,ploshchad_lenina_2,суббота,8,2,0.246315,16,вестибюль,
ploshchad_lenina,ploshchad_lenina_2,суббота,8,3,0.231573,16,вестибюль,
ploshchad_lenina,ploshchad_lenina_2,суббота,9,0,0.244676,16,вестибюль,
ploshchad_lenina,ploshchad_lenina_2,суббота,9,1,0.278603,16,вестибюль,
ploshchad_lenina,ploshchad_lenina_2,суббота,9,2,0.257801,16,вестибюль,
ploshchad_lenina,ploshchad_lenina_2,суббота,9,3,0.21892,16,вестибюль,
ploshchad_lenina,ploshchad_lenina_2,суббота,10,0,0.227356,16,вестибюль,
ploshchad_lenina,ploshchad_lenina_2,суббота,10,1,0.246437,16,вестибюль,
ploshchad_lenina,ploshchad_lenina_2,суббота,10,2,0.245517,16,вестибюль,
ploshchad_lenina,ploshchad_lenina_2,суббота,10,3,0.28069,16,вестибюль,
ploshchad_lenina,ploshchad_lenina_2,суббота,11,0,0.227085,16,вестибюль,
ploshchad_lenina,ploshchad_lenina_2,суббота,11,1,0.25289,16,вестибюль,
ploshchad_lenina,ploshchad_lenina_2,суббота,11,2,0.244426,16,вестибюль,
ploshchad_lenina,ploshchad_lenina_2,суббота,11,3,0.275599,16,вестибюль,
ploshchad_lenina,ploshchad_lenina_2,суббота,12,0,0.18827,16,вестибюль,
ploshchad_lenina,ploshchad_lenina_2,суббота,12,1,0.216287,16,вестибюль,
ploshchad_lenina,ploshchad_lenina_2,суббота,12,2,0.281534,16,вестибюль,
ploshchad_lenina,ploshchad_lenina_2,суббота,12,3,0.313909,16,вестибюль,
ploshchad_lenina,ploshchad_lenina_2,суббота,13,0,0.273401,16,вестибюль,
ploshchad_lenina,ploshchad_lenina_2,суббота,13,1,0.256545,16,вестибюль,
ploshchad_lenina,ploshchad_lenina_2,суббота,13,2,0.247606,16,вестибюль,
ploshchad_lenina,ploshchad_lenina_2,суббота,13,3,0.222449,16,вестибюль,
ploshchad_lenina,ploshchad_lenina_2,суббота,14,0,0.242411,16,вестибюль,
ploshchad_lenina,ploshchad_lenina_2,суббота,14,1,0.24791,16,вестибюль,
ploshchad_lenina,ploshchad_lenina_2,суббота,14,2,0.234162,16,вестибюль,
ploshchad_lenina,ploshchad_lenina_2,суббота,14,3,0.275517,16,вестибюль,
ploshchad_lenina,ploshchad_lenina_2,суббота,15,0,0.269613,16,вестибюль,
ploshchad_lenina,ploshchad_lenina_2,суббота,15,1,0.230387,16,вестибюль,
ploshchad_lenina,ploshchad_lenina_2,суббота,15,2,0.2677,16,вестибюль,
ploshchad_lenina,ploshchad_lenina_2,суббота,15,3,0.2323,16,вестибюль,
ploshchad_lenina,ploshchad_lenina_2,суббота,16,0,0.243964,16,вестибюль,
ploshchad_lenina,ploshchad_lenina_2,суббота,16,1,0.261465,16,вестибюль,
ploshchad_lenina,ploshchad_lenina_2,суббота,16,2,0.238271,16,вестибюль,
ploshchad_lenina,ploshchad_lenina_2,суббота,16,3,0.256299,16,вестибюль,
ploshchad_lenina,ploshchad_lenina_2,суббота,17,0,0.29671,16,вестибюль,
ploshchad_lenina,ploshchad_lenina_2,суббота,17,1,0.26329,16,вестибюль,
ploshchad_lenina,ploshchad_lenina_2,суббота,17,2,0.226319,16,вестибюль,
ploshchad_lenina,ploshchad_lenina_2,суббота,17,3,0.213681,16,вестибюль,
ploshchad_lenina,ploshchad_lenina_2,суббота,18,0,0.276501,16,вестибюль,
ploshchad_lenina,ploshchad_lenina_2,суббота,18,1,0.266955,16,вестибюль,
ploshchad_lenina,ploshchad_lenina_2,суббота,18,2,0.251082,16,вестибюль,
ploshchad_lenina,ploshchad_lenina_2,суббота,18,3,0.205461,16,вестибюль,
ploshchad_lenina,ploshchad_lenina_2,суббота,19,0,0.266332,16,вестибюль,
ploshchad_lenina,ploshchad_lenina_2,суббота,19,1,0.258369,16,вестибюль,
ploshchad_lenina,ploshchad_lenina_2,суббота,19,2,0.247456,16,вестибюль,
ploshchad_lenina,ploshchad_lenina_2,суббота,19,3,0.227843,16,вестибюль,
ploshchad_lenina,ploshchad_lenina_2,суббота,20,0,0.31503,16,вестибюль,
ploshchad_lenina,ploshchad_lenina_2,суббота,20,1,0.249834,16,вестибюль,
ploshchad_lenina,ploshchad_lenina_2,суббота,20,2,0.207863,16,вестибюль,
ploshchad_lenina,ploshchad_lenina_2,суббота,20,3,0.227273,16,вестибюль,
ploshchad_lenina,ploshchad_lenina_2,суббота,21,0,0.235389,16,вестибюль,
ploshchad_lenina,ploshchad_lenina_2,суббота,21,1,0.267041,16,вестибюль,
ploshchad_lenina,ploshchad_lenina_2,суббота,21,2,0.294372,16,вестибюль,
ploshchad_lenina,ploshchad_lenina_2,суббота,21,3,0.203198,16,вестибюль,
ploshchad_lenina,ploshchad_lenina_2,суббота,22,0,0.449087,16,станция,
ploshchad_lenina,ploshchad_lenina_2,суббота,22,1,0.210133,16,станция,
ploshchad_lenina,ploshchad_lenina_2,суббота,22,2,0.204968,16,станция,
ploshchad_lenina,ploshchad_lenina_2,суббота,22,3,0.135812,16,станция,
ploshchad_lenina,ploshchad_lenina_2,воскресенье,5,0,0.142636,17,вестибюль,
ploshchad_lenina,ploshchad_lenina_2,воскресенье,5,1,0.044961,17,вестибюль,
ploshchad_lenina,ploshchad_lenina_2,воскресенье,5,2,0.482171,17,вестибюль,
ploshchad_lenina,ploshchad_lenina_2,воскресенье,5,3,0.330233,17,вестибюль,
ploshchad_lenina,ploshchad_lenina_2,воскресенье,6,0,0.214224,17,вестибюль,
ploshchad_lenina,ploshchad_lenina_2,воскресенье,6,1,0.232437,17,вестибюль,
ploshchad_lenina,ploshchad_lenina_2,воскресенье,6,2,0.228968,17,вестибюль,
ploshchad_lenina,ploshchad_lenina_2,воскресенье,6,3,0.324371,17,вестибюль,
ploshchad_lenina,ploshchad_lenina_2,воскресенье,7,0,0.255402,17,вестибюль,
ploshchad_lenina,ploshchad_lenina_2,воскресенье,7,1,0.237119,17,вестибюль,
ploshchad_lenina,ploshchad_lenina_2,воскресенье,7,2,0.228809,17,вестибюль,
ploshchad_lenina,ploshchad_lenina_2,воскресенье,7,3,0.27867,17,вестибюль,
ploshchad_lenina,ploshchad_lenina_2,воскресенье,8,0,0.258819,17,вестибюль,
ploshchad_lenina,ploshchad_lenina_2,воскресенье,8,1,0.264571,17,вестибюль,
ploshchad_lenina,ploshchad_lenina_2,воскресенье,8,2,0.228144,17,вестибюль,
ploshchad_lenina,ploshchad_lenina_2,воскресенье,8,3,0.248466,17,вестибюль,
ploshchad_lenina,ploshchad_lenina_2,воскресенье,9,0,0.22695,17,вестибюль,
ploshchad_lenina,ploshchad_lenina_2,воскресенье,9,1,0.274326,17,вестибюль,
ploshchad_lenina,ploshchad_lenina_2,воскресенье,9,2,0.291631,17,вестибюль,
ploshchad_lenina,ploshchad_lenina_2,воскресенье,9,3,0.207092,17,вестибюль,
ploshchad_lenina,ploshchad_lenina_2,воскресенье,10,0,0.212355,17,вестибюль,
ploshchad_lenina,ploshchad_lenina_2,воскресенье,10,1,0.284579,17,вестибюль,
ploshchad_lenina,ploshchad_lenina_2,воскресенье,10,2,0.264365,17,вестибюль,
ploshchad_lenina,ploshchad_lenina_2,воскресенье,10,3,0.238701,17,вестибюль,
ploshchad_lenina,ploshchad_lenina_2,воскресенье,11,0,0.246175,17,вестибюль,
ploshchad_lenina,ploshchad_lenina_2,воскресенье,11,1,0.258924,17,вестибюль,
ploshchad_lenina,ploshchad_lenina_2,воскресенье,11,2,0.245943,17,вестибюль,
ploshchad_lenina,ploshchad_lenina_2,воскресенье,11,3,0.248957,17,вестибюль,
ploshchad_lenina,ploshchad_lenina_2,воскресенье,12,0,0.258445,17,вестибюль,
ploshchad_lenina,ploshchad_lenina_2,воскресенье,12,1,0.25065,17,вестибюль,
ploshchad_lenina,ploshchad_lenina_2,воскресенье,12,2,0.252848,17,вестибюль,
ploshchad_lenina,ploshchad_lenina_2,воскресенье,12,3,0.238057,17,вестибюль,
ploshchad_lenina,ploshchad_lenina_2,воскресенье,13,0,0.231859,17,вестибюль,
ploshchad_lenina,ploshchad_lenina_2,воскресенье,13,1,0.264216,17,вестибюль,
ploshchad_lenina,ploshchad_lenina_2,воскресенье,13,2,0.251962,17,вестибюль,
ploshchad_lenina,ploshchad_lenina_2,воскресенье,13,3,0.251962,17,вестибюль,
ploshchad_lenina,ploshchad_lenina_2,воскресенье,14,0,0.24766,17,вестибюль,
ploshchad_lenina,ploshchad_lenina_2,воскресенье,14,1,0.284163,17,вестибюль,
ploshchad_lenina,ploshchad_lenina_2,воскресенье,14,2,0.241108,17,вестибюль,
ploshchad_lenina,ploshchad_lenina_2,воскресенье,14,3,0.227069,17,вестибюль,
ploshchad_lenina,ploshchad_lenina_2,воскресенье,15,0,0.250378,17,вестибюль,
ploshchad_lenina,ploshchad_lenina_2,воскресенье,15,1,0.248865,17,вестибюль,
ploshchad_lenina,ploshchad_lenina_2,воскресенье,15,2,0.243381,17,вестибюль,
ploshchad_lenina,ploshchad_lenina_2,воскресенье,15,3,0.257375,17,вестибюль,
ploshchad_lenina,ploshchad_lenina_2,воскресенье,16,0,0.22437,17,вестибюль,
ploshchad_lenina,ploshchad_lenina_2,воскресенье,16,1,0.239624,17,вестибюль,
ploshchad_lenina,ploshchad_lenina_2,воскресенье,16,2,0.267293,17,вестибюль,
ploshchad_lenina,ploshchad_lenina_2,воскресенье,16,3,0.268712,17,вестибюль,
ploshchad_lenina,ploshchad_lenina_2,воскресенье,17,0,0.238429,17,вестибюль,
ploshchad_lenina,ploshchad_lenina_2,воскресенье,17,1,0.263826,17,вестибюль,
ploshchad_lenina,ploshchad_lenina_2,воскресенье,17,2,0.236257,17,вестибюль,
ploshchad_lenina,ploshchad_lenina_2,воскресенье,17,3,0.261487,17,вестибюль,
ploshchad_lenina,ploshchad_lenina_2,воскресенье,18,0,0.263449,17,вестибюль,
ploshchad_lenina,ploshchad_lenina_2,воскресенье,18,1,0.25561,17,вестибюль,
ploshchad_lenina,ploshchad_lenina_2,воскресенье,18,2,0.254688,17,вестибюль,
ploshchad_lenina,ploshchad_lenina_2,воскресенье,18,3,0.226253,17,вестибюль,
ploshchad_lenina,ploshchad_lenina_2,воскресенье,19,0,0.241197,17,вестибюль,
ploshchad_lenina,ploshchad_lenina_2,воскресенье,19,1,0.260539,17,вестибюль,
ploshchad_lenina,ploshchad_lenina_2,воскресенье,19,2,0.244338,17,вестибюль,
ploshchad_lenina,ploshchad_lenina_2,воскресенье,19,3,0.253926,17,вестибюль,
ploshchad_lenina,ploshchad_lenina_2,воскресенье,20,0,0.275176,17,вестибюль,
ploshchad_lenina,ploshchad_lenina_2,воскресенье,20,1,0.234299,17,вестибюль,
ploshchad_lenina,ploshchad_lenina_2,воскресенье,20,2,0.211746,17,вестибюль,
ploshchad_lenina,ploshchad_lenina_2,воскресенье,20,3,0.278778,17,вестибюль,
ploshchad_lenina,ploshchad_lenina_2,воскресенье,21,0,0.281504,17,вестибюль,
ploshchad_lenina,ploshchad_lenina_2,воскресенье,21,1,0.266768,17,вестибюль,
ploshchad_lenina,ploshchad_lenina_2,воскресенье,21,2,0.272612,17,вестибюль,
ploshchad_lenina,ploshchad_lenina_2,воскресенье,21,3,0.179116,17,вестибюль,
ploshchad_lenina,ploshchad_lenina_2,воскресенье,22,0,0.469958,17,станция,
ploshchad_lenina,ploshchad_lenina_2,воскресенье,22,1,0.202927,17,станция,
ploshchad_lenina,ploshchad_lenina_2,воскресенье,22,2,0.198305,17,станция,
ploshchad_lenina,ploshchad_lenina_2,воскресенье,22,3,0.12881,17,станция,
ploshchad_lenina,*,рабочий,5,0,0.042565,80,станция,
ploshchad_lenina,*,рабочий,5,1,0.013771,80,станция,
ploshchad_lenina,*,рабочий,5,2,0.483233,80,станция,
ploshchad_lenina,*,рабочий,5,3,0.460431,80,станция,
ploshchad_lenina,*,рабочий,6,0,0.155875,80,станция,
ploshchad_lenina,*,рабочий,6,1,0.24058,80,станция,
ploshchad_lenina,*,рабочий,6,2,0.24302,80,станция,
ploshchad_lenina,*,рабочий,6,3,0.360525,80,станция,
ploshchad_lenina,*,рабочий,7,0,0.21271,80,станция,
ploshchad_lenina,*,рабочий,7,1,0.239902,80,станция,
ploshchad_lenina,*,рабочий,7,2,0.224443,80,станция,
ploshchad_lenina,*,рабочий,7,3,0.322945,80,станция,
ploshchad_lenina,*,рабочий,8,0,0.263012,80,станция,
ploshchad_lenina,*,рабочий,8,1,0.315693,80,станция,
ploshchad_lenina,*,рабочий,8,2,0.259571,80,станция,
ploshchad_lenina,*,рабочий,8,3,0.161724,80,станция,
ploshchad_lenina,*,рабочий,9,0,0.267788,80,станция,
ploshchad_lenina,*,рабочий,9,1,0.310413,80,станция,
ploshchad_lenina,*,рабочий,9,2,0.24308,80,станция,
ploshchad_lenina,*,рабочий,9,3,0.178719,80,станция,
ploshchad_lenina,*,рабочий,10,0,0.202316,80,станция,
ploshchad_lenina,*,рабочий,10,1,0.266797,80,станция,
ploshchad_lenina,*,рабочий,10,2,0.248464,80,станция,
ploshchad_lenina,*,рабочий,10,3,0.282423,80,станция,
ploshchad_lenina,*,рабочий,11,0,0.213133,80,станция,
ploshchad_lenina,*,рабочий,11,1,0.236299,80,станция,
ploshchad_lenina,*,рабочий,11,2,0.272232,80,станция,
ploshchad_lenina,*,рабочий,11,3,0.278336,80,станция,
ploshchad_lenina,*,рабочий,12,0,0.254705,80,станция,
ploshchad_lenina,*,рабочий,12,1,0.316211,80,станция,
ploshchad_lenina,*,рабочий,12,2,0.214552,80,станция,
ploshchad_lenina,*,рабочий,12,3,0.214532,80,станция,
ploshchad_lenina,*,рабочий,13,0,0.272381,80,станция,
ploshchad_lenina,*,рабочий,13,1,0.236614,80,станция,
ploshchad_lenina,*,рабочий,13,2,0.254203,80,станция,
ploshchad_lenina,*,рабочий,13,3,0.236802,80,станция,
ploshchad_lenina,*,рабочий,14,0,0.18497,80,станция,
ploshchad_lenina,*,рабочий,14,1,0.307116,80,станция,
ploshchad_lenina,*,рабочий,14,2,0.235762,80,станция,
ploshchad_lenina,*,рабочий,14,3,0.272152,80,станция,
ploshchad_lenina,*,рабочий,15,0,0.237101,80,станция,
ploshchad_lenina,*,рабочий,15,1,0.213323,80,станция,
ploshchad_lenina,*,рабочий,15,2,0.264212,80,станция,
ploshchad_lenina,*,рабочий,15,3,0.285364,80,станция,
ploshchad_lenina,*,рабочий,16,0,0.218196,80,станция,
ploshchad_lenina,*,рабочий,16,1,0.256208,80,станция,
ploshchad_lenina,*,рабочий,16,2,0.244254,80,станция,
ploshchad_lenina,*,рабочий,16,3,0.281342,80,станция,
ploshchad_lenina,*,рабочий,17,0,0.243174,80,станция,
ploshchad_lenina,*,рабочий,17,1,0.261333,80,станция,
ploshchad_lenina,*,рабочий,17,2,0.258601,80,станция,
ploshchad_lenina,*,рабочий,17,3,0.236891,80,станция,
ploshchad_lenina,*,рабочий,18,0,0.307485,80,станция,
ploshchad_lenina,*,рабочий,18,1,0.326023,80,станция,
ploshchad_lenina,*,рабочий,18,2,0.226466,80,станция,
ploshchad_lenina,*,рабочий,18,3,0.140026,80,станция,
ploshchad_lenina,*,рабочий,19,0,0.280583,80,станция,
ploshchad_lenina,*,рабочий,19,1,0.241308,80,станция,
ploshchad_lenina,*,рабочий,19,2,0.278081,80,станция,
ploshchad_lenina,*,рабочий,19,3,0.200027,80,станция,
ploshchad_lenina,*,рабочий,20,0,0.355046,80,станция,
ploshchad_lenina,*,рабочий,20,1,0.239109,80,станция,
ploshchad_lenina,*,рабочий,20,2,0.226358,80,станция,
ploshchad_lenina,*,рабочий,20,3,0.179486,80,станция,
ploshchad_lenina,*,рабочий,21,0,0.300041,80,станция,
ploshchad_lenina,*,рабочий,21,1,0.240059,80,станция,
ploshchad_lenina,*,рабочий,21,2,0.215307,80,станция,
ploshchad_lenina,*,рабочий,21,3,0.244593,80,станция,
ploshchad_lenina,*,рабочий,22,0,0.418754,80,станция,
ploshchad_lenina,*,рабочий,22,1,0.207602,80,станция,
ploshchad_lenina,*,рабочий,22,2,0.224315,80,станция,
ploshchad_lenina,*,рабочий,22,3,0.149329,80,станция,
ploshchad_lenina,*,рабочий,23,0,0.236884,80,станция,
ploshchad_lenina,*,рабочий,23,1,0.246216,80,станция,
ploshchad_lenina,*,рабочий,23,2,0.362446,80,станция,
ploshchad_lenina,*,рабочий,23,3,0.154454,80,станция,
ploshchad_lenina,*,рабочий,0,0,0.641926,80,станция,
ploshchad_lenina,*,рабочий,0,1,0.335366,80,станция,
ploshchad_lenina,*,рабочий,0,2,0.019554,80,станция,
ploshchad_lenina,*,рабочий,0,3,0.003154,80,станция,
ploshchad_lenina,*,суббота,5,0,0.064679,16,станция,
ploshchad_lenina,*,суббота,5,1,0.061647,16,станция,
ploshchad_lenina,*,суббота,5,2,0.387064,16,станция,
ploshchad_lenina,*,суббота,5,3,0.486609,16,станция,
ploshchad_lenina,*,суббота,6,0,0.163496,16,станция,
ploshchad_lenina,*,суббота,6,1,0.212159,16,станция,
ploshchad_lenina,*,суббота,6,2,0.268266,16,станция,
ploshchad_lenina,*,суббота,6,3,0.356079,16,станция,
ploshchad_lenina,*,суббота,7,0,0.2345,16,станция,
ploshchad_lenina,*,суббота,7,1,0.255614,16,станция,
ploshchad_lenina,*,суббота,7,2,0.209058,16,станция,
ploshchad_lenina,*,суббота,7,3,0.300828,16,станция,
ploshchad_lenina,*,суббота,8,0,0.282925,16,станция,
ploshchad_lenina,*,суббота,8,1,0.328627,16,станция,
ploshchad_lenina,*,суббота,8,2,0.207073,16,станция,
ploshchad_lenina,*,суббота,8,3,0.181374,16,станция,
ploshchad_lenina,*,суббота,9,0,0.216804,16,станция,
ploshchad_lenina,*,суббота,9,1,0.348921,16,станция,
ploshchad_lenina,*,суббота,9,2,0.262037,16,станция,
ploshchad_lenina,*,суббота,9,3,0.172239,16,станция,
ploshchad_lenina,*,суббота,10,0,0.183297,16,станция,
ploshchad_lenina,*,суббота,10,1,0.236224,16,станция,
ploshchad_lenina,*,суббота,10,2,0.249533,16,станция,
ploshchad_lenina,*,суббота,10,3,0.330946,16,станция,
ploshchad_lenina,*,суббота,11,0,0.192117,16,станция,
ploshchad_lenina,*,суббота,11,1,0.250722,16,станция,
ploshchad_lenina,*,суббота,11,2,0.274472,16,станция,
ploshchad_lenina,*,суббота,11,3,0.282689,16,станция,
ploshchad_lenina,*,суббота,12,0,0.262428,16,станция,
ploshchad_lenina,*,суббота,12,1,0.290675,16,станция,
ploshchad_lenina,*,суббота,12,2,0.199516,16,станция,
ploshchad_lenina,*,суббота,12,3,0.247381,16,станция,
ploshchad_lenina,*,суббота,13,0,0.293738,16,станция,
ploshchad_lenina,*,суббота,13,1,0.221146,16,станция,
ploshchad_lenina,*,суббота,13,2,0.241476,16,станция,
ploshchad_lenina,*,суббота,13,3,0.24364,16,станция,
ploshchad_lenina,*,суббота,14,0,0.166456,16,станция,
ploshchad_lenina,*,суббота,14,1,0.267355,16,станция,
ploshchad_lenina,*,суббота,14,2,0.224035,16,станция,
ploshchad_lenina,*,суббота,14,3,0.342153,16,станция,
ploshchad_lenina,*,суббота,15,0,0.243254,16,станция,
ploshchad_lenina,*,суббота,15,1,0.233256,16,станция,
ploshchad_lenina,*,суббота,15,2,0.297746,16,станция,
ploshchad_lenina,*,суббота,15,3,0.225743,16,станция,
ploshchad_lenina,*,суббота,16,0,0.184409,16,станция,
ploshchad_lenina,*,суббота,16,1,0.239719,16,станция,
ploshchad_lenina,*,суббота,16,2,0.261168,16,станция,
ploshchad_lenina,*,суббота,16,3,0.314705,16,станция,
ploshchad_lenina,*,суббота,17,0,0.209135,16,станция,
ploshchad_lenina,*,суббота,17,1,0.256464,16,станция,
ploshchad_lenina,*,суббота,17,2,0.28758,16,станция,
ploshchad_lenina,*,суббота,17,3,0.246822,16,станция,
ploshchad_lenina,*,суббота,18,0,0.197222,16,станция,
ploshchad_lenina,*,суббота,18,1,0.357443,16,станция,
ploshchad_lenina,*,суббота,18,2,0.28752,16,станция,
ploshchad_lenina,*,суббота,18,3,0.157815,16,станция,
ploshchad_lenina,*,суббота,19,0,0.228415,16,станция,
ploshchad_lenina,*,суббота,19,1,0.235275,16,станция,
ploshchad_lenina,*,суббота,19,2,0.29269,16,станция,
ploshchad_lenina,*,суббота,19,3,0.243621,16,станция,
ploshchad_lenina,*,суббота,20,0,0.323271,16,станция,
ploshchad_lenina,*,суббота,20,1,0.224439,16,станция,
ploshchad_lenina,*,суббота,20,2,0.257779,16,станция,
ploshchad_lenina,*,суббота,20,3,0.19451,16,станция,
ploshchad_lenina,*,суббота,21,0,0.273559,16,станция,
ploshchad_lenina,*,суббота,21,1,0.253298,16,станция,
ploshchad_lenina,*,суббота,21,2,0.21429,16,станция,
ploshchad_lenina,*,суббота,21,3,0.258853,16,станция,
ploshchad_lenina,*,суббота,22,0,0.449087,16,станция,
ploshchad_lenina,*,суббота,22,1,0.210133,16,станция,
ploshchad_lenina,*,суббота,22,2,0.204968,16,станция,
ploshchad_lenina,*,суббота,22,3,0.135812,16,станция,
ploshchad_lenina,*,суббота,23,0,0.194549,16,станция,
ploshchad_lenina,*,суббота,23,1,0.192468,16,станция,
ploshchad_lenina,*,суббота,23,2,0.42071,16,станция,
ploshchad_lenina,*,суббота,23,3,0.192273,16,станция,
ploshchad_lenina,*,суббота,0,0,0.708215,16,станция,
ploshchad_lenina,*,суббота,0,1,0.278329,16,станция,
ploshchad_lenina,*,суббота,0,2,0.013456,16,станция,
ploshchad_lenina,*,суббота,0,3,0.0,16,станция,
ploshchad_lenina,*,воскресенье,5,0,0.028786,17,станция,
ploshchad_lenina,*,воскресенье,5,1,0.008996,17,станция,
ploshchad_lenina,*,воскресенье,5,2,0.463268,17,станция,
ploshchad_lenina,*,воскресенье,5,3,0.498951,17,станция,
ploshchad_lenina,*,воскресенье,6,0,0.188884,17,станция,
ploshchad_lenina,*,воскресенье,6,1,0.227671,17,станция,
ploshchad_lenina,*,воскресенье,6,2,0.242532,17,станция,
ploshchad_lenina,*,воскресенье,6,3,0.340912,17,станция,
ploshchad_lenina,*,воскресенье,7,0,0.254131,17,станция,
ploshchad_lenina,*,воскресенье,7,1,0.27243,17,станция,
ploshchad_lenina,*,воскресенье,7,2,0.191579,17,станция,
ploshchad_lenina,*,воскресенье,7,3,0.28186,17,станция,
ploshchad_lenina,*,воскресенье,8,0,0.281443,17,станция,
ploshchad_lenina,*,воскресенье,8,1,0.319959,17,станция,
ploshchad_lenina,*,воскресенье,8,2,0.194895,17,станция,
ploshchad_lenina,*,воскресенье,8,3,0.203704,17,станция,
ploshchad_lenina,*,воскресенье,9,0,0.218752,17,станция,
ploshchad_lenina,*,воскресенье,9,1,0.323277,17,станция,
ploshchad_lenina,*,воскресенье,9,2,0.287389,17,станция,
ploshchad_lenina,*,воскресенье,9,3,0.170583,17,станция,
ploshchad_lenina,*,воскресенье,10,0,0.19197,17,станция,
ploshchad_lenina,*,воскресенье,10,1,0.236181,17,станция,
ploshchad_lenina,*,воскресенье,10,2,0.254454,17,станция,
ploshchad_lenina,*,воскресенье,10,3,0.317395,17,станция,
ploshchad_lenina,*,воскресенье,11,0,0.191884,17,станция,
ploshchad_lenina,*,воскресенье,11,1,0.250322,17,станция,
ploshchad_lenina,*,воскресенье,11,2,0.263667,17,станция,
ploshchad_lenina,*,воскресенье,11,3,0.294126,17,станция,
ploshchad_lenina,*,воскресенье,12,0,0.316129,17,станция,
ploshchad_lenina,*,воскресенье,12,1,0.320551,17,станция,
ploshchad_lenina,*,воскресенье,12,2,0.159913,17,станция,
ploshchad_lenina,*,воскресенье,12,3,0.203406,17,станция,
ploshchad_lenina,*,воскресенье,13,0,0.255666,17,станция,
ploshchad_lenina,*,воскресенье,13,1,0.213946,17,станция,
ploshchad_lenina,*,воскресенье,13,2,0.253011,17,станция,
ploshchad_lenina,*,воскресенье,13,3,0.277377,17,станция,
ploshchad_lenina,*,воскресенье,14,0,0.142575,17,станция,
ploshchad_lenina,*,воскресенье,14,1,0.297034,17,станция,
ploshchad_lenina,*,воскресенье,14,2,0.18526,17,станция,
ploshchad_lenina,*,воскресенье,14,3,0.37513,17,станция,
ploshchad_lenina,*,воскресенье,15,0,0.235453,17,станция,
ploshchad_lenina,*,воскресенье,15,1,0.219843,17,станция,
ploshchad_lenina,*,воскресенье,15,2,0.29876,17,станция,
ploshchad_lenina,*,воскресенье,15,3,0.245944,17,станция,
ploshchad_lenina,*,воскресенье,16,0,0.127803,17,станция,
ploshchad_lenina,*,воскресенье,16,1,0.239861,17,станция,
ploshchad_lenina,*,воскресенье,16,2,0.241237,17,станция,
ploshchad_lenina,*,воскресенье,16,3,0.391098,17,станция,
ploshchad_lenina,*,воскресенье,17,0,0.181976,17,станция,
ploshchad_lenina,*,воскресенье,17,1,0.244026,17,станция,
ploshchad_lenina,*,воскресенье,17,2,0.304742,17,станция,
ploshchad_lenina,*,воскресенье,17,3,0.269256,17,станция,
ploshchad_lenina,*,воскресенье,18,0,0.180805,17,станция,
ploshchad_lenina,*,воскресенье,18,1,0.357354,17,станция,
ploshchad_lenina,*,воскресенье,18,2,0.317444,17,станция,
ploshchad_lenina,*,воскресенье,18,3,0.144397,17,станция,
ploshchad_lenina,*,воскресенье,19,0,0.222867,17,станция,
ploshchad_lenina,*,воскресенье,19,1,0.22533,17,станция,
ploshchad_lenina,*,воскресенье,19,2,0.33165,17,станция,
ploshchad_lenina,*,воскресенье,19,3,0.220154,17,станция,
ploshchad_lenina,*,воскресенье,20,0,0.355724,17,станция,
ploshchad_lenina,*,воскресенье,20,1,0.196321,17,станция,
ploshchad_lenina,*,воскресенье,20,2,0.250171,17,станция,
ploshchad_lenina,*,воскресенье,20,3,0.197785,17,станция,
ploshchad_lenina,*,воскресенье,21,0,0.321546,17,станция,
ploshchad_lenina,*,воскресенье,21,1,0.229778,17,станция,
ploshchad_lenina,*,воскресенье,21,2,0.214864,17,станция,
ploshchad_lenina,*,воскресенье,21,3,0.233812,17,станция,
ploshchad_lenina,*,воскресенье,22,0,0.469958,17,станция,
ploshchad_lenina,*,воскресенье,22,1,0.202927,17,станция,
ploshchad_lenina,*,воскресенье,22,2,0.198305,17,станция,
ploshchad_lenina,*,воскресенье,22,3,0.12881,17,станция,
ploshchad_lenina,*,воскресенье,23,0,0.201609,17,станция,
ploshchad_lenina,*,воскресенье,23,1,0.197113,17,станция,
ploshchad_lenina,*,воскресенье,23,2,0.418757,17,станция,
ploshchad_lenina,*,воскресенье,23,3,0.182521,17,станция,
ploshchad_lenina,*,воскресенье,0,0,0.71298,17,станция,
ploshchad_lenina,*,воскресенье,0,1,0.275137,17,станция,
ploshchad_lenina,*,воскресенье,0,2,0.011883,17,станция,
ploshchad_lenina,*,воскресенье,0,3,0.0,17,станция,
chernyshevskaya,chernyshevskaya_1,рабочий,5,0,0.008677,80,вестибюль,
chernyshevskaya,chernyshevskaya_1,рабочий,5,1,0.013497,80,вестибюль,
chernyshevskaya,chernyshevskaya_1,рабочий,5,2,0.551458,80,вестибюль,
chernyshevskaya,chernyshevskaya_1,рабочий,5,3,0.426368,80,вестибюль,
chernyshevskaya,chernyshevskaya_1,рабочий,6,0,0.187813,80,вестибюль,
chernyshevskaya,chernyshevskaya_1,рабочий,6,1,0.268404,80,вестибюль,
chernyshevskaya,chernyshevskaya_1,рабочий,6,2,0.24551,80,вестибюль,
chernyshevskaya,chernyshevskaya_1,рабочий,6,3,0.298273,80,вестибюль,
chernyshevskaya,chernyshevskaya_1,рабочий,7,0,0.208701,80,вестибюль,
chernyshevskaya,chernyshevskaya_1,рабочий,7,1,0.236773,80,вестибюль,
chernyshevskaya,chernyshevskaya_1,рабочий,7,2,0.251552,80,вестибюль,
chernyshevskaya,chernyshevskaya_1,рабочий,7,3,0.302975,80,вестибюль,
chernyshevskaya,chernyshevskaya_1,рабочий,8,0,0.242217,80,вестибюль,
chernyshevskaya,chernyshevskaya_1,рабочий,8,1,0.295808,80,вестибюль,
chernyshevskaya,chernyshevskaya_1,рабочий,8,2,0.252444,80,вестибюль,
chernyshevskaya,chernyshevskaya_1,рабочий,8,3,0.20953,80,вестибюль,
chernyshevskaya,chernyshevskaya_1,рабочий,9,0,0.233381,80,вестибюль,
chernyshevskaya,chernyshevskaya_1,рабочий,9,1,0.274962,80,вестибюль,
chernyshevskaya,chernyshevskaya_1,рабочий,9,2,0.257941,80,вестибюль,
chernyshevskaya,chernyshevskaya_1,рабочий,9,3,0.233715,80,вестибюль,
chernyshevskaya,chernyshevskaya_1,рабочий,10,0,0.240377,80,вестибюль,
chernyshevskaya,chernyshevskaya_1,рабочий,10,1,0.259082,80,вестибюль,
chernyshevskaya,chernyshevskaya_1,рабочий,10,2,0.252086,80,вестибюль,
chernyshevskaya,chernyshevskaya_1,рабочий,10,3,0.248454,80,вестибюль,
chernyshevskaya,chernyshevskaya_1,рабочий,11,0,0.232264,80,вестибюль,
chernyshevskaya,chernyshevskaya_1,рабочий,11,1,0.248874,80,вестибюль,
chernyshevskaya,chernyshevskaya_1,рабочий,11,2,0.260873,80,вестибюль,
chernyshevskaya,chernyshevskaya_1,рабочий,11,3,0.257988,80,вестибюль,
chernyshevskaya,chernyshevskaya_1,рабочий,12,0,0.228903,80,вестибюль,
chernyshevskaya,chernyshevskaya_1,рабочий,12,1,0.253239,80,вестибюль,
chernyshevskaya,chernyshevskaya_1,рабочий,12,2,0.259625,80,вестибюль,
chernyshevskaya,chernyshevskaya_1,рабочий,12,3,0.258233,80,вестибюль,
chernyshevskaya,chernyshevskaya_1,рабочий,13,0,0.241022,80,вестибюль,
chernyshevskaya,chernyshevskaya_1,рабочий,13,1,0.268628,80,вестибюль,
chernyshevskaya,chernyshevskaya_1,рабочий,13,2,0.256256,80,вестибюль,
chernyshevskaya,chernyshevskaya_1,рабочий,13,3,0.234094,80,вестибюль,
chernyshevskaya,chernyshevskaya_1,рабочий,14,0,0.222569,80,вестибюль,
chernyshevskaya,chernyshevskaya_1,рабочий,14,1,0.257794,80,вестибюль,
chernyshevskaya,chernyshevskaya_1,рабочий,14,2,0.250642,80,вестибюль,
chernyshevskaya,chernyshevskaya_1,рабочий,14,3,0.268995,80,вестибюль,
chernyshevskaya,chernyshevskaya_1,рабочий,15,0,0.236992,80,вестибюль,
chernyshevskaya,chernyshevskaya_1,рабочий,15,1,0.266141,80,вестибюль,
chernyshevskaya,chernyshevskaya_1,рабочий,15,2,0.244547,80,вестибюль,
chernyshevskaya,chernyshevskaya_1,рабочий,15,3,0.25232,80,вестибюль,
chernyshevskaya,chernyshevskaya_1,рабочий,16,0,0.221804,80,вестибюль,
chernyshevskaya,chernyshevskaya_1,рабочий,16,1,0.249783,80,вестибюль,
chernyshevskaya,chernyshevskaya_1,рабочий,16,2,0.250133,80,вестибюль,
chernyshevskaya,chernyshevskaya_1,рабочий,16,3,0.27828,80,вестибюль,
chernyshevskaya,chernyshevskaya_1,рабочий,17,0,0.239293,80,вестибюль,
chernyshevskaya,chernyshevskaya_1,рабочий,17,1,0.260724,80,вестибюль,
chernyshevskaya,chernyshevskaya_1,рабочий,17,2,0.242407,80,вестибюль,
chernyshevskaya,chernyshevskaya_1,рабочий,17,3,0.257576,80,вестибюль,
chernyshevskaya,chernyshevskaya_1,рабочий,18,0,0.274306,80,вестибюль,
chernyshevskaya,chernyshevskaya_1,рабочий,18,1,0.29313,80,вестибюль,
chernyshevskaya,chernyshevskaya_1,рабочий,18,2,0.249852,80,вестибюль,
chernyshevskaya,chernyshevskaya_1,рабочий,18,3,0.182711,80,вестибюль,
chernyshevskaya,chernyshevskaya_1,рабочий,19,0,0.31079,80,вестибюль,
chernyshevskaya,chernyshevskaya_1,рабочий,19,1,0.278341,80,вестибюль,
chernyshevskaya,chernyshevskaya_1,рабочий,19,2,0.220944,80,вестибюль,
chernyshevskaya,chernyshevskaya_1,рабочий,19,3,0.189924,80,вестибюль,
chernyshevskaya,chernyshevskaya_1,рабочий,20,0,0.293667,80,вестибюль,
chernyshevskaya,chernyshevskaya_1,рабочий,20,1,0.274477,80,вестибюль,
chernyshevskaya,chernyshevskaya_1,рабочий,20,2,0.226292,80,вестибюль,
chernyshevskaya,chernyshevskaya_1,рабочий,20,3,0.205565,80,вестибюль,
chernyshevskaya,chernyshevskaya_1,рабочий,21,0,0.287012,80,вестибюль,
chernyshevskaya,chernyshevskaya_1,рабочий,21,1,0.278314,80,вестибюль,
chernyshevskaya,chernyshevskaya_1,рабочий,21,2,0.227463,80,вестибюль,
chernyshevskaya,chernyshevskaya_1,рабочий,21,3,0.207211,80,вестибюль,
chernyshevskaya,chernyshevskaya_1,рабочий,22,0,0.307111,80,вестибюль,
chernyshevskaya,chernyshevskaya_1,рабочий,22,1,0.283807,80,вестибюль,
chernyshevskaya,chernyshevskaya_1,рабочий,22,2,0.223264,80,вестибюль,
chernyshevskaya,chernyshevskaya_1,рабочий,22,3,0.185817,80,вестибюль,
chernyshevskaya,chernyshevskaya_1,рабочий,23,0,0.299126,80,вестибюль,
chernyshevskaya,chernyshevskaya_1,рабочий,23,1,0.277195,80,вестибюль,
chernyshevskaya,chernyshevskaya_1,рабочий,23,2,0.21563,80,вестибюль,
chernyshevskaya,chernyshevskaya_1,рабочий,23,3,0.208049,80,вестибюль,
chernyshevskaya,chernyshevskaya_1,рабочий,0,0,0.678049,79,вестибюль,
chernyshevskaya,chernyshevskaya_1,рабочий,0,1,0.305314,79,вестибюль,
chernyshevskaya,chernyshevskaya_1,рабочий,0,2,0.009408,79,вестибюль,
chernyshevskaya,chernyshevskaya_1,рабочий,0,3,0.00723,79,вестибюль,
chernyshevskaya,chernyshevskaya_1,суббота,5,0,0.022018,16,вестибюль,
chernyshevskaya,chernyshevskaya_1,суббота,5,1,0.0263,16,вестибюль,
chernyshevskaya,chernyshevskaya_1,суббота,5,2,0.512538,16,вестибюль,
chernyshevskaya,chernyshevskaya_1,суббота,5,3,0.439144,16,вестибюль,
chernyshevskaya,chernyshevskaya_1,суббота,6,0,0.23772,16,вестибюль,
chernyshevskaya,chernyshevskaya_1,суббота,6,1,0.267571,16,вестибюль,
chernyshevskaya,chernyshevskaya_1,суббота,6,2,0.226052,16,вестибюль,
chernyshevskaya,chernyshevskaya_1,суббота,6,3,0.268657,16,вестибюль,
chernyshevskaya,chernyshevskaya_1,суббота,7,0,0.231954,16,вестибюль,
chernyshevskaya,chernyshevskaya_1,суббота,7,1,0.250331,16,вестибюль,
chernyshevskaya,chernyshevskaya_1,суббота,7,2,0.22798,16,вестибюль,
chernyshevskaya,chernyshevskaya_1,суббота,7,3,0.289735,16,вестибюль,
chernyshevskaya,chernyshevskaya_1,суббота,8,0,0.244396,16,вестибюль,
chernyshevskaya,chernyshevskaya_1,суббота,8,1,0.273638,16,вестибюль,
chernyshevskaya,chernyshevskaya_1,суббота,8,2,0.241779,16,вестибюль,
chernyshevskaya,chernyshevskaya_1,суббота,8,3,0.240187,16,вестибюль,
chernyshevskaya,chernyshevskaya_1,суббота,9,0,0.234707,16,вестибюль,
chernyshevskaya,chernyshevskaya_1,суббота,9,1,0.276949,16,вестибюль,
chernyshevskaya,chernyshevskaya_1,суббота,9,2,0.250839,16,вестибюль,
chernyshevskaya,chernyshevskaya_1,суббота,9,3,0.237505,16,вестибюль,
chernyshevskaya,chernyshevskaya_1,суббота,10,0,0.224611,16,вестибюль,
chernyshevskaya,chernyshevskaya_1,суббота,10,1,0.267162,16,вестибюль,
chernyshevskaya,chernyshevskaya_1,суббота,10,2,0.253539,16,вестибюль,
chernyshevskaya,chernyshevskaya_1,суббота,10,3,0.254689,16,вестибюль,
chernyshevskaya,chernyshevskaya_1,суббота,11,0,0.222144,16,вестибюль,
chernyshevskaya,chernyshevskaya_1,суббота,11,1,0.258579,16,вестибюль,
chernyshevskaya,chernyshevskaya_1,суббота,11,2,0.25985,16,вестибюль,
chernyshevskaya,chernyshevskaya_1,суббота,11,3,0.259427,16,вестибюль,
chernyshevskaya,chernyshevskaya_1,суббота,12,0,0.221949,16,вестибюль,
chernyshevskaya,chernyshevskaya_1,суббота,12,1,0.24702,16,вестибюль,
chernyshevskaya,chernyshevskaya_1,суббота,12,2,0.274444,16,вестибюль,
chernyshevskaya,chernyshevskaya_1,суббота,12,3,0.256587,16,вестибюль,
chernyshevskaya,chernyshevskaya_1,суббота,13,0,0.238223,16,вестибюль,
chernyshevskaya,chernyshevskaya_1,суббота,13,1,0.263007,16,вестибюль,
chernyshevskaya,chernyshevskaya_1,суббота,13,2,0.260774,16,вестибюль,
chernyshevskaya,chernyshevskaya_1,суббота,13,3,0.237995,16,вестибюль,
chernyshevskaya,chernyshevskaya_1,суббота,14,0,0.233863,16,вестибюль,
chernyshevskaya,chernyshevskaya_1,суббота,14,1,0.263806,16,вестибюль,
chernyshevskaya,chernyshevskaya_1,суббота,14,2,0.25867,16,вестибюль,
chernyshevskaya,chernyshevskaya_1,суббота,14,3,0.243662,16,вестибюль,
chernyshevskaya,chernyshevskaya_1,суббота,15,0,0.240651,16,вестибюль,
chernyshevskaya,chernyshevskaya_1,суббота,15,1,0.267708,16,вестибюль,
chernyshevskaya,chernyshevskaya_1,суббота,15,2,0.244291,16,вестибюль,
chernyshevskaya,chernyshevskaya_1,суббота,15,3,0.247351,16,вестибюль,
chernyshevskaya,chernyshevskaya_1,суббота,16,0,0.242494,16,вестибюль,
chernyshevskaya,chernyshevskaya_1,суббота,16,1,0.268137,16,вестибюль,
chernyshevskaya,chernyshevskaya_1,суббота,16,2,0.249857,16,вестибюль,
chernyshevskaya,chernyshevskaya_1,суббота,16,3,0.239511,16,вестибюль,
chernyshevskaya,chernyshevskaya_1,суббота,17,0,0.230973,16,вестибюль,
chernyshevskaya,chernyshevskaya_1,суббота,17,1,0.252818,16,вестибюль,
chernyshevskaya,chernyshevskaya_1,суббота,17,2,0.246177,16,вестибюль,
chernyshevskaya,chernyshevskaya_1,суббота,17,3,0.270032,16,вестибюль,
chernyshevskaya,chernyshevskaya_1,суббота,18,0,0.256832,16,вестибюль,
chernyshevskaya,chernyshevskaya_1,суббота,18,1,0.262561,16,вестибюль,
chernyshevskaya,chernyshevskaya_1,суббота,18,2,0.244486,16,вестибюль,
chernyshevskaya,chernyshevskaya_1,суббота,18,3,0.236122,16,вестибюль,
chernyshevskaya,chernyshevskaya_1,суббота,19,0,0.267025,16,вестибюль,
chernyshevskaya,chernyshevskaya_1,суббота,19,1,0.256776,16,вестибюль,
chernyshevskaya,chernyshevskaya_1,суббота,19,2,0.252364,16,вестибюль,
chernyshevskaya,chernyshevskaya_1,суббота,19,3,0.223836,16,вестибюль,
chernyshevskaya,chernyshevskaya_1,суббота,20,0,0.277042,16,вестибюль,
chernyshevskaya,chernyshevskaya_1,суббота,20,1,0.263686,16,вестибюль,
chernyshevskaya,chernyshevskaya_1,суббота,20,2,0.238346,16,вестибюль,
chernyshevskaya,chernyshevskaya_1,суббота,20,3,0.220926,16,вестибюль,
chernyshevskaya,chernyshevskaya_1,суббота,21,0,0.294595,16,вестибюль,
chernyshevskaya,chernyshevskaya_1,суббота,21,1,0.263841,16,вестибюль,
chernyshevskaya,chernyshevskaya_1,суббота,21,2,0.230327,16,вестибюль,
chernyshevskaya,chernyshevskaya_1,суббота,21,3,0.211237,16,вестибюль,
chernyshevskaya,chernyshevskaya_1,суббота,22,0,0.283408,16,вестибюль,
chernyshevskaya,chernyshevskaya_1,суббота,22,1,0.268518,16,вестибюль,
chernyshevskaya,chernyshevskaya_1,суббота,22,2,0.235894,16,вестибюль,
chernyshevskaya,chernyshevskaya_1,суббота,22,3,0.21218,16,вестибюль,
chernyshevskaya,chernyshevskaya_1,суббота,23,0,0.271556,16,вестибюль,
chernyshevskaya,chernyshevskaya_1,суббота,23,1,0.25964,16,вестибюль,
chernyshevskaya,chernyshevskaya_1,суббота,23,2,0.23586,16,вестибюль,
chernyshevskaya,chernyshevskaya_1,суббота,23,3,0.232945,16,вестибюль,
chernyshevskaya,chernyshevskaya_1,суббота,0,0,0.702484,16,вестибюль,
chernyshevskaya,chernyshevskaya_1,суббота,0,1,0.293051,16,вестибюль,
chernyshevskaya,chernyshevskaya_1,суббота,0,2,0.00307,16,вестибюль,
chernyshevskaya,chernyshevskaya_1,суббота,0,3,0.001395,16,вестибюль,
chernyshevskaya,chernyshevskaya_1,воскресенье,5,0,0.007817,17,вестибюль,
chernyshevskaya,chernyshevskaya_1,воскресенье,5,1,0.011985,17,вестибюль,
chernyshevskaya,chernyshevskaya_1,воскресенье,5,2,0.57061,17,вестибюль,
chernyshevskaya,chernyshevskaya_1,воскресенье,5,3,0.409588,17,вестибюль,
chernyshevskaya,chernyshevskaya_1,воскресенье,6,0,0.264185,17,вестибюль,
chernyshevskaya,chernyshevskaya_1,воскресенье,6,1,0.262984,17,вестибюль,
chernyshevskaya,chernyshevskaya_1,воскресенье,6,2,0.225758,17,вестибюль,
chernyshevskaya,chernyshevskaya_1,воскресенье,6,3,0.247073,17,вестибюль,
chernyshevskaya,chernyshevskaya_1,воскресенье,7,0,0.210537,17,вестибюль,
chernyshevskaya,chernyshevskaya_1,воскресенье,7,1,0.251538,17,вестибюль,
chernyshevskaya,chernyshevskaya_1,воскресенье,7,2,0.241902,17,вестибюль,
chernyshevskaya,chernyshevskaya_1,воскресенье,7,3,0.296023,17,вестибюль,
chernyshevskaya,chernyshevskaya_1,воскресенье,8,0,0.230575,17,вестибюль,
chernyshevskaya,chernyshevskaya_1,воскресенье,8,1,0.260725,17,вестибюль,
chernyshevskaya,chernyshevskaya_1,воскресенье,8,2,0.249037,17,вестибюль,
chernyshevskaya,chernyshevskaya_1,воскресенье,8,3,0.259663,17,вестибюль,
chernyshevskaya,chernyshevskaya_1,воскресенье,9,0,0.239435,17,вестибюль,
chernyshevskaya,chernyshevskaya_1,воскресенье,9,1,0.265416,17,вестибюль,
chernyshevskaya,chernyshevskaya_1,воскресенье,9,2,0.257762,17,вестибюль,
chernyshevskaya,chernyshevskaya_1,воскресенье,9,3,0.237387,17,вестибюль,
chernyshevskaya,chernyshevskaya_1,воскресенье,10,0,0.236382,17,вестибюль,
chernyshevskaya,chernyshevskaya_1,воскресенье,10,1,0.242017,17,вестибюль,
chernyshevskaya,chernyshevskaya_1,воскресенье,10,2,0.267029,17,вестибюль,
chernyshevskaya,chernyshevskaya_1,воскресенье,10,3,0.254572,17,вестибюль,
chernyshevskaya,chernyshevskaya_1,воскресенье,11,0,0.23379,17,вестибюль,
chernyshevskaya,chernyshevskaya_1,воскресенье,11,1,0.248955,17,вестибюль,
chernyshevskaya,chernyshevskaya_1,воскресенье,11,2,0.262726,17,вестибюль,
chernyshevskaya,chernyshevskaya_1,воскресенье,11,3,0.254529,17,вестибюль,
chernyshevskaya,chernyshevskaya_1,воскресенье,12,0,0.219846,17,вестибюль,
chernyshevskaya,chernyshevskaya_1,воскресенье,12,1,0.251874,17,вестибюль,
chernyshevskaya,chernyshevskaya_1,воскресенье,12,2,0.253749,17,вестибюль,
chernyshevskaya,chernyshevskaya_1,воскресенье,12,3,0.274531,17,вестибюль,
chernyshevskaya,chernyshevskaya_1,воскресенье,13,0,0.234607,17,вестибюль,
chernyshevskaya,chernyshevskaya_1,воскресенье,13,1,0.280291,17,вестибюль,
chernyshevskaya,chernyshevskaya_1,воскресенье,13,2,0.262825,17,вестибюль,
chernyshevskaya,chernyshevskaya_1,воскресенье,13,3,0.222276,17,вестибюль,
chernyshevskaya,chernyshevskaya_1,воскресенье,14,0,0.254322,17,вестибюль,
chernyshevskaya,chernyshevskaya_1,воскресенье,14,1,0.259069,17,вестибюль,
chernyshevskaya,chernyshevskaya_1,воскресенье,14,2,0.248007,17,вестибюль,
chernyshevskaya,chernyshevskaya_1,воскресенье,14,3,0.238603,17,вестибюль,
chernyshevskaya,chernyshevskaya_1,воскресенье,15,0,0.241572,17,вестибюль,
chernyshevskaya,chernyshevskaya_1,воскресенье,15,1,0.241489,17,вестибюль,
chernyshevskaya,chernyshevskaya_1,воскресенье,15,2,0.252713,17,вестибюль,
chernyshevskaya,chernyshevskaya_1,воскресенье,15,3,0.264226,17,вестибюль,
chernyshevskaya,chernyshevskaya_1,воскресенье,16,0,0.243748,17,вестибюль,
chernyshevskaya,chernyshevskaya_1,воскресенье,16,1,0.254103,17,вестибюль,
chernyshevskaya,chernyshevskaya_1,воскресенье,16,2,0.248789,17,вестибюль,
chernyshevskaya,chernyshevskaya_1,воскресенье,16,3,0.25336,17,вестибюль,
chernyshevskaya,chernyshevskaya_1,воскресенье,17,0,0.249163,17,вестибюль,
chernyshevskaya,chernyshevskaya_1,воскресенье,17,1,0.253468,17,вестибюль,
chernyshevskaya,chernyshevskaya_1,воскресенье,17,2,0.247626,17,вестибюль,
chernyshevskaya,chernyshevskaya_1,воскресенье,17,3,0.249744,17,вестибюль,
chernyshevskaya,chernyshevskaya_1,воскресенье,18,0,0.254699,17,вестибюль,
chernyshevskaya,chernyshevskaya_1,воскресенье,18,1,0.253735,17,вестибюль,
chernyshevskaya,chernyshevskaya_1,воскресенье,18,2,0.24792,17,вестибюль,
chernyshevskaya,chernyshevskaya_1,воскресенье,18,3,0.243646,17,вестибюль,
chernyshevskaya,chernyshevskaya_1,воскресенье,19,0,0.256063,17,вестибюль,
chernyshevskaya,chernyshevskaya_1,воскресенье,19,1,0.254559,17,вестибюль,
chernyshevskaya,chernyshevskaya_1,воскресенье,19,2,0.251584,17,вестибюль,
chernyshevskaya,chernyshevskaya_1,воскресенье,19,3,0.237794,17,вестибюль,
chernyshevskaya,chernyshevskaya_1,воскресенье,20,0,0.269894,17,вестибюль,
chernyshevskaya,chernyshevskaya_1,воскресенье,20,1,0.265215,17,вестибюль,
chernyshevskaya,chernyshevskaya_1,воскресенье,20,2,0.241256,17,вестибюль,
chernyshevskaya,chernyshevskaya_1,воскресенье,20,3,0.223634,17,вестибюль,
chernyshevskaya,chernyshevskaya_1,воскресенье,21,0,0.288229,17,вестибюль,
chernyshevskaya,chernyshevskaya_1,воскресенье,21,1,0.275622,17,вестибюль,
chernyshevskaya,chernyshevskaya_1,воскресенье,21,2,0.231704,17,вестибюль,
chernyshevskaya,chernyshevskaya_1,воскресенье,21,3,0.204445,17,вестибюль,
chernyshevskaya,chernyshevskaya_1,воскресенье,22,0,0.28507,17,вестибюль,
chernyshevskaya,chernyshevskaya_1,воскресенье,22,1,0.275074,17,вестибюль,
chernyshevskaya,chernyshevskaya_1,воскресенье,22,2,0.231501,17,вестибюль,
chernyshevskaya,chernyshevskaya_1,воскресенье,22,3,0.208356,17,вестибюль,
chernyshevskaya,chernyshevskaya_1,воскресенье,23,0,0.308938,17,вестибюль,
chernyshevskaya,chernyshevskaya_1,воскресенье,23,1,0.27564,17,вестибюль,
chernyshevskaya,chernyshevskaya_1,воскресенье,23,2,0.224325,17,вестибюль,
chernyshevskaya,chernyshevskaya_1,воскресенье,23,3,0.191097,17,вестибюль,
chernyshevskaya,chernyshevskaya_1,воскресенье,0,0,0.704745,17,вестибюль,
chernyshevskaya,chernyshevskaya_1,воскресенье,0,1,0.284271,17,вестибюль,
chernyshevskaya,chernyshevskaya_1,воскресенье,0,2,0.007469,17,вестибюль,
chernyshevskaya,chernyshevskaya_1,воскресенье,0,3,0.003515,17,вестибюль,
chernyshevskaya,*,рабочий,5,0,0.008677,80,станция,
chernyshevskaya,*,рабочий,5,1,0.013497,80,станция,
chernyshevskaya,*,рабочий,5,2,0.551458,80,станция,
chernyshevskaya,*,рабочий,5,3,0.426368,80,станция,
chernyshevskaya,*,рабочий,6,0,0.187813,80,станция,
chernyshevskaya,*,рабочий,6,1,0.268404,80,станция,
chernyshevskaya,*,рабочий,6,2,0.24551,80,станция,
chernyshevskaya,*,рабочий,6,3,0.298273,80,станция,
chernyshevskaya,*,рабочий,7,0,0.208701,80,станция,
chernyshevskaya,*,рабочий,7,1,0.236773,80,станция,
chernyshevskaya,*,рабочий,7,2,0.251552,80,станция,
chernyshevskaya,*,рабочий,7,3,0.302975,80,станция,
chernyshevskaya,*,рабочий,8,0,0.242217,80,станция,
chernyshevskaya,*,рабочий,8,1,0.295808,80,станция,
chernyshevskaya,*,рабочий,8,2,0.252444,80,станция,
chernyshevskaya,*,рабочий,8,3,0.20953,80,станция,
chernyshevskaya,*,рабочий,9,0,0.233381,80,станция,
chernyshevskaya,*,рабочий,9,1,0.274962,80,станция,
chernyshevskaya,*,рабочий,9,2,0.257941,80,станция,
chernyshevskaya,*,рабочий,9,3,0.233715,80,станция,
chernyshevskaya,*,рабочий,10,0,0.240377,80,станция,
chernyshevskaya,*,рабочий,10,1,0.259082,80,станция,
chernyshevskaya,*,рабочий,10,2,0.252086,80,станция,
chernyshevskaya,*,рабочий,10,3,0.248454,80,станция,
chernyshevskaya,*,рабочий,11,0,0.232264,80,станция,
chernyshevskaya,*,рабочий,11,1,0.248874,80,станция,
chernyshevskaya,*,рабочий,11,2,0.260873,80,станция,
chernyshevskaya,*,рабочий,11,3,0.257988,80,станция,
chernyshevskaya,*,рабочий,12,0,0.228903,80,станция,
chernyshevskaya,*,рабочий,12,1,0.253239,80,станция,
chernyshevskaya,*,рабочий,12,2,0.259625,80,станция,
chernyshevskaya,*,рабочий,12,3,0.258233,80,станция,
chernyshevskaya,*,рабочий,13,0,0.241022,80,станция,
chernyshevskaya,*,рабочий,13,1,0.268628,80,станция,
chernyshevskaya,*,рабочий,13,2,0.256256,80,станция,
chernyshevskaya,*,рабочий,13,3,0.234094,80,станция,
chernyshevskaya,*,рабочий,14,0,0.222569,80,станция,
chernyshevskaya,*,рабочий,14,1,0.257794,80,станция,
chernyshevskaya,*,рабочий,14,2,0.250642,80,станция,
chernyshevskaya,*,рабочий,14,3,0.268995,80,станция,
chernyshevskaya,*,рабочий,15,0,0.236992,80,станция,
chernyshevskaya,*,рабочий,15,1,0.266141,80,станция,
chernyshevskaya,*,рабочий,15,2,0.244547,80,станция,
chernyshevskaya,*,рабочий,15,3,0.25232,80,станция,
chernyshevskaya,*,рабочий,16,0,0.221804,80,станция,
chernyshevskaya,*,рабочий,16,1,0.249783,80,станция,
chernyshevskaya,*,рабочий,16,2,0.250133,80,станция,
chernyshevskaya,*,рабочий,16,3,0.27828,80,станция,
chernyshevskaya,*,рабочий,17,0,0.239293,80,станция,
chernyshevskaya,*,рабочий,17,1,0.260724,80,станция,
chernyshevskaya,*,рабочий,17,2,0.242407,80,станция,
chernyshevskaya,*,рабочий,17,3,0.257576,80,станция,
chernyshevskaya,*,рабочий,18,0,0.274306,80,станция,
chernyshevskaya,*,рабочий,18,1,0.29313,80,станция,
chernyshevskaya,*,рабочий,18,2,0.249852,80,станция,
chernyshevskaya,*,рабочий,18,3,0.182711,80,станция,
chernyshevskaya,*,рабочий,19,0,0.31079,80,станция,
chernyshevskaya,*,рабочий,19,1,0.278341,80,станция,
chernyshevskaya,*,рабочий,19,2,0.220944,80,станция,
chernyshevskaya,*,рабочий,19,3,0.189924,80,станция,
chernyshevskaya,*,рабочий,20,0,0.293667,80,станция,
chernyshevskaya,*,рабочий,20,1,0.274477,80,станция,
chernyshevskaya,*,рабочий,20,2,0.226292,80,станция,
chernyshevskaya,*,рабочий,20,3,0.205565,80,станция,
chernyshevskaya,*,рабочий,21,0,0.287012,80,станция,
chernyshevskaya,*,рабочий,21,1,0.278314,80,станция,
chernyshevskaya,*,рабочий,21,2,0.227463,80,станция,
chernyshevskaya,*,рабочий,21,3,0.207211,80,станция,
chernyshevskaya,*,рабочий,22,0,0.307111,80,станция,
chernyshevskaya,*,рабочий,22,1,0.283807,80,станция,
chernyshevskaya,*,рабочий,22,2,0.223264,80,станция,
chernyshevskaya,*,рабочий,22,3,0.185817,80,станция,
chernyshevskaya,*,рабочий,23,0,0.299126,80,станция,
chernyshevskaya,*,рабочий,23,1,0.277195,80,станция,
chernyshevskaya,*,рабочий,23,2,0.21563,80,станция,
chernyshevskaya,*,рабочий,23,3,0.208049,80,станция,
chernyshevskaya,*,рабочий,0,0,0.678049,79,станция,
chernyshevskaya,*,рабочий,0,1,0.305314,79,станция,
chernyshevskaya,*,рабочий,0,2,0.009408,79,станция,
chernyshevskaya,*,рабочий,0,3,0.00723,79,станция,
chernyshevskaya,*,суббота,5,0,0.022018,16,станция,
chernyshevskaya,*,суббота,5,1,0.0263,16,станция,
chernyshevskaya,*,суббота,5,2,0.512538,16,станция,
chernyshevskaya,*,суббота,5,3,0.439144,16,станция,
chernyshevskaya,*,суббота,6,0,0.23772,16,станция,
chernyshevskaya,*,суббота,6,1,0.267571,16,станция,
chernyshevskaya,*,суббота,6,2,0.226052,16,станция,
chernyshevskaya,*,суббота,6,3,0.268657,16,станция,
chernyshevskaya,*,суббота,7,0,0.231954,16,станция,
chernyshevskaya,*,суббота,7,1,0.250331,16,станция,
chernyshevskaya,*,суббота,7,2,0.22798,16,станция,
chernyshevskaya,*,суббота,7,3,0.289735,16,станция,
chernyshevskaya,*,суббота,8,0,0.244396,16,станция,
chernyshevskaya,*,суббота,8,1,0.273638,16,станция,
chernyshevskaya,*,суббота,8,2,0.241779,16,станция,
chernyshevskaya,*,суббота,8,3,0.240187,16,станция,
chernyshevskaya,*,суббота,9,0,0.234707,16,станция,
chernyshevskaya,*,суббота,9,1,0.276949,16,станция,
chernyshevskaya,*,суббота,9,2,0.250839,16,станция,
chernyshevskaya,*,суббота,9,3,0.237505,16,станция,
chernyshevskaya,*,суббота,10,0,0.224611,16,станция,
chernyshevskaya,*,суббота,10,1,0.267162,16,станция,
chernyshevskaya,*,суббота,10,2,0.253539,16,станция,
chernyshevskaya,*,суббота,10,3,0.254689,16,станция,
chernyshevskaya,*,суббота,11,0,0.222144,16,станция,
chernyshevskaya,*,суббота,11,1,0.258579,16,станция,
chernyshevskaya,*,суббота,11,2,0.25985,16,станция,
chernyshevskaya,*,суббота,11,3,0.259427,16,станция,
chernyshevskaya,*,суббота,12,0,0.221949,16,станция,
chernyshevskaya,*,суббота,12,1,0.24702,16,станция,
chernyshevskaya,*,суббота,12,2,0.274444,16,станция,
chernyshevskaya,*,суббота,12,3,0.256587,16,станция,
chernyshevskaya,*,суббота,13,0,0.238223,16,станция,
chernyshevskaya,*,суббота,13,1,0.263007,16,станция,
chernyshevskaya,*,суббота,13,2,0.260774,16,станция,
chernyshevskaya,*,суббота,13,3,0.237995,16,станция,
chernyshevskaya,*,суббота,14,0,0.233863,16,станция,
chernyshevskaya,*,суббота,14,1,0.263806,16,станция,
chernyshevskaya,*,суббота,14,2,0.25867,16,станция,
chernyshevskaya,*,суббота,14,3,0.243662,16,станция,
chernyshevskaya,*,суббота,15,0,0.240651,16,станция,
chernyshevskaya,*,суббота,15,1,0.267708,16,станция,
chernyshevskaya,*,суббота,15,2,0.244291,16,станция,
chernyshevskaya,*,суббота,15,3,0.247351,16,станция,
chernyshevskaya,*,суббота,16,0,0.242494,16,станция,
chernyshevskaya,*,суббота,16,1,0.268137,16,станция,
chernyshevskaya,*,суббота,16,2,0.249857,16,станция,
chernyshevskaya,*,суббота,16,3,0.239511,16,станция,
chernyshevskaya,*,суббота,17,0,0.230973,16,станция,
chernyshevskaya,*,суббота,17,1,0.252818,16,станция,
chernyshevskaya,*,суббота,17,2,0.246177,16,станция,
chernyshevskaya,*,суббота,17,3,0.270032,16,станция,
chernyshevskaya,*,суббота,18,0,0.256832,16,станция,
chernyshevskaya,*,суббота,18,1,0.262561,16,станция,
chernyshevskaya,*,суббота,18,2,0.244486,16,станция,
chernyshevskaya,*,суббота,18,3,0.236122,16,станция,
chernyshevskaya,*,суббота,19,0,0.267025,16,станция,
chernyshevskaya,*,суббота,19,1,0.256776,16,станция,
chernyshevskaya,*,суббота,19,2,0.252364,16,станция,
chernyshevskaya,*,суббота,19,3,0.223836,16,станция,
chernyshevskaya,*,суббота,20,0,0.277042,16,станция,
chernyshevskaya,*,суббота,20,1,0.263686,16,станция,
chernyshevskaya,*,суббота,20,2,0.238346,16,станция,
chernyshevskaya,*,суббота,20,3,0.220926,16,станция,
chernyshevskaya,*,суббота,21,0,0.294595,16,станция,
chernyshevskaya,*,суббота,21,1,0.263841,16,станция,
chernyshevskaya,*,суббота,21,2,0.230327,16,станция,
chernyshevskaya,*,суббота,21,3,0.211237,16,станция,
chernyshevskaya,*,суббота,22,0,0.283408,16,станция,
chernyshevskaya,*,суббота,22,1,0.268518,16,станция,
chernyshevskaya,*,суббота,22,2,0.235894,16,станция,
chernyshevskaya,*,суббота,22,3,0.21218,16,станция,
chernyshevskaya,*,суббота,23,0,0.271556,16,станция,
chernyshevskaya,*,суббота,23,1,0.25964,16,станция,
chernyshevskaya,*,суббота,23,2,0.23586,16,станция,
chernyshevskaya,*,суббота,23,3,0.232945,16,станция,
chernyshevskaya,*,суббота,0,0,0.702484,16,станция,
chernyshevskaya,*,суббота,0,1,0.293051,16,станция,
chernyshevskaya,*,суббота,0,2,0.00307,16,станция,
chernyshevskaya,*,суббота,0,3,0.001395,16,станция,
chernyshevskaya,*,воскресенье,5,0,0.007817,17,станция,
chernyshevskaya,*,воскресенье,5,1,0.011985,17,станция,
chernyshevskaya,*,воскресенье,5,2,0.57061,17,станция,
chernyshevskaya,*,воскресенье,5,3,0.409588,17,станция,
chernyshevskaya,*,воскресенье,6,0,0.264185,17,станция,
chernyshevskaya,*,воскресенье,6,1,0.262984,17,станция,
chernyshevskaya,*,воскресенье,6,2,0.225758,17,станция,
chernyshevskaya,*,воскресенье,6,3,0.247073,17,станция,
chernyshevskaya,*,воскресенье,7,0,0.210537,17,станция,
chernyshevskaya,*,воскресенье,7,1,0.251538,17,станция,
chernyshevskaya,*,воскресенье,7,2,0.241902,17,станция,
chernyshevskaya,*,воскресенье,7,3,0.296023,17,станция,
chernyshevskaya,*,воскресенье,8,0,0.230575,17,станция,
chernyshevskaya,*,воскресенье,8,1,0.260725,17,станция,
chernyshevskaya,*,воскресенье,8,2,0.249037,17,станция,
chernyshevskaya,*,воскресенье,8,3,0.259663,17,станция,
chernyshevskaya,*,воскресенье,9,0,0.239435,17,станция,
chernyshevskaya,*,воскресенье,9,1,0.265416,17,станция,
chernyshevskaya,*,воскресенье,9,2,0.257762,17,станция,
chernyshevskaya,*,воскресенье,9,3,0.237387,17,станция,
chernyshevskaya,*,воскресенье,10,0,0.236382,17,станция,
chernyshevskaya,*,воскресенье,10,1,0.242017,17,станция,
chernyshevskaya,*,воскресенье,10,2,0.267029,17,станция,
chernyshevskaya,*,воскресенье,10,3,0.254572,17,станция,
chernyshevskaya,*,воскресенье,11,0,0.23379,17,станция,
chernyshevskaya,*,воскресенье,11,1,0.248955,17,станция,
chernyshevskaya,*,воскресенье,11,2,0.262726,17,станция,
chernyshevskaya,*,воскресенье,11,3,0.254529,17,станция,
chernyshevskaya,*,воскресенье,12,0,0.219846,17,станция,
chernyshevskaya,*,воскресенье,12,1,0.251874,17,станция,
chernyshevskaya,*,воскресенье,12,2,0.253749,17,станция,
chernyshevskaya,*,воскресенье,12,3,0.274531,17,станция,
chernyshevskaya,*,воскресенье,13,0,0.234607,17,станция,
chernyshevskaya,*,воскресенье,13,1,0.280291,17,станция,
chernyshevskaya,*,воскресенье,13,2,0.262825,17,станция,
chernyshevskaya,*,воскресенье,13,3,0.222276,17,станция,
chernyshevskaya,*,воскресенье,14,0,0.254322,17,станция,
chernyshevskaya,*,воскресенье,14,1,0.259069,17,станция,
chernyshevskaya,*,воскресенье,14,2,0.248007,17,станция,
chernyshevskaya,*,воскресенье,14,3,0.238603,17,станция,
chernyshevskaya,*,воскресенье,15,0,0.241572,17,станция,
chernyshevskaya,*,воскресенье,15,1,0.241489,17,станция,
chernyshevskaya,*,воскресенье,15,2,0.252713,17,станция,
chernyshevskaya,*,воскресенье,15,3,0.264226,17,станция,
chernyshevskaya,*,воскресенье,16,0,0.243748,17,станция,
chernyshevskaya,*,воскресенье,16,1,0.254103,17,станция,
chernyshevskaya,*,воскресенье,16,2,0.248789,17,станция,
chernyshevskaya,*,воскресенье,16,3,0.25336,17,станция,
chernyshevskaya,*,воскресенье,17,0,0.249163,17,станция,
chernyshevskaya,*,воскресенье,17,1,0.253468,17,станция,
chernyshevskaya,*,воскресенье,17,2,0.247626,17,станция,
chernyshevskaya,*,воскресенье,17,3,0.249744,17,станция,
chernyshevskaya,*,воскресенье,18,0,0.254699,17,станция,
chernyshevskaya,*,воскресенье,18,1,0.253735,17,станция,
chernyshevskaya,*,воскресенье,18,2,0.24792,17,станция,
chernyshevskaya,*,воскресенье,18,3,0.243646,17,станция,
chernyshevskaya,*,воскресенье,19,0,0.256063,17,станция,
chernyshevskaya,*,воскресенье,19,1,0.254559,17,станция,
chernyshevskaya,*,воскресенье,19,2,0.251584,17,станция,
chernyshevskaya,*,воскресенье,19,3,0.237794,17,станция,
chernyshevskaya,*,воскресенье,20,0,0.269894,17,станция,
chernyshevskaya,*,воскресенье,20,1,0.265215,17,станция,
chernyshevskaya,*,воскресенье,20,2,0.241256,17,станция,
chernyshevskaya,*,воскресенье,20,3,0.223634,17,станция,
chernyshevskaya,*,воскресенье,21,0,0.288229,17,станция,
chernyshevskaya,*,воскресенье,21,1,0.275622,17,станция,
chernyshevskaya,*,воскресенье,21,2,0.231704,17,станция,
chernyshevskaya,*,воскресенье,21,3,0.204445,17,станция,
chernyshevskaya,*,воскресенье,22,0,0.28507,17,станция,
chernyshevskaya,*,воскресенье,22,1,0.275074,17,станция,
chernyshevskaya,*,воскресенье,22,2,0.231501,17,станция,
chernyshevskaya,*,воскресенье,22,3,0.208356,17,станция,
chernyshevskaya,*,воскресенье,23,0,0.308938,17,станция,
chernyshevskaya,*,воскресенье,23,1,0.27564,17,станция,
chernyshevskaya,*,воскресенье,23,2,0.224325,17,станция,
chernyshevskaya,*,воскресенье,23,3,0.191097,17,станция,
chernyshevskaya,*,воскресенье,0,0,0.704745,17,станция,
chernyshevskaya,*,воскресенье,0,1,0.284271,17,станция,
chernyshevskaya,*,воскресенье,0,2,0.007469,17,станция,
chernyshevskaya,*,воскресенье,0,3,0.003515,17,станция,
vosstaniya,vosstaniya_1,рабочий,5,0,0.00663,80,вестибюль,
vosstaniya,vosstaniya_1,рабочий,5,1,0.003895,80,вестибюль,
vosstaniya,vosstaniya_1,рабочий,5,2,0.408669,80,вестибюль,
vosstaniya,vosstaniya_1,рабочий,5,3,0.580806,80,вестибюль,
vosstaniya,vosstaniya_1,рабочий,6,0,0.201374,80,вестибюль,
vosstaniya,vosstaniya_1,рабочий,6,1,0.249303,80,вестибюль,
vosstaniya,vosstaniya_1,рабочий,6,2,0.246767,80,вестибюль,
vosstaniya,vosstaniya_1,рабочий,6,3,0.302556,80,вестибюль,
vosstaniya,vosstaniya_1,рабочий,7,0,0.221613,80,вестибюль,
vosstaniya,vosstaniya_1,рабочий,7,1,0.236905,80,вестибюль,
vosstaniya,vosstaniya_1,рабочий,7,2,0.253664,80,вестибюль,
vosstaniya,vosstaniya_1,рабочий,7,3,0.287818,80,вестибюль,
vosstaniya,vosstaniya_1,рабочий,8,0,0.230844,80,вестибюль,
vosstaniya,vosstaniya_1,рабочий,8,1,0.280355,80,вестибюль,
vosstaniya,vosstaniya_1,рабочий,8,2,0.258222,80,вестибюль,
vosstaniya,vosstaniya_1,рабочий,8,3,0.230578,80,вестибюль,
vosstaniya,vosstaniya_1,рабочий,9,0,0.240946,80,вестибюль,
vosstaniya,vosstaniya_1,рабочий,9,1,0.276976,80,вестибюль,
vosstaniya,vosstaniya_1,рабочий,9,2,0.24751,80,вестибюль,
vosstaniya,vosstaniya_1,рабочий,9,3,0.234567,80,вестибюль,
vosstaniya,vosstaniya_1,рабочий,10,0,0.238278,80,вестибюль,
vosstaniya,vosstaniya_1,рабочий,10,1,0.265532,80,вестибюль,
vosstaniya,vosstaniya_1,рабочий,10,2,0.247504,80,вестибюль,
vosstaniya,vosstaniya_1,рабочий,10,3,0.248686,80,вестибюль,
vosstaniya,vosstaniya_1,рабочий,11,0,0.231158,80,вестибюль,
vosstaniya,vosstaniya_1,рабочий,11,1,0.25397,80,вестибюль,
vosstaniya,vosstaniya_1,рабочий,11,2,0.257211,80,вестибюль,
vosstaniya,vosstaniya_1,рабочий,11,3,0.257661,80,вестибюль,
vosstaniya,vosstaniya_1,рабочий,12,0,0.24103,80,вестибюль,
vosstaniya,vosstaniya_1,рабочий,12,1,0.242801,80,вестибюль,
vosstaniya,vosstaniya_1,рабочий,12,2,0.25348,80,вестибюль,
vosstaniya,vosstaniya_1,рабочий,12,3,0.262688,80,вестибюль,
vosstaniya,vosstaniya_1,рабочий,13,0,0.244666,80,вестибюль,
vosstaniya,vosstaniya_1,рабочий,13,1,0.253069,80,вестибюль,
vosstaniya,vosstaniya_1,рабочий,13,2,0.25757,80,вестибюль,
vosstaniya,vosstaniya_1,рабочий,13,3,0.244694,80,вестибюль,
vosstaniya,vosstaniya_1,рабочий,14,0,0.241202,80,вестибюль,
vosstaniya,vosstaniya_1,рабочий,14,1,0.251377,80,вестибюль,
vosstaniya,vosstaniya_1,рабочий,14,2,0.250662,80,вестибюль,
vosstaniya,vosstaniya_1,рабочий,14,3,0.256758,80,вестибюль,
vosstaniya,vosstaniya_1,рабочий,15,0,0.239806,80,вестибюль,
vosstaniya,vosstaniya_1,рабочий,15,1,0.24509,80,вестибюль,
vosstaniya,vosstaniya_1,рабочий,15,2,0.248396,80,вестибюль,
vosstaniya,vosstaniya_1,рабочий,15,3,0.266708,80,вестибюль,
vosstaniya,vosstaniya_1,рабочий,16,0,0.233821,80,вестибюль,
vosstaniya,vosstaniya_1,рабочий,16,1,0.260444,80,вестибюль,
vosstaniya,vosstaniya_1,рабочий,16,2,0.252038,80,вестибюль,
vosstaniya,vosstaniya_1,рабочий,16,3,0.253697,80,вестибюль,
vosstaniya,vosstaniya_1,рабочий,17,0,0.213274,80,вестибюль,
vosstaniya,vosstaniya_1,рабочий,17,1,0.269719,80,вестибюль,
vosstaniya,vosstaniya_1,рабочий,17,2,0.251927,80,вестибюль,
vosstaniya,vosstaniya_1,рабочий,17,3,0.26508,80,вестибюль,
vosstaniya,vosstaniya_1,рабочий,18,0,0.264669,80,вестибюль,
vosstaniya,vosstaniya_1,рабочий,18,1,0.292579,80,вестибюль,
vosstaniya,vosstaniya_1,рабочий,18,2,0.247283,80,вестибюль,
vosstaniya,vosstaniya_1,рабочий,18,3,0.195469,80,вестибюль,
vosstaniya,vosstaniya_1,рабочий,19,0,0.28816,80,вестибюль,
vosstaniya,vosstaniya_1,рабочий,19,1,0.268164,80,вестибюль,
vosstaniya,vosstaniya_1,рабочий,19,2,0.23863,80,вестибюль,
vosstaniya,vosstaniya_1,рабочий,19,3,0.205047,80,вестибюль,
vosstaniya,vosstaniya_1,рабочий,20,0,0.279154,80,вестибюль,
vosstaniya,vosstaniya_1,рабочий,20,1,0.26771,80,вестибюль,
vosstaniya,vosstaniya_1,рабочий,20,2,0.233253,80,вестибюль,
vosstaniya,vosstaniya_1,рабочий,20,3,0.219883,80,вестибюль,
vosstaniya,vosstaniya_1,рабочий,21,0,0.283519,80,вестибюль,
vosstaniya,vosstaniya_1,рабочий,21,1,0.261598,80,вестибюль,
vosstaniya,vosstaniya_1,рабочий,21,2,0.238048,80,вестибюль,
vosstaniya,vosstaniya_1,рабочий,21,3,0.216835,80,вестибюль,
vosstaniya,vosstaniya_1,рабочий,22,0,0.298143,80,вестибюль,
vosstaniya,vosstaniya_1,рабочий,22,1,0.280117,80,вестибюль,
vosstaniya,vosstaniya_1,рабочий,22,2,0.22794,80,вестибюль,
vosstaniya,vosstaniya_1,рабочий,22,3,0.1938,80,вестибюль,
vosstaniya,vosstaniya_1,рабочий,23,0,0.359648,80,вестибюль,
vosstaniya,vosstaniya_1,рабочий,23,1,0.267871,80,вестибюль,
vosstaniya,vosstaniya_1,рабочий,23,2,0.191121,80,вестибюль,
vosstaniya,vosstaniya_1,рабочий,23,3,0.181359,80,вестибюль,
vosstaniya,vosstaniya_1,рабочий,0,0,0.704016,80,вестибюль,
vosstaniya,vosstaniya_1,рабочий,0,1,0.290751,80,вестибюль,
vosstaniya,vosstaniya_1,рабочий,0,2,0.004055,80,вестибюль,
vosstaniya,vosstaniya_1,рабочий,0,3,0.001177,80,вестибюль,
vosstaniya,vosstaniya_1,суббота,5,0,0.015428,16,вестибюль,
vosstaniya,vosstaniya_1,суббота,5,1,0.012623,16,вестибюль,
vosstaniya,vosstaniya_1,суббота,5,2,0.435484,16,вестибюль,
vosstaniya,vosstaniya_1,суббота,5,3,0.536466,16,вестибюль,
vosstaniya,vosstaniya_1,суббота,6,0,0.236193,16,вестибюль,
vosstaniya,vosstaniya_1,суббота,6,1,0.26557,16,вестибюль,
vosstaniya,vosstaniya_1,суббота,6,2,0.227296,16,вестибюль,
vosstaniya,vosstaniya_1,суббота,6,3,0.270942,16,вестибюль,
vosstaniya,vosstaniya_1,суббота,7,0,0.243597,16,вестибюль,
vosstaniya,vosstaniya_1,суббота,7,1,0.243013,16,вестибюль,
vosstaniya,vosstaniya_1,суббота,7,2,0.239621,16,вестибюль,
vosstaniya,vosstaniya_1,суббота,7,3,0.273769,16,вестибюль,
vosstaniya,vosstaniya_1,суббота,8,0,0.223589,16,вестибюль,
vosstaniya,vosstaniya_1,суббота,8,1,0.277917,16,вестибюль,
vosstaniya,vosstaniya_1,суббота,8,2,0.248451,16,вестибюль,
vosstaniya,vosstaniya_1,суббота,8,3,0.250042,16,вестибюль,
vosstaniya,vosstaniya_1,суббота,9,0,0.225802,16,вестибюль,
vosstaniya,vosstaniya_1,суббота,9,1,0.274066,16,вестибюль,
vosstaniya,vosstaniya_1,суббота,9,2,0.245873,16,вестибюль,
vosstaniya,vosstaniya_1,суббота,9,3,0.254259,16,вестибюль,
vosstaniya,vosstaniya_1,суббота,10,0,0.229208,16,вестибюль,
vosstaniya,vosstaniya_1,суббота,10,1,0.267776,16,вестибюль,
vosstaniya,vosstaniya_1,суббота,10,2,0.249507,16,вестибюль,
vosstaniya,vosstaniya_1,суббота,10,3,0.253509,16,вестибюль,
vosstaniya,vosstaniya_1,суббота,11,0,0.231092,16,вестибюль,
vosstaniya,vosstaniya_1,суббота,11,1,0.255001,16,вестибюль,
vosstaniya,vosstaniya_1,суббота,11,2,0.247333,16,вестибюль,
vosstaniya,vosstaniya_1,суббота,11,3,0.266575,16,вестибюль,
vosstaniya,vosstaniya_1,суббота,12,0,0.241443,16,вестибюль,
vosstaniya,vosstaniya_1,суббота,12,1,0.240105,16,вестибюль,
vosstaniya,vosstaniya_1,суббота,12,2,0.24721,16,вестибюль,
vosstaniya,vosstaniya_1,суббота,12,3,0.271242,16,вестибюль,
vosstaniya,vosstaniya_1,суббота,13,0,0.235764,16,вестибюль,
vosstaniya,vosstaniya_1,суббота,13,1,0.256069,16,вестибюль,
vosstaniya,vosstaniya_1,суббота,13,2,0.261502,16,вестибюль,
vosstaniya,vosstaniya_1,суббота,13,3,0.246666,16,вестибюль,
vosstaniya,vosstaniya_1,суббота,14,0,0.246472,16,вестибюль,
vosstaniya,vosstaniya_1,суббота,14,1,0.255948,16,вестибюль,
vosstaniya,vosstaniya_1,суббота,14,2,0.248841,16,вестибюль,
vosstaniya,vosstaniya_1,суббота,14,3,0.248739,16,вестибюль,
vosstaniya,vosstaniya_1,суббота,15,0,0.246405,16,вестибюль,
vosstaniya,vosstaniya_1,суббота,15,1,0.241732,16,вестибюль,
vosstaniya,vosstaniya_1,суббота,15,2,0.253322,16,вестибюль,
vosstaniya,vosstaniya_1,суббота,15,3,0.258541,16,вестибюль,
vosstaniya,vosstaniya_1,суббота,16,0,0.234271,16,вестибюль,
vosstaniya,vosstaniya_1,суббота,16,1,0.255876,16,вестибюль,
vosstaniya,vosstaniya_1,суббота,16,2,0.25769,16,вестибюль,
vosstaniya,vosstaniya_1,суббота,16,3,0.252163,16,вестибюль,
vosstaniya,vosstaniya_1,суббота,17,0,0.246427,16,вестибюль,
vosstaniya,vosstaniya_1,суббота,17,1,0.24929,16,вестибюль,
vosstaniya,vosstaniya_1,суббота,17,2,0.247895,16,вестибюль,
vosstaniya,vosstaniya_1,суббота,17,3,0.256389,16,вестибюль,
vosstaniya,vosstaniya_1,суббота,18,0,0.263899,16,вестибюль,
vosstaniya,vosstaniya_1,суббота,18,1,0.254828,16,вестибюль,
vosstaniya,vosstaniya_1,суббота,18,2,0.246224,16,вестибюль,
vosstaniya,vosstaniya_1,суббота,18,3,0.235049,16,вестибюль,
vosstaniya,vosstaniya_1,суббота,19,0,0.27043,16,вестибюль,
vosstaniya,vosstaniya_1,суббота,19,1,0.255543,16,вестибюль,
vosstaniya,vosstaniya_1,суббота,19,2,0.241812,16,вестибюль,
vosstaniya,vosstaniya_1,суббота,19,3,0.232215,16,вестибюль,
vosstaniya,vosstaniya_1,суббота,20,0,0.264996,16,вестибюль,
vosstaniya,vosstaniya_1,суббота,20,1,0.242462,16,вестибюль,
vosstaniya,vosstaniya_1,суббота,20,2,0.246368,16,вестибюль,
vosstaniya,vosstaniya_1,суббота,20,3,0.246174,16,вестибюль,
vosstaniya,vosstaniya_1,суббота,21,0,0.295085,16,вестибюль,
vosstaniya,vosstaniya_1,суббота,21,1,0.264374,16,вестибюль,
vosstaniya,vosstaniya_1,суббота,21,2,0.234092,16,вестибюль,
vosstaniya,vosstaniya_1,суббота,21,3,0.206449,16,вестибюль,
vosstaniya,vosstaniya_1,суббота,22,0,0.283679,16,вестибюль,
vosstaniya,vosstaniya_1,суббота,22,1,0.277492,16,вестибюль,
vosstaniya,vosstaniya_1,суббота,22,2,0.235474,16,вестибюль,
vosstaniya,vosstaniya_1,суббота,22,3,0.203356,16,вестибюль,
vosstaniya,vosstaniya_1,суббота,23,0,0.330531,16,вестибюль,
vosstaniya,vosstaniya_1,суббота,23,1,0.259288,16,вестибюль,
vosstaniya,vosstaniya_1,суббота,23,2,0.206034,16,вестибюль,
vosstaniya,vosstaniya_1,суббота,23,3,0.204146,16,вестибюль,
vosstaniya,vosstaniya_1,суббота,0,0,0.712655,16,вестибюль,
vosstaniya,vosstaniya_1,суббота,0,1,0.285888,16,вестибюль,
vosstaniya,vosstaniya_1,суббота,0,2,0.001457,16,вестибюль,
vosstaniya,vosstaniya_1,суббота,0,3,0.0,16,вестибюль,
vosstaniya,vosstaniya_1,воскресенье,5,0,0.013889,17,вестибюль,
vosstaniya,vosstaniya_1,воскресенье,5,1,0.003917,17,вестибюль,
vosstaniya,vosstaniya_1,воскресенье,5,2,0.503561,17,вестибюль,
vosstaniya,vosstaniya_1,воскресенье,5,3,0.478632,17,вестибюль,
vosstaniya,vosstaniya_1,воскресенье,6,0,0.252007,17,вестибюль,
vosstaniya,vosstaniya_1,воскресенье,6,1,0.268994,17,вестибюль,
vosstaniya,vosstaniya_1,воскресенье,6,2,0.224379,17,вестибюль,
vosstaniya,vosstaniya_1,воскресенье,6,3,0.25462,17,вестибюль,
vosstaniya,vosstaniya_1,воскресенье,7,0,0.245601,17,вестибюль,
vosstaniya,vosstaniya_1,воскресенье,7,1,0.228601,17,вестибюль,
vosstaniya,vosstaniya_1,воскресенье,7,2,0.254846,17,вестибюль,
vosstaniya,vosstaniya_1,воскресенье,7,3,0.270951,17,вестибюль,
vosstaniya,vosstaniya_1,воскресенье,8,0,0.229518,17,вестибюль,
vosstaniya,vosstaniya_1,воскресенье,8,1,0.254167,17,вестибюль,
vosstaniya,vosstaniya_1,воскресенье,8,2,0.252854,17,вестибюль,
vosstaniya,vosstaniya_1,воскресенье,8,3,0.263461,17,вестибюль,
vosstaniya,vosstaniya_1,воскресенье,9,0,0.222605,17,вестибюль,
vosstaniya,vosstaniya_1,воскресенье,9,1,0.28997,17,вестибюль,
vosstaniya,vosstaniya_1,воскресенье,9,2,0.250674,17,вестибюль,
vosstaniya,vosstaniya_1,воскресенье,9,3,0.236751,17,вестибюль,
vosstaniya,vosstaniya_1,воскресенье,10,0,0.235725,17,вестибюль,
vosstaniya,vosstaniya_1,воскресенье,10,1,0.255478,17,вестибюль,
vosstaniya,vosstaniya_1,воскресенье,10,2,0.252731,17,вестибюль,
vosstaniya,vosstaniya_1,воскресенье,10,3,0.256066,17,вестибюль,
vosstaniya,vosstaniya_1,воскресенье,11,0,0.220377,17,вестибюль,
vosstaniya,vosstaniya_1,воскресенье,11,1,0.267497,17,вестибюль,
vosstaniya,vosstaniya_1,воскресенье,11,2,0.24773,17,вестибюль,
vosstaniya,vosstaniya_1,воскресенье,11,3,0.264396,17,вестибюль,
vosstaniya,vosstaniya_1,воскресенье,12,0,0.236515,16,вестибюль,
vosstaniya,vosstaniya_1,воскресенье,12,1,0.246479,16,вестибюль,
vosstaniya,vosstaniya_1,воскресенье,12,2,0.255313,16,вестибюль,
vosstaniya,vosstaniya_1,воскресенье,12,3,0.261693,16,вестибюль,
vosstaniya,vosstaniya_1,воскресенье,13,0,0.232515,16,вестибюль,
vosstaniya,vosstaniya_1,воскресенье,13,1,0.258462,16,вестибюль,
vosstaniya,vosstaniya_1,воскресенье,13,2,0.253106,16,вестибюль,
vosstaniya,vosstaniya_1,воскресенье,13,3,0.255916,16,вестибюль,
vosstaniya,vosstaniya_1,воскресенье,14,0,0.244314,17,вестибюль,
vosstaniya,vosstaniya_1,воскресенье,14,1,0.263154,17,вестибюль,
vosstaniya,vosstaniya_1,воскресенье,14,2,0.239773,17,вестибюль,
vosstaniya,vosstaniya_1,воскресенье,14,3,0.252758,17,вестибюль,
vosstaniya,vosstaniya_1,воскресенье,15,0,0.246492,16,вестибюль,
vosstaniya,vosstaniya_1,воскресенье,15,1,0.25292,16,вестибюль,
vosstaniya,vosstaniya_1,воскресенье,15,2,0.250121,16,вестибюль,
vosstaniya,vosstaniya_1,воскресенье,15,3,0.250467,16,вестибюль,
vosstaniya,vosstaniya_1,воскресенье,16,0,0.226654,17,вестибюль,
vosstaniya,vosstaniya_1,воскресенье,16,1,0.257645,17,вестибюль,
vosstaniya,vosstaniya_1,воскресенье,16,2,0.265196,17,вестибюль,
vosstaniya,vosstaniya_1,воскресенье,16,3,0.250505,17,вестибюль,
vosstaniya,vosstaniya_1,воскресенье,17,0,0.238564,17,вестибюль,
vosstaniya,vosstaniya_1,воскресенье,17,1,0.252207,17,вестибюль,
vosstaniya,vosstaniya_1,воскресенье,17,2,0.24903,17,вестибюль,
vosstaniya,vosstaniya_1,воскресенье,17,3,0.260199,17,вестибюль,
vosstaniya,vosstaniya_1,воскресенье,18,0,0.26125,17,вестибюль,
vosstaniya,vosstaniya_1,воскресенье,18,1,0.258897,17,вестибюль,
vosstaniya,vosstaniya_1,воскресенье,18,2,0.241916,17,вестибюль,
vosstaniya,vosstaniya_1,воскресенье,18,3,0.237937,17,вестибюль,
vosstaniya,vosstaniya_1,воскресенье,19,0,0.268148,17,вестибюль,
vosstaniya,vosstaniya_1,воскресенье,19,1,0.261619,17,вестибюль,
vosstaniya,vosstaniya_1,воскресенье,19,2,0.24611,17,вестибюль,
vosstaniya,vosstaniya_1,воскресенье,19,3,0.224123,17,вестибюль,
vosstaniya,vosstaniya_1,воскресенье,20,0,0.266205,17,вестибюль,
vosstaniya,vosstaniya_1,воскресенье,20,1,0.259442,17,вестибюль,
vosstaniya,vosstaniya_1,воскресенье,20,2,0.240372,17,вестибюль,
vosstaniya,vosstaniya_1,воскресенье,20,3,0.23398,17,вестибюль,
vosstaniya,vosstaniya_1,воскресенье,21,0,0.249266,17,вестибюль,
vosstaniya,vosstaniya_1,воскресенье,21,1,0.230893,17,вестибюль,
vosstaniya,vosstaniya_1,воскресенье,21,2,0.280866,17,вестибюль,
vosstaniya,vosstaniya_1,воскресенье,21,3,0.238975,17,вестибюль,
vosstaniya,vosstaniya_1,воскресенье,22,0,0.294357,17,вестибюль,
vosstaniya,vosstaniya_1,воскресенье,22,1,0.257605,17,вестибюль,
vosstaniya,vosstaniya_1,воскресенье,22,2,0.231817,17,вестибюль,
vosstaniya,vosstaniya_1,воскресенье,22,3,0.21622,17,вестибюль,
vosstaniya,vosstaniya_1,воскресенье,23,0,0.384277,17,вестибюль,
vosstaniya,vosstaniya_1,воскресенье,23,1,0.261458,17,вестибюль,
vosstaniya,vosstaniya_1,воскресенье,23,2,0.19282,17,вестибюль,
vosstaniya,vosstaniya_1,воскресенье,23,3,0.161445,17,вестибюль,
vosstaniya,vosstaniya_1,воскресенье,0,0,0.726888,17,вестибюль,
vosstaniya,vosstaniya_1,воскресенье,0,1,0.269584,17,вестибюль,
vosstaniya,vosstaniya_1,воскресенье,0,2,0.00247,17,вестибюль,
vosstaniya,vosstaniya_1,воскресенье,0,3,0.001059,17,вестибюль,
vosstaniya,vosstaniya_2,рабочий,5,0,0.00092,80,вестибюль,
vosstaniya,vosstaniya_2,рабочий,5,1,0.00086,80,вестибюль,
vosstaniya,vosstaniya_2,рабочий,5,2,0.44846,80,вестибюль,
vosstaniya,vosstaniya_2,рабочий,5,3,0.54976,80,вестибюль,
vosstaniya,vosstaniya_2,рабочий,6,0,0.22666,80,вестибюль,
vosstaniya,vosstaniya_2,рабочий,6,1,0.218955,80,вестибюль,
vosstaniya,vosstaniya_2,рабочий,6,2,0.239874,80,вестибюль,
vosstaniya,vosstaniya_2,рабочий,6,3,0.314511,80,вестибюль,
vosstaniya,vosstaniya_2,рабочий,7,0,0.171385,80,вестибюль,
vosstaniya,vosstaniya_2,рабочий,7,1,0.217927,80,вестибюль,
vosstaniya,vosstaniya_2,рабочий,7,2,0.202358,80,вестибюль,
vosstaniya,vosstaniya_2,рабочий,7,3,0.40833,80,вестибюль,
vosstaniya,vosstaniya_2,рабочий,8,0,0.246632,80,вестибюль,
vosstaniya,vosstaniya_2,рабочий,8,1,0.313289,80,вестибюль,
vosstaniya,vosstaniya_2,рабочий,8,2,0.207659,80,вестибюль,
vosstaniya,vosstaniya_2,рабочий,8,3,0.23242,80,вестибюль,
vosstaniya,vosstaniya_2,рабочий,9,0,0.23176,80,вестибюль,
vosstaniya,vosstaniya_2,рабочий,9,1,0.339675,80,вестибюль,
vosstaniya,vosstaniya_2,рабочий,9,2,0.222645,80,вестибюль,
vosstaniya,vosstaniya_2,рабочий,9,3,0.20592,80,вестибюль,
vosstaniya,vosstaniya_2,рабочий,10,0,0.271029,80,вестибюль,
vosstaniya,vosstaniya_2,рабочий,10,1,0.244376,80,вестибюль,
vosstaniya,vosstaniya_2,рабочий,10,2,0.243506,80,вестибюль,
vosstaniya,vosstaniya_2,рабочий,10,3,0.241089,80,вестибюль,
vosstaniya,vosstaniya_2,рабочий,11,0,0.25933,80,вестибюль,
vosstaniya,vosstaniya_2,рабочий,11,1,0.25543,80,вестибюль,
vosstaniya,vosstaniya_2,рабочий,11,2,0.244635,80,вестибюль,
vosstaniya,vosstaniya_2,рабочий,11,3,0.240606,80,вестибюль,
vosstaniya,vosstaniya_2,рабочий,12,0,0.236223,80,вестибюль,
vosstaniya,vosstaniya_2,рабочий,12,1,0.243258,80,вестибюль,
vosstaniya,vosstaniya_2,рабочий,12,2,0.26072,80,вестибюль,
vosstaniya,vosstaniya_2,рабочий,12,3,0.259798,80,вестибюль,
vosstaniya,vosstaniya_2,рабочий,13,0,0.24664,80,вестибюль,
vosstaniya,vosstaniya_2,рабочий,13,1,0.20889,80,вестибюль,
vosstaniya,vosstaniya_2,рабочий,13,2,0.25083,80,вестибюль,
vosstaniya,vosstaniya_2,рабочий,13,3,0.29364,80,вестибюль,
vosstaniya,vosstaniya_2,рабочий,14,0,0.28743,80,вестибюль,
vosstaniya,vosstaniya_2,рабочий,14,1,0.23045,80,вестибюль,
vosstaniya,vosstaniya_2,рабочий,14,2,0.234033,80,вестибюль,
vosstaniya,vosstaniya_2,рабочий,14,3,0.248087,80,вестибюль,
vosstaniya,vosstaniya_2,рабочий,15,0,0.247095,80,вестибюль,
vosstaniya,vosstaniya_2,рабочий,15,1,0.24167,80,вестибюль,
vosstaniya,vosstaniya_2,рабочий,15,2,0.254446,80,вестибюль,
vosstaniya,vosstaniya_2,рабочий,15,3,0.256789,80,вестибюль,
vosstaniya,vosstaniya_2,рабочий,16,0,0.211712,80,вестибюль,
vosstaniya,vosstaniya_2,рабочий,16,1,0.241018,80,вестибюль,
vosstaniya,vosstaniya_2,рабочий,16,2,0.261301,80,вестибюль,
vosstaniya,vosstaniya_2,рабочий,16,3,0.28597,80,вестибюль,
vosstaniya,vosstaniya_2,рабочий,17,0,0.212446,80,вестибюль,
vosstaniya,vosstaniya_2,рабочий,17,1,0.237939,80,вестибюль,
vosstaniya,vosstaniya_2,рабочий,17,2,0.289958,80,вестибюль,
vosstaniya,vosstaniya_2,рабочий,17,3,0.259657,80,вестибюль,
vosstaniya,vosstaniya_2,рабочий,18,0,0.277387,80,вестибюль,
vosstaniya,vosstaniya_2,рабочий,18,1,0.271687,80,вестибюль,
vosstaniya,vosstaniya_2,рабочий,18,2,0.245549,80,вестибюль,
vosstaniya,vosstaniya_2,рабочий,18,3,0.205377,80,вестибюль,
vosstaniya,vosstaniya_2,рабочий,19,0,0.226419,80,вестибюль,
vosstaniya,vosstaniya_2,рабочий,19,1,0.262713,80,вестибюль,
vosstaniya,vosstaniya_2,рабочий,19,2,0.285349,80,вестибюль,
vosstaniya,vosstaniya_2,рабочий,19,3,0.225519,80,вестибюль,
vosstaniya,vosstaniya_2,рабочий,20,0,0.308704,80,вестибюль,
vosstaniya,vosstaniya_2,рабочий,20,1,0.255996,80,вестибюль,
vosstaniya,vosstaniya_2,рабочий,20,2,0.210865,80,вестибюль,
vosstaniya,vosstaniya_2,рабочий,20,3,0.224435,80,вестибюль,
vosstaniya,vosstaniya_2,рабочий,21,0,0.282467,80,вестибюль,
vosstaniya,vosstaniya_2,рабочий,21,1,0.267762,80,вестибюль,
vosstaniya,vosstaniya_2,рабочий,21,2,0.227738,80,вестибюль,
vosstaniya,vosstaniya_2,рабочий,21,3,0.222033,80,вестибюль,
vosstaniya,vosstaniya_2,рабочий,22,0,0.299871,80,вестибюль,
vosstaniya,vosstaniya_2,рабочий,22,1,0.288565,80,вестибюль,
vosstaniya,vosstaniya_2,рабочий,22,2,0.212921,80,вестибюль,
vosstaniya,vosstaniya_2,рабочий,22,3,0.198642,80,вестибюль,
vosstaniya,vosstaniya_2,рабочий,23,0,0.331326,80,вестибюль,
vosstaniya,vosstaniya_2,рабочий,23,1,0.265572,80,вестибюль,
vosstaniya,vosstaniya_2,рабочий,23,2,0.155815,80,вестибюль,
vosstaniya,vosstaniya_2,рабочий,23,3,0.247287,80,вестибюль,
vosstaniya,vosstaniya_2,рабочий,0,0,0.768301,74,вестибюль,
vosstaniya,vosstaniya_2,рабочий,0,1,0.227754,74,вестибюль,
vosstaniya,vosstaniya_2,рабочий,0,2,0.002818,74,вестибюль,
vosstaniya,vosstaniya_2,рабочий,0,3,0.001127,74,вестибюль,
vosstaniya,vosstaniya_2,суббота,5,0,0.013546,16,вестибюль,
vosstaniya,vosstaniya_2,суббота,5,1,0.012065,16,вестибюль,
vosstaniya,vosstaniya_2,суббота,5,2,0.450206,16,вестибюль,
vosstaniya,vosstaniya_2,суббота,5,3,0.524182,16,вестибюль,
vosstaniya,vosstaniya_2,суббота,6,0,0.270761,16,вестибюль,
vosstaniya,vosstaniya_2,суббота,6,1,0.222496,16,вестибюль,
vosstaniya,vosstaniya_2,суббота,6,2,0.202763,16,вестибюль,
vosstaniya,vosstaniya_2,суббота,6,3,0.30398,16,вестибюль,
vosstaniya,vosstaniya_2,суббота,7,0,0.279893,16,вестибюль,
vosstaniya,vosstaniya_2,суббота,7,1,0.224312,16,вестибюль,
vosstaniya,vosstaniya_2,суббота,7,2,0.199541,16,вестибюль,
vosstaniya,vosstaniya_2,суббота,7,3,0.296254,16,вестибюль,
vosstaniya,vosstaniya_2,суббота,8,0,0.294261,16,вестибюль,
vosstaniya,vosstaniya_2,суббота,8,1,0.257236,16,вестибюль,
vosstaniya,vosstaniya_2,суббота,8,2,0.211135,16,вестибюль,
vosstaniya,vosstaniya_2,суббота,8,3,0.237368,16,вестибюль,
vosstaniya,vosstaniya_2,суббота,9,0,0.241065,16,вестибюль,
vosstaniya,vosstaniya_2,суббота,9,1,0.319358,16,вестибюль,
vosstaniya,vosstaniya_2,суббота,9,2,0.231021,16,вестибюль,
vosstaniya,vosstaniya_2,суббота,9,3,0.208556,16,вестибюль,
vosstaniya,vosstaniya_2,суббота,10,0,0.212443,16,вестибюль,
vosstaniya,vosstaniya_2,суббота,10,1,0.22804,16,вестибюль,
vosstaniya,vosstaniya_2,суббота,10,2,0.262165,16,вестибюль,
vosstaniya,vosstaniya_2,суббота,10,3,0.297352,16,вестибюль,
vosstaniya,vosstaniya_2,суббота,11,0,0.272137,16,вестибюль,
vosstaniya,vosstaniya_2,суббота,11,1,0.254168,16,вестибюль,
vosstaniya,vosstaniya_2,суббота,11,2,0.203991,16,вестибюль,
vosstaniya,vosstaniya_2,суббота,11,3,0.269703,16,вестибюль,
vosstaniya,vosstaniya_2,суббота,12,0,0.245792,16,вестибюль,
vosstaniya,vosstaniya_2,суббота,12,1,0.226525,16,вестибюль,
vosstaniya,vosstaniya_2,суббота,12,2,0.267166,16,вестибюль,
vosstaniya,vosstaniya_2,суббота,12,3,0.260517,16,вестибюль,
vosstaniya,vosstaniya_2,суббота,13,0,0.238139,16,вестибюль,
vosstaniya,vosstaniya_2,суббота,13,1,0.210326,16,вестибюль,
vosstaniya,vosstaniya_2,суббота,13,2,0.258161,16,вестибюль,
vosstaniya,vosstaniya_2,суббота,13,3,0.293374,16,вестибюль,
vosstaniya,vosstaniya_2,суббота,14,0,0.276091,16,вестибюль,
vosstaniya,vosstaniya_2,суббота,14,1,0.227719,16,вестибюль,
vosstaniya,vosstaniya_2,суббота,14,2,0.239686,16,вестибюль,
vosstaniya,vosstaniya_2,суббота,14,3,0.256503,16,вестибюль,
vosstaniya,vosstaniya_2,суббота,15,0,0.243077,16,вестибюль,
vosstaniya,vosstaniya_2,суббота,15,1,0.222219,16,вестибюль,
vosstaniya,vosstaniya_2,суббота,15,2,0.251059,16,вестибюль,
vosstaniya,vosstaniya_2,суббота,15,3,0.283645,16,вестибюль,
vosstaniya,vosstaniya_2,суббота,16,0,0.243123,16,вестибюль,
vosstaniya,vosstaniya_2,суббота,16,1,0.247238,16,вестибюль,
vosstaniya,vosstaniya_2,суббота,16,2,0.245714,16,вестибюль,
vosstaniya,vosstaniya_2,суббота,16,3,0.263925,16,вестибюль,
vosstaniya,vosstaniya_2,суббота,17,0,0.222503,16,вестибюль,
vosstaniya,vosstaniya_2,суббота,17,1,0.251538,16,вестибюль,
vosstaniya,vosstaniya_2,суббота,17,2,0.251306,16,вестибюль,
vosstaniya,vosstaniya_2,суббота,17,3,0.274653,16,вестибюль,
vosstaniya,vosstaniya_2,суббота,18,0,0.263867,16,вестибюль,
vosstaniya,vosstaniya_2,суббота,18,1,0.270777,16,вестибюль,
vosstaniya,vosstaniya_2,суббота,18,2,0.22551,16,вестибюль,
vosstaniya,vosstaniya_2,суббота,18,3,0.239846,16,вестибюль,
vosstaniya,vosstaniya_2,суббота,19,0,0.223367,16,вестибюль,
vosstaniya,vosstaniya_2,суббота,19,1,0.245746,16,вестибюль,
vosstaniya,vosstaniya_2,суббота,19,2,0.288839,16,вестибюль,
vosstaniya,vosstaniya_2,суббота,19,3,0.242047,16,вестибюль,
vosstaniya,vosstaniya_2,суббота,20,0,0.308115,16,вестибюль,
vosstaniya,vosstaniya_2,суббота,20,1,0.26428,16,вестибюль,
vosstaniya,vosstaniya_2,суббота,20,2,0.214021,16,вестибюль,
vosstaniya,vosstaniya_2,суббота,20,3,0.213584,16,вестибюль,
vosstaniya,vosstaniya_2,суббота,21,0,0.287803,16,вестибюль,
vosstaniya,vosstaniya_2,суббота,21,1,0.258086,16,вестибюль,
vosstaniya,vosstaniya_2,суббота,21,2,0.225742,16,вестибюль,
vosstaniya,vosstaniya_2,суббота,21,3,0.228369,16,вестибюль,
vosstaniya,vosstaniya_2,суббота,22,0,0.295359,16,вестибюль,
vosstaniya,vosstaniya_2,суббота,22,1,0.268654,16,вестибюль,
vosstaniya,vosstaniya_2,суббота,22,2,0.221825,16,вестибюль,
vosstaniya,vosstaniya_2,суббота,22,3,0.214161,16,вестибюль,
vosstaniya,vosstaniya_2,суббота,23,0,0.342523,16,вестибюль,
vosstaniya,vosstaniya_2,суббота,23,1,0.281,16,вестибюль,
vosstaniya,vosstaniya_2,суббота,23,2,0.162785,16,вестибюль,
vosstaniya,vosstaniya_2,суббота,23,3,0.213691,16,вестибюль,
vosstaniya,vosstaniya_2,суббота,0,0,0.759459,15,вестибюль,
vosstaniya,vosstaniya_2,суббота,0,1,0.238707,15,вестибюль,
vosstaniya,vosstaniya_2,суббота,0,2,0.001834,15,вестибюль,
vosstaniya,vosstaniya_2,суббота,0,3,0.0,15,вестибюль,
vosstaniya,vosstaniya_2,воскресенье,5,0,0.000483,17,вестибюль,
vosstaniya,vosstaniya_2,воскресенье,5,1,0.000603,17,вестибюль,
vosstaniya,vosstaniya_2,воскресенье,5,2,0.435795,17,вестибюль,
vosstaniya,vosstaniya_2,воскресенье,5,3,0.563119,17,вестибюль,
vosstaniya,vosstaniya_2,воскресенье,6,0,0.233304,17,вестибюль,
vosstaniya,vosstaniya_2,воскресенье,6,1,0.205346,17,вестибюль,
vosstaniya,vosstaniya_2,воскресенье,6,2,0.245908,17,вестибюль,
vosstaniya,vosstaniya_2,воскресенье,6,3,0.315443,17,вестибюль,
vosstaniya,vosstaniya_2,воскресенье,7,0,0.26186,17,вестибюль,
vosstaniya,vosstaniya_2,воскресенье,7,1,0.223305,17,вестибюль,
vosstaniya,vosstaniya_2,воскресенье,7,2,0.206055,17,вестибюль,
vosstaniya,vosstaniya_2,воскресенье,7,3,0.30878,17,вестибюль,
vosstaniya,vosstaniya_2,воскресенье,8,0,0.302761,17,вестибюль,
vosstaniya,vosstaniya_2,воскресенье,8,1,0.235294,17,вестибюль,
vosstaniya,vosstaniya_2,воскресенье,8,2,0.219127,17,вестибюль,
vosstaniya,vosstaniya_2,воскресенье,8,3,0.242818,17,вестибюль,
vosstaniya,vosstaniya_2,воскресенье,9,0,0.256712,17,вестибюль,
vosstaniya,vosstaniya_2,воскресенье,9,1,0.306047,17,вестибюль,
vosstaniya,vosstaniya_2,воскресенье,9,2,0.23277,17,вестибюль,
vosstaniya,vosstaniya_2,воскресенье,9,3,0.204471,17,вестибюль,
vosstaniya,vosstaniya_2,воскресенье,10,0,0.241226,17,вестибюль,
vosstaniya,vosstaniya_2,воскресенье,10,1,0.21501,17,вестибюль,
vosstaniya,vosstaniya_2,воскресенье,10,2,0.251928,17,вестибюль,
vosstaniya,vosstaniya_2,воскресенье,10,3,0.291836,17,вестибюль,
vosstaniya,vosstaniya_2,воскресенье,11,0,0.274826,17,вестибюль,
vosstaniya,vosstaniya_2,воскресенье,11,1,0.24772,17,вестибюль,
vosstaniya,vosstaniya_2,воскресенье,11,2,0.19744,17,вестибюль,
vosstaniya,vosstaniya_2,воскресенье,11,3,0.280013,17,вестибюль,
vosstaniya,vosstaniya_2,воскресенье,12,0,0.231254,17,вестибюль,
vosstaniya,vosstaniya_2,воскресенье,12,1,0.227641,17,вестибюль,
vosstaniya,vosstaniya_2,воскресенье,12,2,0.281223,17,вестибюль,
vosstaniya,vosstaniya_2,воскресенье,12,3,0.259883,17,вестибюль,
vosstaniya,vosstaniya_2,воскресенье,13,0,0.234425,17,вестибюль,
vosstaniya,vosstaniya_2,воскресенье,13,1,0.19732,17,вестибюль,
vosstaniya,vosstaniya_2,воскресенье,13,2,0.249986,17,вестибюль,
vosstaniya,vosstaniya_2,воскресенье,13,3,0.318269,17,вестибюль,
vosstaniya,vosstaniya_2,воскресенье,14,0,0.275338,17,вестибюль,
vosstaniya,vosstaniya_2,воскресенье,14,1,0.220246,17,вестибюль,
vosstaniya,vosstaniya_2,воскресенье,14,2,0.252115,17,вестибюль,
vosstaniya,vosstaniya_2,воскресенье,14,3,0.252301,17,вестибюль,
vosstaniya,vosstaniya_2,воскресенье,15,0,0.225325,17,вестибюль,
vosstaniya,vosstaniya_2,воскресенье,15,1,0.231979,17,вестибюль,
vosstaniya,vosstaniya_2,воскресенье,15,2,0.241999,17,вестибюль,
vosstaniya,vosstaniya_2,воскресенье,15,3,0.300697,17,вестибюль,
vosstaniya,vosstaniya_2,воскресенье,16,0,0.234817,17,вестибюль,
vosstaniya,vosstaniya_2,воскресенье,16,1,0.245108,17,вестибюль,
vosstaniya,vosstaniya_2,воскресенье,16,2,0.254795,17,вестибюль,
vosstaniya,vosstaniya_2,воскресенье,16,3,0.26528,17,вестибюль,
vosstaniya,vosstaniya_2,воскресенье,17,0,0.217269,17,вестибюль,
vosstaniya,vosstaniya_2,воскресенье,17,1,0.260516,17,вестибюль,
vosstaniya,vosstaniya_2,воскресенье,17,2,0.258744,17,вестибюль,
vosstaniya,vosstaniya_2,воскресенье,17,3,0.26347,17,вестибюль,
vosstaniya,vosstaniya_2,воскресенье,18,0,0.242672,17,вестибюль,
vosstaniya,vosstaniya_2,воскресенье,18,1,0.290353,17,вестибюль,
vosstaniya,vosstaniya_2,воскресенье,18,2,0.234702,17,вестибюль,
vosstaniya,vosstaniya_2,воскресенье,18,3,0.232272,17,вестибюль,
vosstaniya,vosstaniya_2,воскресенье,19,0,0.217469,17,вестибюль,
vosstaniya,vosstaniya_2,воскресенье,19,1,0.262654,17,вестибюль,
vosstaniya,vosstaniya_2,воскресенье,19,2,0.293517,17,вестибюль,
vosstaniya,vosstaniya_2,воскресенье,19,3,0.22636,17,вестибюль,
vosstaniya,vosstaniya_2,воскресенье,20,0,0.322843,17,вестибюль,
vosstaniya,vosstaniya_2,воскресенье,20,1,0.263507,17,вестибюль,
vosstaniya,vosstaniya_2,воскресенье,20,2,0.204811,17,вестибюль,
vosstaniya,vosstaniya_2,воскресенье,20,3,0.208839,17,вестибюль,
vosstaniya,vosstaniya_2,воскресенье,21,0,0.311951,17,вестибюль,
vosstaniya,vosstaniya_2,воскресенье,21,1,0.266483,17,вестибюль,
vosstaniya,vosstaniya_2,воскресенье,21,2,0.210575,17,вестибюль,
vosstaniya,vosstaniya_2,воскресенье,21,3,0.210992,17,вестибюль,
vosstaniya,vosstaniya_2,воскресенье,22,0,0.301214,17,вестибюль,
vosstaniya,vosstaniya_2,воскресенье,22,1,0.274338,17,вестибюль,
vosstaniya,vosstaniya_2,воскресенье,22,2,0.212442,17,вестибюль,
vosstaniya,vosstaniya_2,воскресенье,22,3,0.212006,17,вестибюль,
vosstaniya,vosstaniya_2,воскресенье,23,0,0.33267,17,вестибюль,
vosstaniya,vosstaniya_2,воскресенье,23,1,0.27054,17,вестибюль,
vosstaniya,vosstaniya_2,воскресенье,23,2,0.166599,17,вестибюль,
vosstaniya,vosstaniya_2,воскресенье,23,3,0.230192,17,вестибюль,
vosstaniya,vosstaniya_2,воскресенье,0,0,0.795924,17,вестибюль,
vosstaniya,vosstaniya_2,воскресенье,0,1,0.2,17,вестибюль,
vosstaniya,vosstaniya_2,воскресенье,0,2,0.001902,17,вестибюль,
vosstaniya,vosstaniya_2,воскресенье,0,3,0.002174,17,вестибюль,
vosstaniya,*,рабочий,5,0,0.002425,80,станция,
vosstaniya,*,рабочий,5,1,0.001661,80,станция,
vosstaniya,*,рабочий,5,2,0.43797,80,станция,
vosstaniya,*,рабочий,5,3,0.557944,80,станция,
vosstaniya,*,рабочий,6,0,0.216783,80,станция,
vosstaniya,*,рабочий,6,1,0.230809,80,станция,
vosstaniya,*,рабочий,6,2,0.242566,80,станция,
vosstaniya,*,рабочий,6,3,0.309842,80,станция,
vosstaniya,*,рабочий,7,0,0.190779,80,станция,
vosstaniya,*,рабочий,7,1,0.225255,80,станция,
vosstaniya,*,рабочий,7,2,0.222168,80,станция,
vosstaniya,*,рабочий,7,3,0.361798,80,станция,
vosstaniya,*,рабочий,8,0,0.240015,80,станция,
vosstaniya,*,рабочий,8,1,0.299486,80,станция,
vosstaniya,*,рабочий,8,2,0.228851,80,станция,
vosstaniya,*,рабочий,8,3,0.231648,80,станция,
vosstaniya,*,рабочий,9,0,0.235706,80,станция,
vosstaniya,*,рабочий,9,1,0.312739,80,станция,
vosstaniya,*,рабочий,9,2,0.233327,80,станция,
vosstaniya,*,рабочий,9,3,0.218227,80,станция,
vosstaniya,*,рабочий,10,0,0.256943,80,станция,
vosstaniya,*,рабочий,10,1,0.253475,80,станция,
vosstaniya,*,рабочий,10,2,0.245226,80,станция,
vosstaniya,*,рабочий,10,3,0.244356,80,станция,
vosstaniya,*,рабочий,11,0,0.246131,80,станция,
vosstaniya,*,рабочий,11,1,0.254746,80,станция,
vosstaniya,*,рабочий,11,2,0.250527,80,станция,
vosstaniya,*,рабочий,11,3,0.248596,80,станция,
vosstaniya,*,рабочий,12,0,0.238466,80,станция,
vosstaniya,*,рабочий,12,1,0.243045,80,станция,
vosstaniya,*,рабочий,12,2,0.257343,80,станция,
vosstaniya,*,рабочий,12,3,0.261146,80,станция,
vosstaniya,*,рабочий,13,0,0.245725,80,станция,
vosstaniya,*,рабочий,13,1,0.229366,80,станция,
vosstaniya,*,рабочий,13,2,0.253954,80,станция,
vosstaniya,*,рабочий,13,3,0.270955,80,станция,
vosstaniya,*,рабочий,14,0,0.263136,80,станция,
vosstaniya,*,рабочий,14,1,0.241448,80,станция,
vosstaniya,*,рабочий,14,2,0.242772,80,станция,
vosstaniya,*,рабочий,14,3,0.252644,80,станция,
vosstaniya,*,рабочий,15,0,0.243152,80,станция,
vosstaniya,*,рабочий,15,1,0.24352,80,станция,
vosstaniya,*,рабочий,15,2,0.251173,80,станция,
vosstaniya,*,рабочий,15,3,0.262155,80,станция,
vosstaniya,*,рабочий,16,0,0.223546,80,станция,
vosstaniya,*,рабочий,16,1,0.251415,80,станция,
vosstaniya,*,рабочий,16,2,0.256343,80,станция,
vosstaniya,*,рабочий,16,3,0.268696,80,станция,
vosstaniya,*,рабочий,17,0,0.212892,80,станция,
vosstaniya,*,рабочий,17,1,0.255059,80,станция,
vosstaniya,*,рабочий,17,2,0.269471,80,станция,
vosstaniya,*,рабочий,17,3,0.262578,80,станция,
vosstaniya,*,рабочий,18,0,0.270046,80,станция,
vosstaniya,*,рабочий,18,1,0.283746,80,станция,
vosstaniya,*,рабочий,18,2,0.24655,80,станция,
vosstaniya,*,рабочий,18,3,0.199659,80,станция,
vosstaniya,*,рабочий,19,0,0.256648,80,станция,
vosstaniya,*,рабочий,19,1,0.265382,80,станция,
vosstaniya,*,рабочий,19,2,0.262475,80,станция,
vosstaniya,*,рабочий,19,3,0.215496,80,станция,
vosstaniya,*,рабочий,20,0,0.293972,80,станция,
vosstaniya,*,рабочий,20,1,0.261836,80,станция,
vosstaniya,*,рабочий,20,2,0.222027,80,станция,
vosstaniya,*,рабочий,20,3,0.222166,80,станция,
vosstaniya,*,рабочий,21,0,0.282949,80,станция,
vosstaniya,*,рабочий,21,1,0.264942,80,станция,
vosstaniya,*,рабочий,21,2,0.232455,80,станция,
vosstaniya,*,рабочий,21,3,0.219654,80,станция,
vosstaniya,*,рабочий,22,0,0.299007,80,станция,
vosstaniya,*,рабочий,22,1,0.284339,80,станция,
vosstaniya,*,рабочий,22,2,0.220435,80,станция,
vosstaniya,*,рабочий,22,3,0.196219,80,станция,
vosstaniya,*,рабочий,23,0,0.342305,80,станция,
vosstaniya,*,рабочий,23,1,0.266463,80,станция,
vosstaniya,*,рабочий,23,2,0.169501,80,станция,
vosstaniya,*,рабочий,23,3,0.221731,80,станция,
vosstaniya,*,рабочий,0,0,0.736859,80,станция,
vosstaniya,*,рабочий,0,1,0.258566,80,станция,
vosstaniya,*,рабочий,0,2,0.003423,80,станция,
vosstaniya,*,рабочий,0,3,0.001152,80,станция,
vosstaniya,*,суббота,5,0,0.013983,16,станция,
vosstaniya,*,суббота,5,1,0.012194,16,станция,
vosstaniya,*,суббота,5,2,0.446793,16,станция,
vosstaniya,*,суббота,5,3,0.52703,16,станция,
vosstaniya,*,суббота,6,0,0.259396,16,станция,
vosstaniya,*,суббота,6,1,0.236658,16,станция,
vosstaniya,*,суббота,6,2,0.210828,16,станция,
vosstaniya,*,суббота,6,3,0.293118,16,станция,
vosstaniya,*,суббота,7,0,0.265545,16,станция,
vosstaniya,*,суббота,7,1,0.231704,16,станция,
vosstaniya,*,суббота,7,2,0.215385,16,станция,
vosstaniya,*,суббота,7,3,0.287365,16,станция,
vosstaniya,*,суббота,8,0,0.266134,16,станция,
vosstaniya,*,суббота,8,1,0.265467,16,станция,
vosstaniya,*,суббота,8,2,0.225987,16,станция,
vosstaniya,*,суббота,8,3,0.242412,16,станция,
vosstaniya,*,суббота,9,0,0.234892,16,станция,
vosstaniya,*,суббота,9,1,0.301039,16,станция,
vosstaniya,*,суббота,9,2,0.237028,16,станция,
vosstaniya,*,суббота,9,3,0.227041,16,станция,
vosstaniya,*,суббота,10,0,0.219533,16,станция,
vosstaniya,*,суббота,10,1,0.244843,16,станция,
vosstaniya,*,суббота,10,2,0.256812,16,станция,
vosstaniya,*,суббота,10,3,0.278812,16,станция,
vosstaniya,*,суббота,11,0,0.253259,16,станция,
vosstaniya,*,суббота,11,1,0.254551,16,станция,
vosstaniya,*,суббота,11,2,0.223926,16,станция,
vosstaniya,*,суббота,11,3,0.268264,16,станция,
vosstaniya,*,суббота,12,0,0.243891,16,станция,
vosstaniya,*,суббота,12,1,0.232459,16,станция,
vosstaniya,*,суббота,12,2,0.258446,16,станция,
vosstaniya,*,суббота,12,3,0.265203,16,станция,
vosstaniya,*,суббота,13,0,0.237125,16,станция,
vosstaniya,*,суббота,13,1,0.229861,16,станция,
vosstaniya,*,суббота,13,2,0.259588,16,станция,
vosstaniya,*,суббота,13,3,0.273427,16,станция,
vosstaniya,*,суббота,14,0,0.261814,16,станция,
vosstaniya,*,суббота,14,1,0.241326,16,станция,
vosstaniya,*,суббота,14,2,0.244099,16,станция,
vosstaniya,*,суббота,14,3,0.252761,16,станция,
vosstaniya,*,суббота,15,0,0.244654,16,станция,
vosstaniya,*,суббота,15,1,0.231467,16,станция,
vosstaniya,*,суббота,15,2,0.252132,16,станция,
vosstaniya,*,суббота,15,3,0.271747,16,станция,
vosstaniya,*,суббота,16,0,0.238906,16,станция,
vosstaniya,*,суббота,16,1,0.251353,16,станция,
vosstaniya,*,суббота,16,2,0.25142,16,станция,
vosstaniya,*,суббота,16,3,0.258321,16,станция,
vosstaniya,*,суббота,17,0,0.233145,16,станция,
vosstaniya,*,суббота,17,1,0.250538,16,станция,
vosstaniya,*,суббота,17,2,0.249789,16,станция,
vosstaniya,*,суббота,17,3,0.266529,16,станция,
vosstaniya,*,суббота,18,0,0.263881,16,станция,
vosstaniya,*,суббота,18,1,0.263757,16,станция,
vosstaniya,*,суббота,18,2,0.234627,16,станция,
vosstaniya,*,суббота,18,3,0.237735,16,станция,
vosstaniya,*,суббота,19,0,0.242471,16,станция,
vosstaniya,*,суббота,19,1,0.249723,16,станция,
vosstaniya,*,суббота,19,2,0.26975,16,станция,
vosstaniya,*,суббота,19,3,0.238056,16,станция,
vosstaniya,*,суббота,20,0,0.28917,16,станция,
vosstaniya,*,суббота,20,1,0.254694,16,станция,
vosstaniya,*,суббота,20,2,0.228233,16,станция,
vosstaniya,*,суббота,20,3,0.227902,16,станция,
vosstaniya,*,суббота,21,0,0.290999,16,станция,
vosstaniya,*,суббота,21,1,0.260846,16,станция,
vosstaniya,*,суббота,21,2,0.229407,16,станция,
vosstaniya,*,суббота,21,3,0.218749,16,станция,
vosstaniya,*,суббота,22,0,0.290108,16,станция,
vosstaniya,*,суббота,22,1,0.272627,16,станция,
vosstaniya,*,суббота,22,2,0.227961,16,станция,
vosstaniya,*,суббота,22,3,0.209303,16,станция,
vosstaniya,*,суббота,23,0,0.337707,16,станция,
vosstaniya,*,суббота,23,1,0.27228,16,станция,
vosstaniya,*,суббота,23,2,0.180156,16,станция,
vosstaniya,*,суббота,23,3,0.209858,16,станция,
vosstaniya,*,суббота,0,0,0.73673,16,станция,
vosstaniya,*,суббота,0,1,0.261618,16,станция,
vosstaniya,*,суббота,0,2,0.001651,16,станция,
vosstaniya,*,суббота,0,3,0.0,16,станция,
vosstaniya,*,воскресенье,5,0,0.003876,17,станция,
vosstaniya,*,воскресенье,5,1,0.001442,17,станция,
vosstaniya,*,воскресенье,5,2,0.452948,17,станция,
vosstaniya,*,воскресенье,5,3,0.541734,17,станция,
vosstaniya,*,воскресенье,6,0,0.238533,17,станция,
vosstaniya,*,воскресенье,6,1,0.223138,17,станция,
vosstaniya,*,воскресенье,6,2,0.239889,17,станция,
vosstaniya,*,воскресенье,6,3,0.29844,17,станция,
vosstaniya,*,воскресенье,7,0,0.255902,17,станция,
vosstaniya,*,воскресенье,7,1,0.225246,17,станция,
vosstaniya,*,воскресенье,7,2,0.223934,17,станция,
vosstaniya,*,воскресенье,7,3,0.294918,17,станция,
vosstaniya,*,воскресенье,8,0,0.274855,17,станция,
vosstaniya,*,воскресенье,8,1,0.242485,17,станция,
vosstaniya,*,воскресенье,8,2,0.231977,17,станция,
vosstaniya,*,воскресенье,8,3,0.250683,17,станция,
vosstaniya,*,воскресенье,9,0,0.244083,17,станция,
vosstaniya,*,воскресенье,9,1,0.300094,17,станция,
vosstaniya,*,воскресенье,9,2,0.239399,17,станция,
vosstaniya,*,воскресенье,9,3,0.216424,17,станция,
vosstaniya,*,воскресенье,10,0,0.238934,17,станция,
vosstaniya,*,воскресенье,10,1,0.231874,17,станция,
vosstaniya,*,воскресенье,10,2,0.252262,17,станция,
vosstaniya,*,воскресенье,10,3,0.27693,17,станция,
vosstaniya,*,воскресенье,11,0,0.251394,17,станция,
vosstaniya,*,воскресенье,11,1,0.256231,17,станция,
vosstaniya,*,воскресенье,11,2,0.219082,17,станция,
vosstaniya,*,воскресенье,11,3,0.273293,17,станция,
vosstaniya,*,воскресенье,12,0,0.233286,17,станция,
vosstaniya,*,воскресенье,12,1,0.234916,17,станция,
vosstaniya,*,воскресенье,12,2,0.271216,17,станция,
vosstaniya,*,воскресенье,12,3,0.260582,17,станция,
vosstaniya,*,воскресенье,13,0,0.23368,17,станция,
vosstaniya,*,воскресенье,13,1,0.221175,17,станция,
vosstaniya,*,воскресенье,13,2,0.251203,17,станция,
vosstaniya,*,воскресенье,13,3,0.293941,17,станция,
vosstaniya,*,воскресенье,14,0,0.261334,17,станция,
vosstaniya,*,воскресенье,14,1,0.239615,17,станция,
vosstaniya,*,воскресенье,14,2,0.246544,17,станция,
vosstaniya,*,воскресенье,14,3,0.252507,17,станция,
vosstaniya,*,воскресенье,15,0,0.234472,17,станция,
vosstaniya,*,воскресенье,15,1,0.241028,17,станция,
vosstaniya,*,воскресенье,15,2,0.245508,17,станция,
vosstaniya,*,воскресенье,15,3,0.278992,17,станция,
vosstaniya,*,воскресенье,16,0,0.231126,17,станция,
vosstaniya,*,воскресенье,16,1,0.250777,17,станция,
vosstaniya,*,воскресенье,16,2,0.259498,17,станция,
vosstaniya,*,воскресенье,16,3,0.258599,17,станция,
vosstaniya,*,воскресенье,17,0,0.226103,17,станция,
vosstaniya,*,воскресенье,17,1,0.257069,17,станция,
vosstaniya,*,воскресенье,17,2,0.254715,17,станция,
vosstaniya,*,воскресенье,17,3,0.262113,17,станция,
vosstaniya,*,воскресенье,18,0,0.250325,17,станция,
vosstaniya,*,воскресенье,18,1,0.277396,17,станция,
vosstaniya,*,воскресенье,18,2,0.237674,17,станция,
vosstaniya,*,воскресенье,18,3,0.234606,17,станция,
vosstaniya,*,воскресенье,19,0,0.236499,17,станция,
vosstaniya,*,воскресенье,19,1,0.262265,17,станция,
vosstaniya,*,воскресенье,19,2,0.275715,17,станция,
vosstaniya,*,воскресенье,19,3,0.22552,17,станция,
vosstaniya,*,воскресенье,20,0,0.299713,17,станция,
vosstaniya,*,воскресенье,20,1,0.261847,17,станция,
vosstaniya,*,воскресенье,20,2,0.219334,17,станция,
vosstaniya,*,воскресенье,20,3,0.219106,17,станция,
vosstaniya,*,воскресенье,21,0,0.284977,17,станция,
vosstaniya,*,воскресенье,21,1,0.251169,17,станция,
vosstaniya,*,воскресенье,21,2,0.240821,17,станция,
vosstaniya,*,воскресенье,21,3,0.223033,17,станция,
vosstaniya,*,воскресенье,22,0,0.298199,17,станция,
vosstaniya,*,воскресенье,22,1,0.266981,17,станция,
vosstaniya,*,воскресенье,22,2,0.220961,17,станция,
vosstaniya,*,воскресенье,22,3,0.213859,17,станция,
vosstaniya,*,воскресенье,23,0,0.350894,17,станция,
vosstaniya,*,воскресенье,23,1,0.267333,17,станция,
vosstaniya,*,воскресенье,23,2,0.175858,17,станция,
vosstaniya,*,воскресенье,23,3,0.205915,17,станция,
vosstaniya,*,воскресенье,0,0,0.765889,17,станция,
vosstaniya,*,воскресенье,0,1,0.230273,17,станция,
vosstaniya,*,воскресенье,0,2,0.002149,17,станция,
vosstaniya,*,воскресенье,0,3,0.001689,17,станция,
vladimirskaya,vladimirskaya_1,рабочий,5,0,0.010359,80,вестибюль,
vladimirskaya,vladimirskaya_1,рабочий,5,1,0.004244,80,вестибюль,
vladimirskaya,vladimirskaya_1,рабочий,5,2,0.517349,80,вестибюль,
vladimirskaya,vladimirskaya_1,рабочий,5,3,0.468048,80,вестибюль,
vladimirskaya,vladimirskaya_1,рабочий,6,0,0.210251,80,вестибюль,
vladimirskaya,vladimirskaya_1,рабочий,6,1,0.257573,80,вестибюль,
vladimirskaya,vladimirskaya_1,рабочий,6,2,0.267832,80,вестибюль,
vladimirskaya,vladimirskaya_1,рабочий,6,3,0.264345,80,вестибюль,
vladimirskaya,vladimirskaya_1,рабочий,7,0,0.237527,80,вестибюль,
vladimirskaya,vladimirskaya_1,рабочий,7,1,0.245346,80,вестибюль,
vladimirskaya,vladimirskaya_1,рабочий,7,2,0.246564,80,вестибюль,
vladimirskaya,vladimirskaya_1,рабочий,7,3,0.270563,80,вестибюль,
vladimirskaya,vladimirskaya_1,рабочий,8,0,0.230892,80,вестибюль,
vladimirskaya,vladimirskaya_1,рабочий,8,1,0.281026,80,вестибюль,
vladimirskaya,vladimirskaya_1,рабочий,8,2,0.265683,80,вестибюль,
vladimirskaya,vladimirskaya_1,рабочий,8,3,0.222399,80,вестибюль,
vladimirskaya,vladimirskaya_1,рабочий,9,0,0.252873,80,вестибюль,
vladimirskaya,vladimirskaya_1,рабочий,9,1,0.273911,80,вестибюль,
vladimirskaya,vladimirskaya_1,рабочий,9,2,0.250491,80,вестибюль,
vladimirskaya,vladimirskaya_1,рабочий,9,3,0.222724,80,вестибюль,
vladimirskaya,vladimirskaya_1,рабочий,10,0,0.255198,80,вестибюль,
vladimirskaya,vladimirskaya_1,рабочий,10,1,0.259917,80,вестибюль,
vladimirskaya,vladimirskaya_1,рабочий,10,2,0.247829,80,вестибюль,
vladimirskaya,vladimirskaya_1,рабочий,10,3,0.237056,80,вестибюль,
vladimirskaya,vladimirskaya_1,рабочий,11,0,0.226741,80,вестибюль,
vladimirskaya,vladimirskaya_1,рабочий,11,1,0.251852,80,вестибюль,
vladimirskaya,vladimirskaya_1,рабочий,11,2,0.265133,80,вестибюль,
vladimirskaya,vladimirskaya_1,рабочий,11,3,0.256273,80,вестибюль,
vladimirskaya,vladimirskaya_1,рабочий,12,0,0.239013,80,вестибюль,
vladimirskaya,vladimirskaya_1,рабочий,12,1,0.248832,80,вестибюль,
vladimirskaya,vladimirskaya_1,рабочий,12,2,0.25408,80,вестибюль,
vladimirskaya,vladimirskaya_1,рабочий,12,3,0.258075,80,вестибюль,
vladimirskaya,vladimirskaya_1,рабочий,13,0,0.248246,80,вестибюль,
vladimirskaya,vladimirskaya_1,рабочий,13,1,0.264132,80,вестибюль,
vladimirskaya,vladimirskaya_1,рабочий,13,2,0.249891,80,вестибюль,
vladimirskaya,vladimirskaya_1,рабочий,13,3,0.237732,80,вестибюль,
vladimirskaya,vladimirskaya_1,рабочий,14,0,0.224685,80,вестибюль,
vladimirskaya,vladimirskaya_1,рабочий,14,1,0.257243,80,вестибюль,
vladimirskaya,vladimirskaya_1,рабочий,14,2,0.238377,80,вестибюль,
vladimirskaya,vladimirskaya_1,рабочий,14,3,0.279694,80,вестибюль,
vladimirskaya,vladimirskaya_1,рабочий,15,0,0.262451,80,вестибюль,
vladimirskaya,vladimirskaya_1,рабочий,15,1,0.25072,80,вестибюль,
vladimirskaya,vladimirskaya_1,рабочий,15,2,0.240301,80,вестибюль,
vladimirskaya,vladimirskaya_1,рабочий,15,3,0.246528,80,вестибюль,
vladimirskaya,vladimirskaya_1,рабочий,16,0,0.23426,80,вестибюль,
vladimirskaya,vladimirskaya_1,рабочий,16,1,0.245288,80,вестибюль,
vladimirskaya,vladimirskaya_1,рабочий,16,2,0.268534,80,вестибюль,
vladimirskaya,vladimirskaya_1,рабочий,16,3,0.251918,80,вестибюль,
vladimirskaya,vladimirskaya_1,рабочий,17,0,0.255342,80,вестибюль,
vladimirskaya,vladimirskaya_1,рабочий,17,1,0.25159,80,вестибюль,
vladimirskaya,vladimirskaya_1,рабочий,17,2,0.237555,80,вестибюль,
vladimirskaya,vladimirskaya_1,рабочий,17,3,0.255514,80,вестибюль,
vladimirskaya,vladimirskaya_1,рабочий,18,0,0.299321,80,вестибюль,
vladimirskaya,vladimirskaya_1,рабочий,18,1,0.279769,80,вестибюль,
vladimirskaya,vladimirskaya_1,рабочий,18,2,0.215369,80,вестибюль,
vladimirskaya,vladimirskaya_1,рабочий,18,3,0.205541,80,вестибюль,
vladimirskaya,vladimirskaya_1,рабочий,19,0,0.29519,80,вестибюль,
vladimirskaya,vladimirskaya_1,рабочий,19,1,0.270712,80,вестибюль,
vladimirskaya,vladimirskaya_1,рабочий,19,2,0.22443,80,вестибюль,
vladimirskaya,vladimirskaya_1,рабочий,19,3,0.209668,80,вестибюль,
vladimirskaya,vladimirskaya_1,рабочий,20,0,0.280584,80,вестибюль,
vladimirskaya,vladimirskaya_1,рабочий,20,1,0.263567,80,вестибюль,
vladimirskaya,vladimirskaya_1,рабочий,20,2,0.228642,80,вестибюль,
vladimirskaya,vladimirskaya_1,рабочий,20,3,0.227206,80,вестибюль,
vladimirskaya,vladimirskaya_1,рабочий,21,0,0.303609,80,вестибюль,
vladimirskaya,vladimirskaya_1,рабочий,21,1,0.271955,80,вестибюль,
vladimirskaya,vladimirskaya_1,рабочий,21,2,0.221851,80,вестибюль,
vladimirskaya,vladimirskaya_1,рабочий,21,3,0.202585,80,вестибюль,
vladimirskaya,vladimirskaya_1,рабочий,22,0,0.308199,80,вестибюль,
vladimirskaya,vladimirskaya_1,рабочий,22,1,0.281926,80,вестибюль,
vladimirskaya,vladimirskaya_1,рабочий,22,2,0.221404,80,вестибюль,
vladimirskaya,vladimirskaya_1,рабочий,22,3,0.188472,80,вестибюль,
vladimirskaya,vladimirskaya_1,рабочий,23,0,0.292152,80,вестибюль,
vladimirskaya,vladimirskaya_1,рабочий,23,1,0.269708,80,вестибюль,
vladimirskaya,vladimirskaya_1,рабочий,23,2,0.215707,80,вестибюль,
vladimirskaya,vladimirskaya_1,рабочий,23,3,0.222433,80,вестибюль,
vladimirskaya,vladimirskaya_1,рабочий,0,0,0.681756,80,вестибюль,
vladimirskaya,vladimirskaya_1,рабочий,0,1,0.304739,80,вестибюль,
vladimirskaya,vladimirskaya_1,рабочий,0,2,0.007049,80,вестибюль,
vladimirskaya,vladimirskaya_1,рабочий,0,3,0.006455,80,вестибюль,
vladimirskaya,vladimirskaya_1,суббота,5,0,0.021099,16,вестибюль,
vladimirskaya,vladimirskaya_1,суббота,5,1,0.024043,16,вестибюль,
vladimirskaya,vladimirskaya_1,суббота,5,2,0.475466,16,вестибюль,
vladimirskaya,vladimirskaya_1,суббота,5,3,0.479392,16,вестибюль,
vladimirskaya,vladimirskaya_1,суббота,6,0,0.242033,16,вестибюль,
vladimirskaya,vladimirskaya_1,суббота,6,1,0.271451,16,вестибюль,
vladimirskaya,vladimirskaya_1,суббота,6,2,0.242478,16,вестибюль,
vladimirskaya,vladimirskaya_1,суббота,6,3,0.244038,16,вестибюль,
vladimirskaya,vladimirskaya_1,суббота,7,0,0.268628,16,вестибюль,
vladimirskaya,vladimirskaya_1,суббота,7,1,0.226295,16,вестибюль,
vladimirskaya,vladimirskaya_1,суббота,7,2,0.24075,16,вестибюль,
vladimirskaya,vladimirskaya_1,суббота,7,3,0.264326,16,вестибюль,
vladimirskaya,vladimirskaya_1,суббота,8,0,0.246287,16,вестибюль,
vladimirskaya,vladimirskaya_1,суббота,8,1,0.260149,16,вестибюль,
vladimirskaya,vladimirskaya_1,суббота,8,2,0.254208,16,вестибюль,
vladimirskaya,vladimirskaya_1,суббота,8,3,0.239356,16,вестибюль,
vladimirskaya,vladimirskaya_1,суббота,9,0,0.235472,16,вестибюль,
vladimirskaya,vladimirskaya_1,суббота,9,1,0.259302,16,вестибюль,
vladimirskaya,vladimirskaya_1,суббота,9,2,0.26296,16,вестибюль,
vladimirskaya,vladimirskaya_1,суббота,9,3,0.242266,16,вестибюль,
vladimirskaya,vladimirskaya_1,суббота,10,0,0.232367,16,вестибюль,
vladimirskaya,vladimirskaya_1,суббота,10,1,0.259502,16,вестибюль,
vladimirskaya,vladimirskaya_1,суббота,10,2,0.254022,16,вестибюль,
vladimirskaya,vladimirskaya_1,суббота,10,3,0.25411,16,вестибюль,
vladimirskaya,vladimirskaya_1,суббота,11,0,0.207734,16,вестибюль,
vladimirskaya,vladimirskaya_1,суббота,11,1,0.247775,16,вестибюль,
vladimirskaya,vladimirskaya_1,суббота,11,2,0.280356,16,вестибюль,
vladimirskaya,vladimirskaya_1,суббота,11,3,0.264134,16,вестибюль,
vladimirskaya,vladimirskaya_1,суббота,12,0,0.244911,16,вестибюль,
vladimirskaya,vladimirskaya_1,суббота,12,1,0.255722,16,вестибюль,
vladimirskaya,vladimirskaya_1,суббота,12,2,0.252961,16,вестибюль,
vladimirskaya,vladimirskaya_1,суббота,12,3,0.246406,16,вестибюль,
vladimirskaya,vladimirskaya_1,суббота,13,0,0.237393,16,вестибюль,
vladimirskaya,vladimirskaya_1,суббота,13,1,0.251478,16,вестибюль,
vladimirskaya,vladimirskaya_1,суббота,13,2,0.266386,16,вестибюль,
vladimirskaya,vladimirskaya_1,суббота,13,3,0.244744,16,вестибюль,
vladimirskaya,vladimirskaya_1,суббота,14,0,0.230859,16,вестибюль,
vladimirskaya,vladimirskaya_1,суббота,14,1,0.261574,16,вестибюль,
vladimirskaya,vladimirskaya_1,суббота,14,2,0.243154,16,вестибюль,
vladimirskaya,vladimirskaya_1,суббота,14,3,0.264412,16,вестибюль,
vladimirskaya,vladimirskaya_1,суббота,15,0,0.257849,16,вестибюль,
vladimirskaya,vladimirskaya_1,суббота,15,1,0.262652,16,вестибюль,
vladimirskaya,vladimirskaya_1,суббота,15,2,0.242209,16,вестибюль,
vladimirskaya,vladimirskaya_1,суббота,15,3,0.23729,16,вестибюль,
vladimirskaya,vladimirskaya_1,суббота,16,0,0.25791,16,вестибюль,
vladimirskaya,vladimirskaya_1,суббота,16,1,0.266938,16,вестибюль,
vladimirskaya,vladimirskaya_1,суббота,16,2,0.244607,16,вестибюль,
vladimirskaya,vladimirskaya_1,суббота,16,3,0.230545,16,вестибюль,
vladimirskaya,vladimirskaya_1,суббота,17,0,0.251152,16,вестибюль,
vladimirskaya,vladimirskaya_1,суббота,17,1,0.258785,16,вестибюль,
vladimirskaya,vladimirskaya_1,суббота,17,2,0.235472,16,вестибюль,
vladimirskaya,vladimirskaya_1,суббота,17,3,0.254591,16,вестибюль,
vladimirskaya,vladimirskaya_1,суббота,18,0,0.258049,16,вестибюль,
vladimirskaya,vladimirskaya_1,суббота,18,1,0.253811,16,вестибюль,
vladimirskaya,vladimirskaya_1,суббота,18,2,0.242566,16,вестибюль,
vladimirskaya,vladimirskaya_1,суббота,18,3,0.245574,16,вестибюль,
vladimirskaya,vladimirskaya_1,суббота,19,0,0.282649,16,вестибюль,
vladimirskaya,vladimirskaya_1,суббота,19,1,0.250746,16,вестибюль,
vladimirskaya,vladimirskaya_1,суббота,19,2,0.23797,16,вестибюль,
vladimirskaya,vladimirskaya_1,суббота,19,3,0.228636,16,вестибюль,
vladimirskaya,vladimirskaya_1,суббота,20,0,0.274205,16,вестибюль,
vladimirskaya,vladimirskaya_1,суббота,20,1,0.258805,16,вестибюль,
vladimirskaya,vladimirskaya_1,суббота,20,2,0.233243,16,вестибюль,
vladimirskaya,vladimirskaya_1,суббота,20,3,0.233747,16,вестибюль,
vladimirskaya,vladimirskaya_1,суббота,21,0,0.274056,16,вестибюль,
vladimirskaya,vladimirskaya_1,суббота,21,1,0.259366,16,вестибюль,
vladimirskaya,vladimirskaya_1,суббота,21,2,0.229245,16,вестибюль,
vladimirskaya,vladimirskaya_1,суббота,21,3,0.237332,16,вестибюль,
vladimirskaya,vladimirskaya_1,суббота,22,0,0.285988,16,вестибюль,
vladimirskaya,vladimirskaya_1,суббота,22,1,0.265029,16,вестибюль,
vladimirskaya,vladimirskaya_1,суббота,22,2,0.24398,16,вестибюль,
vladimirskaya,vladimirskaya_1,суббота,22,3,0.205004,16,вестибюль,
vladimirskaya,vladimirskaya_1,суббота,23,0,0.260641,16,вестибюль,
vladimirskaya,vladimirskaya_1,суббота,23,1,0.249544,16,вестибюль,
vladimirskaya,vladimirskaya_1,суббота,23,2,0.241,16,вестибюль,
vladimirskaya,vladimirskaya_1,суббота,23,3,0.248815,16,вестибюль,
vladimirskaya,vladimirskaya_1,суббота,0,0,0.699743,16,вестибюль,
vladimirskaya,vladimirskaya_1,суббота,0,1,0.295694,16,вестибюль,
vladimirskaya,vladimirskaya_1,суббота,0,2,0.003137,16,вестибюль,
vladimirskaya,vladimirskaya_1,суббота,0,3,0.001426,16,вестибюль,
vladimirskaya,vladimirskaya_1,воскресенье,5,0,0.006511,17,вестибюль,
vladimirskaya,vladimirskaya_1,воскресенье,5,1,0.001915,17,вестибюль,
vladimirskaya,vladimirskaya_1,воскресенье,5,2,0.517426,17,вестибюль,
vladimirskaya,vladimirskaya_1,воскресенье,5,3,0.474148,17,вестибюль,
vladimirskaya,vladimirskaya_1,воскресенье,6,0,0.264902,17,вестибюль,
vladimirskaya,vladimirskaya_1,воскресенье,6,1,0.278866,17,вестибюль,
vladimirskaya,vladimirskaya_1,воскресенье,6,2,0.237599,17,вестибюль,
vladimirskaya,vladimirskaya_1,воскресенье,6,3,0.218633,17,вестибюль,
vladimirskaya,vladimirskaya_1,воскресенье,7,0,0.277209,17,вестибюль,
vladimirskaya,vladimirskaya_1,воскресенье,7,1,0.231792,17,вестибюль,
vladimirskaya,vladimirskaya_1,воскресенье,7,2,0.240385,17,вестибюль,
vladimirskaya,vladimirskaya_1,воскресенье,7,3,0.250614,17,вестибюль,
vladimirskaya,vladimirskaya_1,воскресенье,8,0,0.224947,17,вестибюль,
vladimirskaya,vladimirskaya_1,воскресенье,8,1,0.25769,17,вестибюль,
vladimirskaya,vladimirskaya_1,воскресенье,8,2,0.272431,17,вестибюль,
vladimirskaya,vladimirskaya_1,воскресенье,8,3,0.244933,17,вестибюль,
vladimirskaya,vladimirskaya_1,воскресенье,9,0,0.253605,17,вестибюль,
vladimirskaya,vladimirskaya_1,воскресенье,9,1,0.254419,17,вестибюль,
vladimirskaya,vladimirskaya_1,воскресенье,9,2,0.251395,17,вестибюль,
vladimirskaya,vladimirskaya_1,воскресенье,9,3,0.240581,17,вестибюль,
vladimirskaya,vladimirskaya_1,воскресенье,10,0,0.23966,17,вестибюль,
vladimirskaya,vladimirskaya_1,воскресенье,10,1,0.250544,17,вестибюль,
vladimirskaya,vladimirskaya_1,воскресенье,10,2,0.257836,17,вестибюль,
vladimirskaya,vladimirskaya_1,воскресенье,10,3,0.251959,17,вестибюль,
vladimirskaya,vladimirskaya_1,воскресенье,11,0,0.228321,17,вестибюль,
vladimirskaya,vladimirskaya_1,воскресенье,11,1,0.248789,17,вестибюль,
vladimirskaya,vladimirskaya_1,воскресенье,11,2,0.258647,17,вестибюль,
vladimirskaya,vladimirskaya_1,воскресенье,11,3,0.264244,17,вестибюль,
vladimirskaya,vladimirskaya_1,воскресенье,12,0,0.259539,17,вестибюль,
vladimirskaya,vladimirskaya_1,воскресенье,12,1,0.258096,17,вестибюль,
vladimirskaya,vladimirskaya_1,воскресенье,12,2,0.242489,17,вестибюль,
vladimirskaya,vladimirskaya_1,воскресенье,12,3,0.239876,17,вестибюль,
vladimirskaya,vladimirskaya_1,воскресенье,13,0,0.234632,17,вестибюль,
vladimirskaya,vladimirskaya_1,воскресенье,13,1,0.250668,17,вестибюль,
vladimirskaya,vladimirskaya_1,воскресенье,13,2,0.258189,17,вестибюль,
vladimirskaya,vladimirskaya_1,воскресенье,13,3,0.256511,17,вестибюль,
vladimirskaya,vladimirskaya_1,воскресенье,14,0,0.245005,17,вестибюль,
vladimirskaya,vladimirskaya_1,воскресенье,14,1,0.266811,17,вестибюль,
vladimirskaya,vladimirskaya_1,воскресенье,14,2,0.234158,17,вестибюль,
vladimirskaya,vladimirskaya_1,воскресенье,14,3,0.254026,17,вестибюль,
vladimirskaya,vladimirskaya_1,воскресенье,15,0,0.248254,17,вестибюль,
vladimirskaya,vladimirskaya_1,воскресенье,15,1,0.247805,17,вестибюль,
vladimirskaya,vladimirskaya_1,воскресенье,15,2,0.250898,17,вестибюль,
vladimirskaya,vladimirskaya_1,воскресенье,15,3,0.253043,17,вестибюль,
vladimirskaya,vladimirskaya_1,воскресенье,16,0,0.241323,17,вестибюль,
vladimirskaya,vladimirskaya_1,воскресенье,16,1,0.259406,17,вестибюль,
vladimirskaya,vladimirskaya_1,воскресенье,16,2,0.263323,17,вестибюль,
vladimirskaya,vladimirskaya_1,воскресенье,16,3,0.235948,17,вестибюль,
vladimirskaya,vladimirskaya_1,воскресенье,17,0,0.244758,17,вестибюль,
vladimirskaya,vladimirskaya_1,воскресенье,17,1,0.254472,17,вестибюль,
vladimirskaya,vladimirskaya_1,воскресенье,17,2,0.24249,17,вестибюль,
vladimirskaya,vladimirskaya_1,воскресенье,17,3,0.25828,17,вестибюль,
vladimirskaya,vladimirskaya_1,воскресенье,18,0,0.268931,17,вестибюль,
vladimirskaya,vladimirskaya_1,воскресенье,18,1,0.263154,17,вестибюль,
vladimirskaya,vladimirskaya_1,воскресенье,18,2,0.23388,17,вестибюль,
vladimirskaya,vladimirskaya_1,воскресенье,18,3,0.234036,17,вестибюль,
vladimirskaya,vladimirskaya_1,воскресенье,19,0,0.271154,17,вестибюль,
vladimirskaya,vladimirskaya_1,воскресенье,19,1,0.259487,17,вестибюль,
vladimirskaya,vladimirskaya_1,воскресенье,19,2,0.237222,17,вестибюль,
vladimirskaya,vladimirskaya_1,воскресенье,19,3,0.232137,17,вестибюль,
vladimirskaya,vladimirskaya_1,воскресенье,20,0,0.276132,17,вестибюль,
vladimirskaya,vladimirskaya_1,воскресенье,20,1,0.257555,17,вестибюль,
vladimirskaya,vladimirskaya_1,воскресенье,20,2,0.234911,17,вестибюль,
vladimirskaya,vladimirskaya_1,воскресенье,20,3,0.231401,17,вестибюль,
vladimirskaya,vladimirskaya_1,воскресенье,21,0,0.282529,17,вестибюль,
vladimirskaya,vladimirskaya_1,воскресенье,21,1,0.261319,17,вестибюль,
vladimirskaya,vladimirskaya_1,воскресенье,21,2,0.237252,17,вестибюль,
vladimirskaya,vladimirskaya_1,воскресенье,21,3,0.2189,17,вестибюль,
vladimirskaya,vladimirskaya_1,воскресенье,22,0,0.303357,17,вестибюль,
vladimirskaya,vladimirskaya_1,воскресенье,22,1,0.260823,17,вестибюль,
vladimirskaya,vladimirskaya_1,воскресенье,22,2,0.242632,17,вестибюль,
vladimirskaya,vladimirskaya_1,воскресенье,22,3,0.193188,17,вестибюль,
vladimirskaya,vladimirskaya_1,воскресенье,23,0,0.281168,17,вестибюль,
vladimirskaya,vladimirskaya_1,воскресенье,23,1,0.276788,17,вестибюль,
vladimirskaya,vladimirskaya_1,воскресенье,23,2,0.217664,17,вестибюль,
vladimirskaya,vladimirskaya_1,воскресенье,23,3,0.22438,17,вестибюль,
vladimirskaya,vladimirskaya_1,воскресенье,0,0,0.711962,17,вестибюль,
vladimirskaya,vladimirskaya_1,воскресенье,0,1,0.271292,17,вестибюль,
vladimirskaya,vladimirskaya_1,воскресенье,0,2,0.005742,17,вестибюль,
vladimirskaya,vladimirskaya_1,воскресенье,0,3,0.011005,17,вестибюль,
vladimirskaya,*,рабочий,5,0,0.010359,80,станция,
vladimirskaya,*,рабочий,5,1,0.004244,80,станция,
vladimirskaya,*,рабочий,5,2,0.517349,80,станция,
vladimirskaya,*,рабочий,5,3,0.468048,80,станция,
vladimirskaya,*,рабочий,6,0,0.210251,80,станция,
vladimirskaya,*,рабочий,6,1,0.257573,80,станция,
vladimirskaya,*,рабочий,6,2,0.267832,80,станция,
vladimirskaya,*,рабочий,6,3,0.264345,80,станция,
vladimirskaya,*,рабочий,7,0,0.237527,80,станция,
vladimirskaya,*,рабочий,7,1,0.245346,80,станция,
vladimirskaya,*,рабочий,7,2,0.246564,80,станция,
vladimirskaya,*,рабочий,7,3,0.270563,80,станция,
vladimirskaya,*,рабочий,8,0,0.230892,80,станция,
vladimirskaya,*,рабочий,8,1,0.281026,80,станция,
vladimirskaya,*,рабочий,8,2,0.265683,80,станция,
vladimirskaya,*,рабочий,8,3,0.222399,80,станция,
vladimirskaya,*,рабочий,9,0,0.252873,80,станция,
vladimirskaya,*,рабочий,9,1,0.273911,80,станция,
vladimirskaya,*,рабочий,9,2,0.250491,80,станция,
vladimirskaya,*,рабочий,9,3,0.222724,80,станция,
vladimirskaya,*,рабочий,10,0,0.255198,80,станция,
vladimirskaya,*,рабочий,10,1,0.259917,80,станция,
vladimirskaya,*,рабочий,10,2,0.247829,80,станция,
vladimirskaya,*,рабочий,10,3,0.237056,80,станция,
vladimirskaya,*,рабочий,11,0,0.226741,80,станция,
vladimirskaya,*,рабочий,11,1,0.251852,80,станция,
vladimirskaya,*,рабочий,11,2,0.265133,80,станция,
vladimirskaya,*,рабочий,11,3,0.256273,80,станция,
vladimirskaya,*,рабочий,12,0,0.239013,80,станция,
vladimirskaya,*,рабочий,12,1,0.248832,80,станция,
vladimirskaya,*,рабочий,12,2,0.25408,80,станция,
vladimirskaya,*,рабочий,12,3,0.258075,80,станция,
vladimirskaya,*,рабочий,13,0,0.248246,80,станция,
vladimirskaya,*,рабочий,13,1,0.264132,80,станция,
vladimirskaya,*,рабочий,13,2,0.249891,80,станция,
vladimirskaya,*,рабочий,13,3,0.237732,80,станция,
vladimirskaya,*,рабочий,14,0,0.224685,80,станция,
vladimirskaya,*,рабочий,14,1,0.257243,80,станция,
vladimirskaya,*,рабочий,14,2,0.238377,80,станция,
vladimirskaya,*,рабочий,14,3,0.279694,80,станция,
vladimirskaya,*,рабочий,15,0,0.262451,80,станция,
vladimirskaya,*,рабочий,15,1,0.25072,80,станция,
vladimirskaya,*,рабочий,15,2,0.240301,80,станция,
vladimirskaya,*,рабочий,15,3,0.246528,80,станция,
vladimirskaya,*,рабочий,16,0,0.23426,80,станция,
vladimirskaya,*,рабочий,16,1,0.245288,80,станция,
vladimirskaya,*,рабочий,16,2,0.268534,80,станция,
vladimirskaya,*,рабочий,16,3,0.251918,80,станция,
vladimirskaya,*,рабочий,17,0,0.255342,80,станция,
vladimirskaya,*,рабочий,17,1,0.25159,80,станция,
vladimirskaya,*,рабочий,17,2,0.237555,80,станция,
vladimirskaya,*,рабочий,17,3,0.255514,80,станция,
vladimirskaya,*,рабочий,18,0,0.299321,80,станция,
vladimirskaya,*,рабочий,18,1,0.279769,80,станция,
vladimirskaya,*,рабочий,18,2,0.215369,80,станция,
vladimirskaya,*,рабочий,18,3,0.205541,80,станция,
vladimirskaya,*,рабочий,19,0,0.29519,80,станция,
vladimirskaya,*,рабочий,19,1,0.270712,80,станция,
vladimirskaya,*,рабочий,19,2,0.22443,80,станция,
vladimirskaya,*,рабочий,19,3,0.209668,80,станция,
vladimirskaya,*,рабочий,20,0,0.280584,80,станция,
vladimirskaya,*,рабочий,20,1,0.263567,80,станция,
vladimirskaya,*,рабочий,20,2,0.228642,80,станция,
vladimirskaya,*,рабочий,20,3,0.227206,80,станция,
vladimirskaya,*,рабочий,21,0,0.303609,80,станция,
vladimirskaya,*,рабочий,21,1,0.271955,80,станция,
vladimirskaya,*,рабочий,21,2,0.221851,80,станция,
vladimirskaya,*,рабочий,21,3,0.202585,80,станция,
vladimirskaya,*,рабочий,22,0,0.308199,80,станция,
vladimirskaya,*,рабочий,22,1,0.281926,80,станция,
vladimirskaya,*,рабочий,22,2,0.221404,80,станция,
vladimirskaya,*,рабочий,22,3,0.188472,80,станция,
vladimirskaya,*,рабочий,23,0,0.292152,80,станция,
vladimirskaya,*,рабочий,23,1,0.269708,80,станция,
vladimirskaya,*,рабочий,23,2,0.215707,80,станция,
vladimirskaya,*,рабочий,23,3,0.222433,80,станция,
vladimirskaya,*,рабочий,0,0,0.681756,80,станция,
vladimirskaya,*,рабочий,0,1,0.304739,80,станция,
vladimirskaya,*,рабочий,0,2,0.007049,80,станция,
vladimirskaya,*,рабочий,0,3,0.006455,80,станция,
vladimirskaya,*,суббота,5,0,0.021099,16,станция,
vladimirskaya,*,суббота,5,1,0.024043,16,станция,
vladimirskaya,*,суббота,5,2,0.475466,16,станция,
vladimirskaya,*,суббота,5,3,0.479392,16,станция,
vladimirskaya,*,суббота,6,0,0.242033,16,станция,
vladimirskaya,*,суббота,6,1,0.271451,16,станция,
vladimirskaya,*,суббота,6,2,0.242478,16,станция,
vladimirskaya,*,суббота,6,3,0.244038,16,станция,
vladimirskaya,*,суббота,7,0,0.268628,16,станция,
vladimirskaya,*,суббота,7,1,0.226295,16,станция,
vladimirskaya,*,суббота,7,2,0.24075,16,станция,
vladimirskaya,*,суббота,7,3,0.264326,16,станция,
vladimirskaya,*,суббота,8,0,0.246287,16,станция,
vladimirskaya,*,суббота,8,1,0.260149,16,станция,
vladimirskaya,*,суббота,8,2,0.254208,16,станция,
vladimirskaya,*,суббота,8,3,0.239356,16,станция,
vladimirskaya,*,суббота,9,0,0.235472,16,станция,
vladimirskaya,*,суббота,9,1,0.259302,16,станция,
vladimirskaya,*,суббота,9,2,0.26296,16,станция,
vladimirskaya,*,суббота,9,3,0.242266,16,станция,
vladimirskaya,*,суббота,10,0,0.232367,16,станция,
vladimirskaya,*,суббота,10,1,0.259502,16,станция,
vladimirskaya,*,суббота,10,2,0.254022,16,станция,
vladimirskaya,*,суббота,10,3,0.25411,16,станция,
vladimirskaya,*,суббота,11,0,0.207734,16,станция,
vladimirskaya,*,суббота,11,1,0.247775,16,станция,
vladimirskaya,*,суббота,11,2,0.280356,16,станция,
vladimirskaya,*,суббота,11,3,0.264134,16,станция,
vladimirskaya,*,суббота,12,0,0.244911,16,станция,
vladimirskaya,*,суббота,12,1,0.255722,16,станция,
vladimirskaya,*,суббота,12,2,0.252961,16,станция,
vladimirskaya,*,суббота,12,3,0.246406,16,станция,
vladimirskaya,*,суббота,13,0,0.237393,16,станция,
vladimirskaya,*,суббота,13,1,0.251478,16,станция,
vladimirskaya,*,суббота,13,2,0.266386,16,станция,
vladimirskaya,*,суббота,13,3,0.244744,16,станция,
vladimirskaya,*,суббота,14,0,0.230859,16,станция,
vladimirskaya,*,суббота,14,1,0.261574,16,станция,
vladimirskaya,*,суббота,14,2,0.243154,16,станция,
vladimirskaya,*,суббота,14,3,0.264412,16,станция,
vladimirskaya,*,суббота,15,0,0.257849,16,станция,
vladimirskaya,*,суббота,15,1,0.262652,16,станция,
vladimirskaya,*,суббота,15,2,0.242209,16,станция,
vladimirskaya,*,суббота,15,3,0.23729,16,станция,
vladimirskaya,*,суббота,16,0,0.25791,16,станция,
vladimirskaya,*,суббота,16,1,0.266938,16,станция,
vladimirskaya,*,суббота,16,2,0.244607,16,станция,
vladimirskaya,*,суббота,16,3,0.230545,16,станция,
vladimirskaya,*,суббота,17,0,0.251152,16,станция,
vladimirskaya,*,суббота,17,1,0.258785,16,станция,
vladimirskaya,*,суббота,17,2,0.235472,16,станция,
vladimirskaya,*,суббота,17,3,0.254591,16,станция,
vladimirskaya,*,суббота,18,0,0.258049,16,станция,
vladimirskaya,*,суббота,18,1,0.253811,16,станция,
vladimirskaya,*,суббота,18,2,0.242566,16,станция,
vladimirskaya,*,суббота,18,3,0.245574,16,станция,
vladimirskaya,*,суббота,19,0,0.282649,16,станция,
vladimirskaya,*,суббота,19,1,0.250746,16,станция,
vladimirskaya,*,суббота,19,2,0.23797,16,станция,
vladimirskaya,*,суббота,19,3,0.228636,16,станция,
vladimirskaya,*,суббота,20,0,0.274205,16,станция,
vladimirskaya,*,суббота,20,1,0.258805,16,станция,
vladimirskaya,*,суббота,20,2,0.233243,16,станция,
vladimirskaya,*,суббота,20,3,0.233747,16,станция,
vladimirskaya,*,суббота,21,0,0.274056,16,станция,
vladimirskaya,*,суббота,21,1,0.259366,16,станция,
vladimirskaya,*,суббота,21,2,0.229245,16,станция,
vladimirskaya,*,суббота,21,3,0.237332,16,станция,
vladimirskaya,*,суббота,22,0,0.285988,16,станция,
vladimirskaya,*,суббота,22,1,0.265029,16,станция,
vladimirskaya,*,суббота,22,2,0.24398,16,станция,
vladimirskaya,*,суббота,22,3,0.205004,16,станция,
vladimirskaya,*,суббота,23,0,0.260641,16,станция,
vladimirskaya,*,суббота,23,1,0.249544,16,станция,
vladimirskaya,*,суббота,23,2,0.241,16,станция,
vladimirskaya,*,суббота,23,3,0.248815,16,станция,
vladimirskaya,*,суббота,0,0,0.699743,16,станция,
vladimirskaya,*,суббота,0,1,0.295694,16,станция,
vladimirskaya,*,суббота,0,2,0.003137,16,станция,
vladimirskaya,*,суббота,0,3,0.001426,16,станция,
vladimirskaya,*,воскресенье,5,0,0.006511,17,станция,
vladimirskaya,*,воскресенье,5,1,0.001915,17,станция,
vladimirskaya,*,воскресенье,5,2,0.517426,17,станция,
vladimirskaya,*,воскресенье,5,3,0.474148,17,станция,
vladimirskaya,*,воскресенье,6,0,0.264902,17,станция,
vladimirskaya,*,воскресенье,6,1,0.278866,17,станция,
vladimirskaya,*,воскресенье,6,2,0.237599,17,станция,
vladimirskaya,*,воскресенье,6,3,0.218633,17,станция,
vladimirskaya,*,воскресенье,7,0,0.277209,17,станция,
vladimirskaya,*,воскресенье,7,1,0.231792,17,станция,
vladimirskaya,*,воскресенье,7,2,0.240385,17,станция,
vladimirskaya,*,воскресенье,7,3,0.250614,17,станция,
vladimirskaya,*,воскресенье,8,0,0.224947,17,станция,
vladimirskaya,*,воскресенье,8,1,0.25769,17,станция,
vladimirskaya,*,воскресенье,8,2,0.272431,17,станция,
vladimirskaya,*,воскресенье,8,3,0.244933,17,станция,
vladimirskaya,*,воскресенье,9,0,0.253605,17,станция,
vladimirskaya,*,воскресенье,9,1,0.254419,17,станция,
vladimirskaya,*,воскресенье,9,2,0.251395,17,станция,
vladimirskaya,*,воскресенье,9,3,0.240581,17,станция,
vladimirskaya,*,воскресенье,10,0,0.23966,17,станция,
vladimirskaya,*,воскресенье,10,1,0.250544,17,станция,
vladimirskaya,*,воскресенье,10,2,0.257836,17,станция,
vladimirskaya,*,воскресенье,10,3,0.251959,17,станция,
vladimirskaya,*,воскресенье,11,0,0.228321,17,станция,
vladimirskaya,*,воскресенье,11,1,0.248789,17,станция,
vladimirskaya,*,воскресенье,11,2,0.258647,17,станция,
vladimirskaya,*,воскресенье,11,3,0.264244,17,станция,
vladimirskaya,*,воскресенье,12,0,0.259539,17,станция,
vladimirskaya,*,воскресенье,12,1,0.258096,17,станция,
vladimirskaya,*,воскресенье,12,2,0.242489,17,станция,
vladimirskaya,*,воскресенье,12,3,0.239876,17,станция,
vladimirskaya,*,воскресенье,13,0,0.234632,17,станция,
vladimirskaya,*,воскресенье,13,1,0.250668,17,станция,
vladimirskaya,*,воскресенье,13,2,0.258189,17,станция,
vladimirskaya,*,воскресенье,13,3,0.256511,17,станция,
vladimirskaya,*,воскресенье,14,0,0.245005,17,станция,
vladimirskaya,*,воскресенье,14,1,0.266811,17,станция,
vladimirskaya,*,воскресенье,14,2,0.234158,17,станция,
vladimirskaya,*,воскресенье,14,3,0.254026,17,станция,
vladimirskaya,*,воскресенье,15,0,0.248254,17,станция,
vladimirskaya,*,воскресенье,15,1,0.247805,17,станция,
vladimirskaya,*,воскресенье,15,2,0.250898,17,станция,
vladimirskaya,*,воскресенье,15,3,0.253043,17,станция,
vladimirskaya,*,воскресенье,16,0,0.241323,17,станция,
vladimirskaya,*,воскресенье,16,1,0.259406,17,станция,
vladimirskaya,*,воскресенье,16,2,0.263323,17,станция,
vladimirskaya,*,воскресенье,16,3,0.235948,17,станция,
vladimirskaya,*,воскресенье,17,0,0.244758,17,станция,
vladimirskaya,*,воскресенье,17,1,0.254472,17,станция,
vladimirskaya,*,воскресенье,17,2,0.24249,17,станция,
vladimirskaya,*,воскресенье,17,3,0.25828,17,станция,
vladimirskaya,*,воскресенье,18,0,0.268931,17,станция,
vladimirskaya,*,воскресенье,18,1,0.263154,17,станция,
vladimirskaya,*,воскресенье,18,2,0.23388,17,станция,
vladimirskaya,*,воскресенье,18,3,0.234036,17,станция,
vladimirskaya,*,воскресенье,19,0,0.271154,17,станция,
vladimirskaya,*,воскресенье,19,1,0.259487,17,станция,
vladimirskaya,*,воскресенье,19,2,0.237222,17,станция,
vladimirskaya,*,воскресенье,19,3,0.232137,17,станция,
vladimirskaya,*,воскресенье,20,0,0.276132,17,станция,
vladimirskaya,*,воскресенье,20,1,0.257555,17,станция,
vladimirskaya,*,воскресенье,20,2,0.234911,17,станция,
vladimirskaya,*,воскресенье,20,3,0.231401,17,станция,
vladimirskaya,*,воскресенье,21,0,0.282529,17,станция,
vladimirskaya,*,воскресенье,21,1,0.261319,17,станция,
vladimirskaya,*,воскресенье,21,2,0.237252,17,станция,
vladimirskaya,*,воскресенье,21,3,0.2189,17,станция,
vladimirskaya,*,воскресенье,22,0,0.303357,17,станция,
vladimirskaya,*,воскресенье,22,1,0.260823,17,станция,
vladimirskaya,*,воскресенье,22,2,0.242632,17,станция,
vladimirskaya,*,воскресенье,22,3,0.193188,17,станция,
vladimirskaya,*,воскресенье,23,0,0.281168,17,станция,
vladimirskaya,*,воскресенье,23,1,0.276788,17,станция,
vladimirskaya,*,воскресенье,23,2,0.217664,17,станция,
vladimirskaya,*,воскресенье,23,3,0.22438,17,станция,
vladimirskaya,*,воскресенье,0,0,0.711962,17,станция,
vladimirskaya,*,воскресенье,0,1,0.271292,17,станция,
vladimirskaya,*,воскресенье,0,2,0.005742,17,станция,
vladimirskaya,*,воскресенье,0,3,0.011005,17,станция,
pushkinskaya,pushkinskaya_1,рабочий,5,0,0.00316,80,вестибюль,
pushkinskaya,pushkinskaya_1,рабочий,5,1,0.002011,80,вестибюль,
pushkinskaya,pushkinskaya_1,рабочий,5,2,0.52054,80,вестибюль,
pushkinskaya,pushkinskaya_1,рабочий,5,3,0.474289,80,вестибюль,
pushkinskaya,pushkinskaya_1,рабочий,6,0,0.081499,80,вестибюль,
pushkinskaya,pushkinskaya_1,рабочий,6,1,0.204591,80,вестибюль,
pushkinskaya,pushkinskaya_1,рабочий,6,2,0.209779,80,вестибюль,
pushkinskaya,pushkinskaya_1,рабочий,6,3,0.504131,80,вестибюль,
pushkinskaya,pushkinskaya_1,рабочий,7,0,0.206632,80,вестибюль,
pushkinskaya,pushkinskaya_1,рабочий,7,1,0.187636,80,вестибюль,
pushkinskaya,pushkinskaya_1,рабочий,7,2,0.241672,80,вестибюль,
pushkinskaya,pushkinskaya_1,рабочий,7,3,0.364061,80,вестибюль,
pushkinskaya,pushkinskaya_1,рабочий,8,0,0.248558,80,вестибюль,
pushkinskaya,pushkinskaya_1,рабочий,8,1,0.309655,80,вестибюль,
pushkinskaya,pushkinskaya_1,рабочий,8,2,0.238185,80,вестибюль,
pushkinskaya,pushkinskaya_1,рабочий,8,3,0.203602,80,вестибюль,
pushkinskaya,pushkinskaya_1,рабочий,9,0,0.230437,80,вестибюль,
pushkinskaya,pushkinskaya_1,рабочий,9,1,0.319859,80,вестибюль,
pushkinskaya,pushkinskaya_1,рабочий,9,2,0.240989,80,вестибюль,
pushkinskaya,pushkinskaya_1,рабочий,9,3,0.208716,80,вестибюль,
pushkinskaya,pushkinskaya_1,рабочий,10,0,0.306613,80,вестибюль,
pushkinskaya,pushkinskaya_1,рабочий,10,1,0.2771,80,вестибюль,
pushkinskaya,pushkinskaya_1,рабочий,10,2,0.223618,80,вестибюль,
pushkinskaya,pushkinskaya_1,рабочий,10,3,0.192669,80,вестибюль,
pushkinskaya,pushkinskaya_1,рабочий,11,0,0.316551,80,вестибюль,
pushkinskaya,pushkinskaya_1,рабочий,11,1,0.170733,80,вестибюль,
pushkinskaya,pushkinskaya_1,рабочий,11,2,0.180028,80,вестибюль,
pushkinskaya,pushkinskaya_1,рабочий,11,3,0.332688,80,вестибюль,
pushkinskaya,pushkinskaya_1,рабочий,12,0,0.237489,80,вестибюль,
pushkinskaya,pushkinskaya_1,рабочий,12,1,0.218739,80,вестибюль,
pushkinskaya,pushkinskaya_1,рабочий,12,2,0.31511,80,вестибюль,
pushkinskaya,pushkinskaya_1,рабочий,12,3,0.228663,80,вестибюль,
pushkinskaya,pushkinskaya_1,рабочий,13,0,0.261562,80,вестибюль,
pushkinskaya,pushkinskaya_1,рабочий,13,1,0.274277,80,вестибюль,
pushkinskaya,pushkinskaya_1,рабочий,13,2,0.239758,80,вестибюль,
pushkinskaya,pushkinskaya_1,рабочий,13,3,0.224403,80,вестибюль,
pushkinskaya,pushkinskaya_1,рабочий,14,0,0.23602,80,вестибюль,
pushkinskaya,pushkinskaya_1,рабочий,14,1,0.250143,80,вестибюль,
pushkinskaya,pushkinskaya_1,рабочий,14,2,0.228996,80,вестибюль,
pushkinskaya,pushkinskaya_1,рабочий,14,3,0.284841,80,вестибюль,
pushkinskaya,pushkinskaya_1,рабочий,15,0,0.305854,80,вестибюль,
pushkinskaya,pushkinskaya_1,рабочий,15,1,0.193174,80,вестибюль,
pushkinskaya,pushkinskaya_1,рабочий,15,2,0.224654,80,вестибюль,
pushkinskaya,pushkinskaya_1,рабочий,15,3,0.276318,80,вестибюль,
pushkinskaya,pushkinskaya_1,рабочий,16,0,0.270906,80,вестибюль,
pushkinskaya,pushkinskaya_1,рабочий,16,1,0.220985,80,вестибюль,
pushkinskaya,pushkinskaya_1,рабочий,16,2,0.240609,80,вестибюль,
pushkinskaya,pushkinskaya_1,рабочий,16,3,0.267499,80,вестибюль,
pushkinskaya,pushkinskaya_1,рабочий,17,0,0.241631,80,вестибюль,
pushkinskaya,pushkinskaya_1,рабочий,17,1,0.190829,80,вестибюль,
pushkinskaya,pushkinskaya_1,рабочий,17,2,0.318984,80,вестибюль,
pushkinskaya,pushkinskaya_1,рабочий,17,3,0.248555,80,вестибюль,
pushkinskaya,pushkinskaya_1,рабочий,18,0,0.370483,80,вестибюль,
pushkinskaya,pushkinskaya_1,рабочий,18,1,0.223275,80,вестибюль,
pushkinskaya,pushkinskaya_1,рабочий,18,2,0.211882,80,вестибюль,
pushkinskaya,pushkinskaya_1,рабочий,18,3,0.19436,80,вестибюль,
pushkinskaya,pushkinskaya_1,рабочий,19,0,0.308079,80,вестибюль,
pushkinskaya,pushkinskaya_1,рабочий,19,1,0.264427,80,вестибюль,
pushkinskaya,pushkinskaya_1,рабочий,19,2,0.229058,80,вестибюль,
pushkinskaya,pushkinskaya_1,рабочий,19,3,0.198436,80,вестибюль,
pushkinskaya,pushkinskaya_1,рабочий,20,0,0.268855,80,вестибюль,
pushkinskaya,pushkinskaya_1,рабочий,20,1,0.262093,80,вестибюль,
pushkinskaya,pushkinskaya_1,рабочий,20,2,0.238042,80,вестибюль,
pushkinskaya,pushkinskaya_1,рабочий,20,3,0.23101,80,вестибюль,
pushkinskaya,pushkinskaya_1,рабочий,21,0,0.318435,80,вестибюль,
pushkinskaya,pushkinskaya_1,рабочий,21,1,0.275314,80,вестибюль,
pushkinskaya,pushkinskaya_1,рабочий,21,2,0.200345,80,вестибюль,
pushkinskaya,pushkinskaya_1,рабочий,21,3,0.205906,80,вестибюль,
pushkinskaya,pushkinskaya_1,рабочий,22,0,0.318049,80,вестибюль,
pushkinskaya,pushkinskaya_1,рабочий,22,1,0.26447,80,вестибюль,
pushkinskaya,pushkinskaya_1,рабочий,22,2,0.251009,80,вестибюль,
pushkinskaya,pushkinskaya_1,рабочий,22,3,0.166472,80,вестибюль,
pushkinskaya,pushkinskaya_1,рабочий,23,0,0.343578,80,вестибюль,
pushkinskaya,pushkinskaya_1,рабочий,23,1,0.260308,80,вестибюль,
pushkinskaya,pushkinskaya_1,рабочий,23,2,0.211838,80,вестибюль,
pushkinskaya,pushkinskaya_1,рабочий,23,3,0.184275,80,вестибюль,
pushkinskaya,pushkinskaya_1,рабочий,0,0,0.69558,80,вестибюль,
pushkinskaya,pushkinskaya_1,рабочий,0,1,0.29013,80,вестибюль,
pushkinskaya,pushkinskaya_1,рабочий,0,2,0.010635,80,вестибюль,
pushkinskaya,pushkinskaya_1,рабочий,0,3,0.003656,80,вестибюль,
pushkinskaya,pushkinskaya_1,суббота,5,0,0.025391,16,вестибюль,
pushkinskaya,pushkinskaya_1,суббота,5,1,0.027344,16,вестибюль,
pushkinskaya,pushkinskaya_1,суббота,5,2,0.464844,16,вестибюль,
pushkinskaya,pushkinskaya_1,суббота,5,3,0.482422,16,вестибюль,
pushkinskaya,pushkinskaya_1,суббота,6,0,0.074561,16,вестибюль,
pushkinskaya,pushkinskaya_1,суббота,6,1,0.235965,16,вестибюль,
pushkinskaya,pushkinskaya_1,суббота,6,2,0.161579,16,вестибюль,
pushkinskaya,pushkinskaya_1,суббота,6,3,0.527895,16,вестибюль,
pushkinskaya,pushkinskaya_1,суббота,7,0,0.284452,16,вестибюль,
pushkinskaya,pushkinskaya_1,суббота,7,1,0.171638,16,вестибюль,
pushkinskaya,pushkinskaya_1,суббота,7,2,0.212925,16,вестибюль,
pushkinskaya,pushkinskaya_1,суббота,7,3,0.330986,16,вестибюль,
pushkinskaya,pushkinskaya_1,суббота,8,0,0.15053,16,вестибюль,
pushkinskaya,pushkinskaya_1,суббота,8,1,0.407322,16,вестибюль,
pushkinskaya,pushkinskaya_1,суббота,8,2,0.220896,16,вестибюль,
pushkinskaya,pushkinskaya_1,суббота,8,3,0.221252,16,вестибюль,
pushkinskaya,pushkinskaya_1,суббота,9,0,0.179164,16,вестибюль,
pushkinskaya,pushkinskaya_1,суббота,9,1,0.362221,16,вестибюль,
pushkinskaya,pushkinskaya_1,суббота,9,2,0.202725,16,вестибюль,
pushkinskaya,pushkinskaya_1,суббота,9,3,0.25589,16,вестибюль,
pushkinskaya,pushkinskaya_1,суббота,10,0,0.300808,16,вестибюль,
pushkinskaya,pushkinskaya_1,суббота,10,1,0.290665,16,вестибюль,
pushkinskaya,pushkinskaya_1,суббота,10,2,0.201916,16,вестибюль,
pushkinskaya,pushkinskaya_1,суббота,10,3,0.206612,16,вестибюль,
pushkinskaya,pushkinskaya_1,суббота,11,0,0.319374,16,вестибюль,
pushkinskaya,pushkinskaya_1,суббота,11,1,0.164471,16,вестибюль,
pushkinskaya,pushkinskaya_1,суббота,11,2,0.190926,16,вестибюль,
pushkinskaya,pushkinskaya_1,суббота,11,3,0.325228,16,вестибюль,
pushkinskaya,pushkinskaya_1,суббота,12,0,0.245234,16,вестибюль,
pushkinskaya,pushkinskaya_1,суббота,12,1,0.227126,16,вестибюль,
pushkinskaya,pushkinskaya_1,суббота,12,2,0.289371,16,вестибюль,
pushkinskaya,pushkinskaya_1,суббота,12,3,0.238269,16,вестибюль,
pushkinskaya,pushkinskaya_1,суббота,13,0,0.233136,16,вестибюль,
pushkinskaya,pushkinskaya_1,суббота,13,1,0.325528,16,вестибюль,
pushkinskaya,pushkinskaya_1,суббота,13,2,0.221386,16,вестибюль,
pushkinskaya,pushkinskaya_1,суббота,13,3,0.219949,16,вестибюль,
pushkinskaya,pushkinskaya_1,суббота,14,0,0.292769,16,вестибюль,
pushkinskaya,pushkinskaya_1,суббота,14,1,0.259,16,вестибюль,
pushkinskaya,pushkinskaya_1,суббота,14,2,0.186692,16,вестибюль,
pushkinskaya,pushkinskaya_1,суббота,14,3,0.261538,16,вестибюль,
pushkinskaya,pushkinskaya_1,суббота,15,0,0.273307,16,вестибюль,
pushkinskaya,pushkinskaya_1,суббота,15,1,0.195513,16,вестибюль,
pushkinskaya,pushkinskaya_1,суббота,15,2,0.264115,16,вестибюль,
pushkinskaya,pushkinskaya_1,суббота,15,3,0.267065,16,вестибюль,
pushkinskaya,pushkinskaya_1,суббота,16,0,0.286359,16,вестибюль,
pushkinskaya,pushkinskaya_1,суббота,16,1,0.231635,16,вестибюль,
pushkinskaya,pushkinskaya_1,суббота,16,2,0.228358,16,вестибюль,
pushkinskaya,pushkinskaya_1,суббота,16,3,0.253648,16,вестибюль,
pushkinskaya,pushkinskaya_1,суббота,17,0,0.206948,16,вестибюль,
pushkinskaya,pushkinskaya_1,суббота,17,1,0.168939,16,вестибюль,
pushkinskaya,pushkinskaya_1,суббота,17,2,0.316221,16,вестибюль,
pushkinskaya,pushkinskaya_1,суббота,17,3,0.307892,16,вестибюль,
pushkinskaya,pushkinskaya_1,суббота,18,0,0.267736,16,вестибюль,
pushkinskaya,pushkinskaya_1,суббота,18,1,0.18482,16,вестибюль,
pushkinskaya,pushkinskaya_1,суббота,18,2,0.267947,16,вестибюль,
pushkinskaya,pushkinskaya_1,суббота,18,3,0.279498,16,вестибюль,
pushkinskaya,pushkinskaya_1,суббота,19,0,0.291783,16,вестибюль,
pushkinskaya,pushkinskaya_1,суббота,19,1,0.241377,16,вестибюль,
pushkinskaya,pushkinskaya_1,суббота,19,2,0.229964,16,вестибюль,
pushkinskaya,pushkinskaya_1,суббота,19,3,0.236875,16,вестибюль,
pushkinskaya,pushkinskaya_1,суббота,20,0,0.237991,16,вестибюль,
pushkinskaya,pushkinskaya_1,суббота,20,1,0.242897,16,вестибюль,
pushkinskaya,pushkinskaya_1,суббота,20,2,0.262451,16,вестибюль,
pushkinskaya,pushkinskaya_1,суббота,20,3,0.25666,16,вестибюль,
pushkinskaya,pushkinskaya_1,суббота,21,0,0.299215,16,вестибюль,
pushkinskaya,pushkinskaya_1,суббота,21,1,0.288496,16,вестибюль,
pushkinskaya,pushkinskaya_1,суббота,21,2,0.18704,16,вестибюль,
pushkinskaya,pushkinskaya_1,суббота,21,3,0.22525,16,вестибюль,
pushkinskaya,pushkinskaya_1,суббота,22,0,0.314913,16,вестибюль,
pushkinskaya,pushkinskaya_1,суббота,22,1,0.215986,16,вестибюль,
pushkinskaya,pushkinskaya_1,суббота,22,2,0.281732,16,вестибюль,
pushkinskaya,pushkinskaya_1,суббота,22,3,0.187369,16,вестибюль,
pushkinskaya,pushkinskaya_1,суббота,23,0,0.334029,16,вестибюль,
pushkinskaya,pushkinskaya_1,суббота,23,1,0.25297,16,вестибюль,
pushkinskaya,pushkinskaya_1,суббота,23,2,0.20305,16,вестибюль,
pushkinskaya,pushkinskaya_1,суббота,23,3,0.209952,16,вестибюль,
pushkinskaya,pushkinskaya_1,суббота,0,0,0.658405,16,вестибюль,
pushkinskaya,pushkinskaya_1,суббота,0,1,0.340517,16,вестибюль,
pushkinskaya,pushkinskaya_1,суббота,0,2,0.0,16,вестибюль,
pushkinskaya,pushkinskaya_1,суббота,0,3,0.001078,16,вестибюль,
pushkinskaya,pushkinskaya_1,воскресенье,5,0,0.0,17,вестибюль,
pushkinskaya,pushkinskaya_1,воскресенье,5,1,0.001642,17,вестибюль,
pushkinskaya,pushkinskaya_1,воскресенье,5,2,0.472906,17,вестибюль,
pushkinskaya,pushkinskaya_1,воскресенье,5,3,0.525452,17,вестибюль,
pushkinskaya,pushkinskaya_1,воскресенье,6,0,0.106811,17,вестибюль,
pushkinskaya,pushkinskaya_1,воскресенье,6,1,0.26205,17,вестибюль,
pushkinskaya,pushkinskaya_1,воскресенье,6,2,0.187825,17,вестибюль,
pushkinskaya,pushkinskaya_1,воскресенье,6,3,0.443313,17,вестибюль,
pushkinskaya,pushkinskaya_1,воскресенье,7,0,0.294616,17,вестибюль,
pushkinskaya,pushkinskaya_1,воскресенье,7,1,0.180883,17,вестибюль,
pushkinskaya,pushkinskaya_1,воскресенье,7,2,0.20125,17,вестибюль,
pushkinskaya,pushkinskaya_1,воскресенье,7,3,0.323251,17,вестибюль,
pushkinskaya,pushkinskaya_1,воскресенье,8,0,0.131728,17,вестибюль,
pushkinskaya,pushkinskaya_1,воскресенье,8,1,0.404951,17,вестибюль,
pushkinskaya,pushkinskaya_1,воскресенье,8,2,0.240631,17,вестибюль,
pushkinskaya,pushkinskaya_1,воскресенье,8,3,0.222689,17,вестибюль,
pushkinskaya,pushkinskaya_1,воскресенье,9,0,0.224276,17,вестибюль,
pushkinskaya,pushkinskaya_1,воскресенье,9,1,0.344788,17,вестибюль,
pushkinskaya,pushkinskaya_1,воскресенье,9,2,0.203852,17,вестибюль,
pushkinskaya,pushkinskaya_1,воскресенье,9,3,0.227084,17,вестибюль,
pushkinskaya,pushkinskaya_1,воскресенье,10,0,0.324786,17,вестибюль,
pushkinskaya,pushkinskaya_1,воскресенье,10,1,0.310376,17,вестибюль,
pushkinskaya,pushkinskaya_1,воскресенье,10,2,0.19678,17,вестибюль,
pushkinskaya,pushkinskaya_1,воскресенье,10,3,0.168058,17,вестибюль,
pushkinskaya,pushkinskaya_1,воскресенье,11,0,0.27061,17,вестибюль,
pushkinskaya,pushkinskaya_1,воскресенье,11,1,0.200123,17,вестибюль,
pushkinskaya,pushkinskaya_1,воскресенье,11,2,0.178681,17,вестибюль,
pushkinskaya,pushkinskaya_1,воскресенье,11,3,0.350585,17,вестибюль,
pushkinskaya,pushkinskaya_1,воскресенье,12,0,0.247719,17,вестибюль,
pushkinskaya,pushkinskaya_1,воскресенье,12,1,0.221491,17,вестибюль,
pushkinskaya,pushkinskaya_1,воскресенье,12,2,0.315351,17,вестибюль,
pushkinskaya,pushkinskaya_1,воскресенье,12,3,0.215439,17,вестибюль,
pushkinskaya,pushkinskaya_1,воскресенье,13,0,0.207657,17,вестибюль,
pushkinskaya,pushkinskaya_1,воскресенье,13,1,0.386576,17,вестибюль,
pushkinskaya,pushkinskaya_1,воскресенье,13,2,0.197346,17,вестибюль,
pushkinskaya,pushkinskaya_1,воскресенье,13,3,0.208421,17,вестибюль,
pushkinskaya,pushkinskaya_1,воскресенье,14,0,0.327751,17,вестибюль,
pushkinskaya,pushkinskaya_1,воскресенье,14,1,0.313588,17,вестибюль,
pushkinskaya,pushkinskaya_1,воскресенье,14,2,0.17529,17,вестибюль,
pushkinskaya,pushkinskaya_1,воскресенье,14,3,0.183371,17,вестибюль,
pushkinskaya,pushkinskaya_1,воскресенье,15,0,0.310847,17,вестибюль,
pushkinskaya,pushkinskaya_1,воскресенье,15,1,0.185275,17,вестибюль,
pushkinskaya,pushkinskaya_1,воскресенье,15,2,0.265387,17,вестибюль,
pushkinskaya,pushkinskaya_1,воскресенье,15,3,0.238492,17,вестибюль,
pushkinskaya,pushkinskaya_1,воскресенье,16,0,0.312246,17,вестибюль,
pushkinskaya,pushkinskaya_1,воскресенье,16,1,0.207571,17,вестибюль,
pushkinskaya,pushkinskaya_1,воскресенье,16,2,0.205237,17,вестибюль,
pushkinskaya,pushkinskaya_1,воскресенье,16,3,0.274946,17,вестибюль,
pushkinskaya,pushkinskaya_1,воскресенье,17,0,0.19579,17,вестибюль,
pushkinskaya,pushkinskaya_1,воскресенье,17,1,0.143363,17,вестибюль,
pushkinskaya,pushkinskaya_1,воскресенье,17,2,0.372441,17,вестибюль,
pushkinskaya,pushkinskaya_1,воскресенье,17,3,0.288407,17,вестибюль,
pushkinskaya,pushkinskaya_1,воскресенье,18,0,0.237644,17,вестибюль,
pushkinskaya,pushkinskaya_1,воскресенье,18,1,0.173495,17,вестибюль,
pushkinskaya,pushkinskaya_1,воскресенье,18,2,0.282646,17,вестибюль,
pushkinskaya,pushkinskaya_1,воскресенье,18,3,0.306216,17,вестибюль,
pushkinskaya,pushkinskaya_1,воскресенье,19,0,0.329016,17,вестибюль,
pushkinskaya,pushkinskaya_1,воскресенье,19,1,0.239218,17,вестибюль,
pushkinskaya,pushkinskaya_1,воскресенье,19,2,0.245632,17,вестибюль,
pushkinskaya,pushkinskaya_1,воскресенье,19,3,0.186133,17,вестибюль,
pushkinskaya,pushkinskaya_1,воскресенье,20,0,0.220409,17,вестибюль,
pushkinskaya,pushkinskaya_1,воскресенье,20,1,0.284811,17,вестибюль,
pushkinskaya,pushkinskaya_1,воскресенье,20,2,0.231353,17,вестибюль,
pushkinskaya,pushkinskaya_1,воскресенье,20,3,0.263428,17,вестибюль,
pushkinskaya,pushkinskaya_1,воскресенье,21,0,0.351975,17,вестибюль,
pushkinskaya,pushkinskaya_1,воскресенье,21,1,0.27813,17,вестибюль,
pushkinskaya,pushkinskaya_1,воскресенье,21,2,0.166804,17,вестибюль,
pushkinskaya,pushkinskaya_1,воскресенье,21,3,0.203091,17,вестибюль,
pushkinskaya,pushkinskaya_1,воскресенье,22,0,0.267292,17,вестибюль,
pushkinskaya,pushkinskaya_1,воскресенье,22,1,0.319074,17,вестибюль,
pushkinskaya,pushkinskaya_1,воскресенье,22,2,0.260538,17,вестибюль,
pushkinskaya,pushkinskaya_1,воскресенье,22,3,0.153096,17,вестибюль,
pushkinskaya,pushkinskaya_1,воскресенье,23,0,0.377761,17,вестибюль,
pushkinskaya,pushkinskaya_1,воскресенье,23,1,0.281867,17,вестибюль,
pushkinskaya,pushkinskaya_1,воскресенье,23,2,0.167764,17,вестибюль,
pushkinskaya,pushkinskaya_1,воскресенье,23,3,0.172608,17,вестибюль,
pushkinskaya,pushkinskaya_1,воскресенье,0,0,0.731003,17,вестибюль,
pushkinskaya,pushkinskaya_1,воскресенье,0,1,0.261398,17,вестибюль,
pushkinskaya,pushkinskaya_1,воскресенье,0,2,0.00304,17,вестибюль,
pushkinskaya,pushkinskaya_1,воскресенье,0,3,0.004559,17,вестибюль,
pushkinskaya,*,рабочий,5,0,0.00316,80,станция,
pushkinskaya,*,рабочий,5,1,0.002011,80,станция,
pushkinskaya,*,рабочий,5,2,0.52054,80,станция,
pushkinskaya,*,рабочий,5,3,0.474289,80,станция,
pushkinskaya,*,рабочий,6,0,0.081499,80,станция,
pushkinskaya,*,рабочий,6,1,0.204591,80,станция,
pushkinskaya,*,рабочий,6,2,0.209779,80,станция,
pushkinskaya,*,рабочий,6,3,0.504131,80,станция,
pushkinskaya,*,рабочий,7,0,0.206632,80,станция,
pushkinskaya,*,рабочий,7,1,0.187636,80,станция,
pushkinskaya,*,рабочий,7,2,0.241672,80,станция,
pushkinskaya,*,рабочий,7,3,0.364061,80,станция,
pushkinskaya,*,рабочий,8,0,0.248558,80,станция,
pushkinskaya,*,рабочий,8,1,0.309655,80,станция,
pushkinskaya,*,рабочий,8,2,0.238185,80,станция,
pushkinskaya,*,рабочий,8,3,0.203602,80,станция,
pushkinskaya,*,рабочий,9,0,0.230437,80,станция,
pushkinskaya,*,рабочий,9,1,0.319859,80,станция,
pushkinskaya,*,рабочий,9,2,0.240989,80,станция,
pushkinskaya,*,рабочий,9,3,0.208716,80,станция,
pushkinskaya,*,рабочий,10,0,0.306613,80,станция,
pushkinskaya,*,рабочий,10,1,0.2771,80,станция,
pushkinskaya,*,рабочий,10,2,0.223618,80,станция,
pushkinskaya,*,рабочий,10,3,0.192669,80,станция,
pushkinskaya,*,рабочий,11,0,0.316551,80,станция,
pushkinskaya,*,рабочий,11,1,0.170733,80,станция,
pushkinskaya,*,рабочий,11,2,0.180028,80,станция,
pushkinskaya,*,рабочий,11,3,0.332688,80,станция,
pushkinskaya,*,рабочий,12,0,0.237489,80,станция,
pushkinskaya,*,рабочий,12,1,0.218739,80,станция,
pushkinskaya,*,рабочий,12,2,0.31511,80,станция,
pushkinskaya,*,рабочий,12,3,0.228663,80,станция,
pushkinskaya,*,рабочий,13,0,0.261562,80,станция,
pushkinskaya,*,рабочий,13,1,0.274277,80,станция,
pushkinskaya,*,рабочий,13,2,0.239758,80,станция,
pushkinskaya,*,рабочий,13,3,0.224403,80,станция,
pushkinskaya,*,рабочий,14,0,0.23602,80,станция,
pushkinskaya,*,рабочий,14,1,0.250143,80,станция,
pushkinskaya,*,рабочий,14,2,0.228996,80,станция,
pushkinskaya,*,рабочий,14,3,0.284841,80,станция,
pushkinskaya,*,рабочий,15,0,0.305854,80,станция,
pushkinskaya,*,рабочий,15,1,0.193174,80,станция,
pushkinskaya,*,рабочий,15,2,0.224654,80,станция,
pushkinskaya,*,рабочий,15,3,0.276318,80,станция,
pushkinskaya,*,рабочий,16,0,0.270906,80,станция,
pushkinskaya,*,рабочий,16,1,0.220985,80,станция,
pushkinskaya,*,рабочий,16,2,0.240609,80,станция,
pushkinskaya,*,рабочий,16,3,0.267499,80,станция,
pushkinskaya,*,рабочий,17,0,0.241631,80,станция,
pushkinskaya,*,рабочий,17,1,0.190829,80,станция,
pushkinskaya,*,рабочий,17,2,0.318984,80,станция,
pushkinskaya,*,рабочий,17,3,0.248555,80,станция,
pushkinskaya,*,рабочий,18,0,0.370483,80,станция,
pushkinskaya,*,рабочий,18,1,0.223275,80,станция,
pushkinskaya,*,рабочий,18,2,0.211882,80,станция,
pushkinskaya,*,рабочий,18,3,0.19436,80,станция,
pushkinskaya,*,рабочий,19,0,0.308079,80,станция,
pushkinskaya,*,рабочий,19,1,0.264427,80,станция,
pushkinskaya,*,рабочий,19,2,0.229058,80,станция,
pushkinskaya,*,рабочий,19,3,0.198436,80,станция,
pushkinskaya,*,рабочий,20,0,0.268855,80,станция,
pushkinskaya,*,рабочий,20,1,0.262093,80,станция,
pushkinskaya,*,рабочий,20,2,0.238042,80,станция,
pushkinskaya,*,рабочий,20,3,0.23101,80,станция,
pushkinskaya,*,рабочий,21,0,0.318435,80,станция,
pushkinskaya,*,рабочий,21,1,0.275314,80,станция,
pushkinskaya,*,рабочий,21,2,0.200345,80,станция,
pushkinskaya,*,рабочий,21,3,0.205906,80,станция,
pushkinskaya,*,рабочий,22,0,0.318049,80,станция,
pushkinskaya,*,рабочий,22,1,0.26447,80,станция,
pushkinskaya,*,рабочий,22,2,0.251009,80,станция,
pushkinskaya,*,рабочий,22,3,0.166472,80,станция,
pushkinskaya,*,рабочий,23,0,0.343578,80,станция,
pushkinskaya,*,рабочий,23,1,0.260308,80,станция,
pushkinskaya,*,рабочий,23,2,0.211838,80,станция,
pushkinskaya,*,рабочий,23,3,0.184275,80,станция,
pushkinskaya,*,рабочий,0,0,0.69558,80,станция,
pushkinskaya,*,рабочий,0,1,0.29013,80,станция,
pushkinskaya,*,рабочий,0,2,0.010635,80,станция,
pushkinskaya,*,рабочий,0,3,0.003656,80,станция,
pushkinskaya,*,суббота,5,0,0.025391,16,станция,
pushkinskaya,*,суббота,5,1,0.027344,16,станция,
pushkinskaya,*,суббота,5,2,0.464844,16,станция,
pushkinskaya,*,суббота,5,3,0.482422,16,станция,
pushkinskaya,*,суббота,6,0,0.074561,16,станция,
pushkinskaya,*,суббота,6,1,0.235965,16,станция,
pushkinskaya,*,суббота,6,2,0.161579,16,станция,
pushkinskaya,*,суббота,6,3,0.527895,16,станция,
pushkinskaya,*,суббота,7,0,0.284452,16,станция,
pushkinskaya,*,суббота,7,1,0.171638,16,станция,
pushkinskaya,*,суббота,7,2,0.212925,16,станция,
pushkinskaya,*,суббота,7,3,0.330986,16,станция,
pushkinskaya,*,суббота,8,0,0.15053,16,станция,
pushkinskaya,*,суббота,8,1,0.407322,16,станция,
pushkinskaya,*,суббота,8,2,0.220896,16,станция,
pushkinskaya,*,суббота,8,3,0.221252,16,станция,
pushkinskaya,*,суббота,9,0,0.179164,16,станция,
pushkinskaya,*,суббота,9,1,0.362221,16,станция,
pushkinskaya,*,суббота,9,2,0.202725,16,станция,
pushkinskaya,*,суббота,9,3,0.25589,16,станция,
pushkinskaya,*,суббота,10,0,0.300808,16,станция,
pushkinskaya,*,суббота,10,1,0.290665,16,станция,
pushkinskaya,*,суббота,10,2,0.201916,16,станция,
pushkinskaya,*,суббота,10,3,0.206612,16,станция,
pushkinskaya,*,суббота,11,0,0.319374,16,станция,
pushkinskaya,*,суббота,11,1,0.164471,16,станция,
pushkinskaya,*,суббота,11,2,0.190926,16,станция,
pushkinskaya,*,суббота,11,3,0.325228,16,станция,
pushkinskaya,*,суббота,12,0,0.245234,16,станция,
pushkinskaya,*,суббота,12,1,0.227126,16,станция,
pushkinskaya,*,суббота,12,2,0.289371,16,станция,
pushkinskaya,*,суббота,12,3,0.238269,16,станция,
pushkinskaya,*,суббота,13,0,0.233136,16,станция,
pushkinskaya,*,суббота,13,1,0.325528,16,станция,
pushkinskaya,*,суббота,13,2,0.221386,16,станция,
pushkinskaya,*,суббота,13,3,0.219949,16,станция,
pushkinskaya,*,суббота,14,0,0.292769,16,станция,
pushkinskaya,*,суббота,14,1,0.259,16,станция,
pushkinskaya,*,суббота,14,2,0.186692,16,станция,
pushkinskaya,*,суббота,14,3,0.261538,16,станция,
pushkinskaya,*,суббота,15,0,0.273307,16,станция,
pushkinskaya,*,суббота,15,1,0.195513,16,станция,
pushkinskaya,*,суббота,15,2,0.264115,16,станция,
pushkinskaya,*,суббота,15,3,0.267065,16,станция,
pushkinskaya,*,суббота,16,0,0.286359,16,станция,
pushkinskaya,*,суббота,16,1,0.231635,16,станция,
pushkinskaya,*,суббота,16,2,0.228358,16,станция,
pushkinskaya,*,суббота,16,3,0.253648,16,станция,
pushkinskaya,*,суббота,17,0,0.206948,16,станция,
pushkinskaya,*,суббота,17,1,0.168939,16,станция,
pushkinskaya,*,суббота,17,2,0.316221,16,станция,
pushkinskaya,*,суббота,17,3,0.307892,16,станция,
pushkinskaya,*,суббота,18,0,0.267736,16,станция,
pushkinskaya,*,суббота,18,1,0.18482,16,станция,
pushkinskaya,*,суббота,18,2,0.267947,16,станция,
pushkinskaya,*,суббота,18,3,0.279498,16,станция,
pushkinskaya,*,суббота,19,0,0.291783,16,станция,
pushkinskaya,*,суббота,19,1,0.241377,16,станция,
pushkinskaya,*,суббота,19,2,0.229964,16,станция,
pushkinskaya,*,суббота,19,3,0.236875,16,станция,
pushkinskaya,*,суббота,20,0,0.237991,16,станция,
pushkinskaya,*,суббота,20,1,0.242897,16,станция,
pushkinskaya,*,суббота,20,2,0.262451,16,станция,
pushkinskaya,*,суббота,20,3,0.25666,16,станция,
pushkinskaya,*,суббота,21,0,0.299215,16,станция,
pushkinskaya,*,суббота,21,1,0.288496,16,станция,
pushkinskaya,*,суббота,21,2,0.18704,16,станция,
pushkinskaya,*,суббота,21,3,0.22525,16,станция,
pushkinskaya,*,суббота,22,0,0.314913,16,станция,
pushkinskaya,*,суббота,22,1,0.215986,16,станция,
pushkinskaya,*,суббота,22,2,0.281732,16,станция,
pushkinskaya,*,суббота,22,3,0.187369,16,станция,
pushkinskaya,*,суббота,23,0,0.334029,16,станция,
pushkinskaya,*,суббота,23,1,0.25297,16,станция,
pushkinskaya,*,суббота,23,2,0.20305,16,станция,
pushkinskaya,*,суббота,23,3,0.209952,16,станция,
pushkinskaya,*,суббота,0,0,0.658405,16,станция,
pushkinskaya,*,суббота,0,1,0.340517,16,станция,
pushkinskaya,*,суббота,0,2,0.0,16,станция,
pushkinskaya,*,суббота,0,3,0.001078,16,станция,
pushkinskaya,*,воскресенье,5,0,0.0,17,станция,
pushkinskaya,*,воскресенье,5,1,0.001642,17,станция,
pushkinskaya,*,воскресенье,5,2,0.472906,17,станция,
pushkinskaya,*,воскресенье,5,3,0.525452,17,станция,
pushkinskaya,*,воскресенье,6,0,0.106811,17,станция,
pushkinskaya,*,воскресенье,6,1,0.26205,17,станция,
pushkinskaya,*,воскресенье,6,2,0.187825,17,станция,
pushkinskaya,*,воскресенье,6,3,0.443313,17,станция,
pushkinskaya,*,воскресенье,7,0,0.294616,17,станция,
pushkinskaya,*,воскресенье,7,1,0.180883,17,станция,
pushkinskaya,*,воскресенье,7,2,0.20125,17,станция,
pushkinskaya,*,воскресенье,7,3,0.323251,17,станция,
pushkinskaya,*,воскресенье,8,0,0.131728,17,станция,
pushkinskaya,*,воскресенье,8,1,0.404951,17,станция,
pushkinskaya,*,воскресенье,8,2,0.240631,17,станция,
pushkinskaya,*,воскресенье,8,3,0.222689,17,станция,
pushkinskaya,*,воскресенье,9,0,0.224276,17,станция,
pushkinskaya,*,воскресенье,9,1,0.344788,17,станция,
pushkinskaya,*,воскресенье,9,2,0.203852,17,станция,
pushkinskaya,*,воскресенье,9,3,0.227084,17,станция,
pushkinskaya,*,воскресенье,10,0,0.324786,17,станция,
pushkinskaya,*,воскресенье,10,1,0.310376,17,станция,
pushkinskaya,*,воскресенье,10,2,0.19678,17,станция,
pushkinskaya,*,воскресенье,10,3,0.168058,17,станция,
pushkinskaya,*,воскресенье,11,0,0.27061,17,станция,
pushkinskaya,*,воскресенье,11,1,0.200123,17,станция,
pushkinskaya,*,воскресенье,11,2,0.178681,17,станция,
pushkinskaya,*,воскресенье,11,3,0.350585,17,станция,
pushkinskaya,*,воскресенье,12,0,0.247719,17,станция,
pushkinskaya,*,воскресенье,12,1,0.221491,17,станция,
pushkinskaya,*,воскресенье,12,2,0.315351,17,станция,
pushkinskaya,*,воскресенье,12,3,0.215439,17,станция,
pushkinskaya,*,воскресенье,13,0,0.207657,17,станция,
pushkinskaya,*,воскресенье,13,1,0.386576,17,станция,
pushkinskaya,*,воскресенье,13,2,0.197346,17,станция,
pushkinskaya,*,воскресенье,13,3,0.208421,17,станция,
pushkinskaya,*,воскресенье,14,0,0.327751,17,станция,
pushkinskaya,*,воскресенье,14,1,0.313588,17,станция,
pushkinskaya,*,воскресенье,14,2,0.17529,17,станция,
pushkinskaya,*,воскресенье,14,3,0.183371,17,станция,
pushkinskaya,*,воскресенье,15,0,0.310847,17,станция,
pushkinskaya,*,воскресенье,15,1,0.185275,17,станция,
pushkinskaya,*,воскресенье,15,2,0.265387,17,станция,
pushkinskaya,*,воскресенье,15,3,0.238492,17,станция,
pushkinskaya,*,воскресенье,16,0,0.312246,17,станция,
pushkinskaya,*,воскресенье,16,1,0.207571,17,станция,
pushkinskaya,*,воскресенье,16,2,0.205237,17,станция,
pushkinskaya,*,воскресенье,16,3,0.274946,17,станция,
pushkinskaya,*,воскресенье,17,0,0.19579,17,станция,
pushkinskaya,*,воскресенье,17,1,0.143363,17,станция,
pushkinskaya,*,воскресенье,17,2,0.372441,17,станция,
pushkinskaya,*,воскресенье,17,3,0.288407,17,станция,
pushkinskaya,*,воскресенье,18,0,0.237644,17,станция,
pushkinskaya,*,воскресенье,18,1,0.173495,17,станция,
pushkinskaya,*,воскресенье,18,2,0.282646,17,станция,
pushkinskaya,*,воскресенье,18,3,0.306216,17,станция,
pushkinskaya,*,воскресенье,19,0,0.329016,17,станция,
pushkinskaya,*,воскресенье,19,1,0.239218,17,станция,
pushkinskaya,*,воскресенье,19,2,0.245632,17,станция,
pushkinskaya,*,воскресенье,19,3,0.186133,17,станция,
pushkinskaya,*,воскресенье,20,0,0.220409,17,станция,
pushkinskaya,*,воскресенье,20,1,0.284811,17,станция,
pushkinskaya,*,воскресенье,20,2,0.231353,17,станция,
pushkinskaya,*,воскресенье,20,3,0.263428,17,станция,
pushkinskaya,*,воскресенье,21,0,0.351975,17,станция,
pushkinskaya,*,воскресенье,21,1,0.27813,17,станция,
pushkinskaya,*,воскресенье,21,2,0.166804,17,станция,
pushkinskaya,*,воскресенье,21,3,0.203091,17,станция,
pushkinskaya,*,воскресенье,22,0,0.267292,17,станция,
pushkinskaya,*,воскресенье,22,1,0.319074,17,станция,
pushkinskaya,*,воскресенье,22,2,0.260538,17,станция,
pushkinskaya,*,воскресенье,22,3,0.153096,17,станция,
pushkinskaya,*,воскресенье,23,0,0.377761,17,станция,
pushkinskaya,*,воскресенье,23,1,0.281867,17,станция,
pushkinskaya,*,воскресенье,23,2,0.167764,17,станция,
pushkinskaya,*,воскресенье,23,3,0.172608,17,станция,
pushkinskaya,*,воскресенье,0,0,0.731003,17,станция,
pushkinskaya,*,воскресенье,0,1,0.261398,17,станция,
pushkinskaya,*,воскресенье,0,2,0.00304,17,станция,
pushkinskaya,*,воскресенье,0,3,0.004559,17,станция,
tekhnologichesky_institut,tekhnologichesky_institut_1,рабочий,5,0,0.029844,80,вестибюль,"нет в часовых данных: профиль только по 4 месяцам 15-минутных данных (февраль, май, июль, сентябрь)"
tekhnologichesky_institut,tekhnologichesky_institut_1,рабочий,5,1,0.069789,80,вестибюль,"нет в часовых данных: профиль только по 4 месяцам 15-минутных данных (февраль, май, июль, сентябрь)"
tekhnologichesky_institut,tekhnologichesky_institut_1,рабочий,5,2,0.352158,80,вестибюль,"нет в часовых данных: профиль только по 4 месяцам 15-минутных данных (февраль, май, июль, сентябрь)"
tekhnologichesky_institut,tekhnologichesky_institut_1,рабочий,5,3,0.548209,80,вестибюль,"нет в часовых данных: профиль только по 4 месяцам 15-минутных данных (февраль, май, июль, сентябрь)"
tekhnologichesky_institut,tekhnologichesky_institut_1,рабочий,6,0,0.180971,80,вестибюль,"нет в часовых данных: профиль только по 4 месяцам 15-минутных данных (февраль, май, июль, сентябрь)"
tekhnologichesky_institut,tekhnologichesky_institut_1,рабочий,6,1,0.230378,80,вестибюль,"нет в часовых данных: профиль только по 4 месяцам 15-минутных данных (февраль, май, июль, сентябрь)"
tekhnologichesky_institut,tekhnologichesky_institut_1,рабочий,6,2,0.264352,80,вестибюль,"нет в часовых данных: профиль только по 4 месяцам 15-минутных данных (февраль, май, июль, сентябрь)"
tekhnologichesky_institut,tekhnologichesky_institut_1,рабочий,6,3,0.324299,80,вестибюль,"нет в часовых данных: профиль только по 4 месяцам 15-минутных данных (февраль, май, июль, сентябрь)"
tekhnologichesky_institut,tekhnologichesky_institut_1,рабочий,7,0,0.210581,80,вестибюль,"нет в часовых данных: профиль только по 4 месяцам 15-минутных данных (февраль, май, июль, сентябрь)"
tekhnologichesky_institut,tekhnologichesky_institut_1,рабочий,7,1,0.205949,80,вестибюль,"нет в часовых данных: профиль только по 4 месяцам 15-минутных данных (февраль, май, июль, сентябрь)"
tekhnologichesky_institut,tekhnologichesky_institut_1,рабочий,7,2,0.272298,80,вестибюль,"нет в часовых данных: профиль только по 4 месяцам 15-минутных данных (февраль, май, июль, сентябрь)"
tekhnologichesky_institut,tekhnologichesky_institut_1,рабочий,7,3,0.311172,80,вестибюль,"нет в часовых данных: профиль только по 4 месяцам 15-минутных данных (февраль, май, июль, сентябрь)"
tekhnologichesky_institut,tekhnologichesky_institut_1,рабочий,8,0,0.246352,80,вестибюль,"нет в часовых данных: профиль только по 4 месяцам 15-минутных данных (февраль, май, июль, сентябрь)"
tekhnologichesky_institut,tekhnologichesky_institut_1,рабочий,8,1,0.27855,80,вестибюль,"нет в часовых данных: профиль только по 4 месяцам 15-минутных данных (февраль, май, июль, сентябрь)"
tekhnologichesky_institut,tekhnologichesky_institut_1,рабочий,8,2,0.26515,80,вестибюль,"нет в часовых данных: профиль только по 4 месяцам 15-минутных данных (февраль, май, июль, сентябрь)"
tekhnologichesky_institut,tekhnologichesky_institut_1,рабочий,8,3,0.209948,80,вестибюль,"нет в часовых данных: профиль только по 4 месяцам 15-минутных данных (февраль, май, июль, сентябрь)"
tekhnologichesky_institut,tekhnologichesky_institut_1,рабочий,9,0,0.262513,80,вестибюль,"нет в часовых данных: профиль только по 4 месяцам 15-минутных данных (февраль, май, июль, сентябрь)"
tekhnologichesky_institut,tekhnologichesky_institut_1,рабочий,9,1,0.280513,80,вестибюль,"нет в часовых данных: профиль только по 4 месяцам 15-минутных данных (февраль, май, июль, сентябрь)"
tekhnologichesky_institut,tekhnologichesky_institut_1,рабочий,9,2,0.242459,80,вестибюль,"нет в часовых данных: профиль только по 4 месяцам 15-минутных данных (февраль, май, июль, сентябрь)"
tekhnologichesky_institut,tekhnologichesky_institut_1,рабочий,9,3,0.214515,80,вестибюль,"нет в часовых данных: профиль только по 4 месяцам 15-минутных данных (февраль, май, июль, сентябрь)"
tekhnologichesky_institut,tekhnologichesky_institut_1,рабочий,10,0,0.217349,80,вестибюль,"нет в часовых данных: профиль только по 4 месяцам 15-минутных данных (февраль, май, июль, сентябрь)"
tekhnologichesky_institut,tekhnologichesky_institut_1,рабочий,10,1,0.245119,80,вестибюль,"нет в часовых данных: профиль только по 4 месяцам 15-минутных данных (февраль, май, июль, сентябрь)"
tekhnologichesky_institut,tekhnologichesky_institut_1,рабочий,10,2,0.269736,80,вестибюль,"нет в часовых данных: профиль только по 4 месяцам 15-минутных данных (февраль, май, июль, сентябрь)"
tekhnologichesky_institut,tekhnologichesky_institut_1,рабочий,10,3,0.267796,80,вестибюль,"нет в часовых данных: профиль только по 4 месяцам 15-минутных данных (февраль, май, июль, сентябрь)"
tekhnologichesky_institut,tekhnologichesky_institut_1,рабочий,11,0,0.234779,80,вестибюль,"нет в часовых данных: профиль только по 4 месяцам 15-минутных данных (февраль, май, июль, сентябрь)"
tekhnologichesky_institut,tekhnologichesky_institut_1,рабочий,11,1,0.250237,80,вестибюль,"нет в часовых данных: профиль только по 4 месяцам 15-минутных данных (февраль, май, июль, сентябрь)"
tekhnologichesky_institut,tekhnologichesky_institut_1,рабочий,11,2,0.250846,80,вестибюль,"нет в часовых данных: профиль только по 4 месяцам 15-минутных данных (февраль, май, июль, сентябрь)"
tekhnologichesky_institut,tekhnologichesky_institut_1,рабочий,11,3,0.264139,80,вестибюль,"нет в часовых данных: профиль только по 4 месяцам 15-минутных данных (февраль, май, июль, сентябрь)"
tekhnologichesky_institut,tekhnologichesky_institut_1,рабочий,12,0,0.200873,80,вестибюль,"нет в часовых данных: профиль только по 4 месяцам 15-минутных данных (февраль, май, июль, сентябрь)"
tekhnologichesky_institut,tekhnologichesky_institut_1,рабочий,12,1,0.292601,80,вестибюль,"нет в часовых данных: профиль только по 4 месяцам 15-минутных данных (февраль, май, июль, сентябрь)"
tekhnologichesky_institut,tekhnologichesky_institut_1,рабочий,12,2,0.265591,80,вестибюль,"нет в часовых данных: профиль только по 4 месяцам 15-минутных данных (февраль, май, июль, сентябрь)"
tekhnologichesky_institut,tekhnologichesky_institut_1,рабочий,12,3,0.240935,80,вестибюль,"нет в часовых данных: профиль только по 4 месяцам 15-минутных данных (февраль, май, июль, сентябрь)"
tekhnologichesky_institut,tekhnologichesky_institut_1,рабочий,13,0,0.271678,80,вестибюль,"нет в часовых данных: профиль только по 4 месяцам 15-минутных данных (февраль, май, июль, сентябрь)"
tekhnologichesky_institut,tekhnologichesky_institut_1,рабочий,13,1,0.247199,80,вестибюль,"нет в часовых данных: профиль только по 4 месяцам 15-минутных данных (февраль, май, июль, сентябрь)"
tekhnologichesky_institut,tekhnologichesky_institut_1,рабочий,13,2,0.2267,80,вестибюль,"нет в часовых данных: профиль только по 4 месяцам 15-минутных данных (февраль, май, июль, сентябрь)"
tekhnologichesky_institut,tekhnologichesky_institut_1,рабочий,13,3,0.254423,80,вестибюль,"нет в часовых данных: профиль только по 4 месяцам 15-минутных данных (февраль, май, июль, сентябрь)"
tekhnologichesky_institut,tekhnologichesky_institut_1,рабочий,14,0,0.293738,80,вестибюль,"нет в часовых данных: профиль только по 4 месяцам 15-минутных данных (февраль, май, июль, сентябрь)"
tekhnologichesky_institut,tekhnologichesky_institut_1,рабочий,14,1,0.282309,80,вестибюль,"нет в часовых данных: профиль только по 4 месяцам 15-минутных данных (февраль, май, июль, сентябрь)"
tekhnologichesky_institut,tekhnologichesky_institut_1,рабочий,14,2,0.208155,80,вестибюль,"нет в часовых данных: профиль только по 4 месяцам 15-минутных данных (февраль, май, июль, сентябрь)"
tekhnologichesky_institut,tekhnologichesky_institut_1,рабочий,14,3,0.215799,80,вестибюль,"нет в часовых данных: профиль только по 4 месяцам 15-минутных данных (февраль, май, июль, сентябрь)"
tekhnologichesky_institut,tekhnologichesky_institut_1,рабочий,15,0,0.224027,80,вестибюль,"нет в часовых данных: профиль только по 4 месяцам 15-минутных данных (февраль, май, июль, сентябрь)"
tekhnologichesky_institut,tekhnologichesky_institut_1,рабочий,15,1,0.228492,80,вестибюль,"нет в часовых данных: профиль только по 4 месяцам 15-минутных данных (февраль, май, июль, сентябрь)"
tekhnologichesky_institut,tekhnologichesky_institut_1,рабочий,15,2,0.274087,80,вестибюль,"нет в часовых данных: профиль только по 4 месяцам 15-минутных данных (февраль, май, июль, сентябрь)"
tekhnologichesky_institut,tekhnologichesky_institut_1,рабочий,15,3,0.273394,80,вестибюль,"нет в часовых данных: профиль только по 4 месяцам 15-минутных данных (февраль, май, июль, сентябрь)"
tekhnologichesky_institut,tekhnologichesky_institut_1,рабочий,16,0,0.187521,80,вестибюль,"нет в часовых данных: профиль только по 4 месяцам 15-минутных данных (февраль, май, июль, сентябрь)"
tekhnologichesky_institut,tekhnologichesky_institut_1,рабочий,16,1,0.226307,80,вестибюль,"нет в часовых данных: профиль только по 4 месяцам 15-минутных данных (февраль, май, июль, сентябрь)"
tekhnologichesky_institut,tekhnologichesky_institut_1,рабочий,16,2,0.328234,80,вестибюль,"нет в часовых данных: профиль только по 4 месяцам 15-минутных данных (февраль, май, июль, сентябрь)"
tekhnologichesky_institut,tekhnologichesky_institut_1,рабочий,16,3,0.257938,80,вестибюль,"нет в часовых данных: профиль только по 4 месяцам 15-минутных данных (февраль, май, июль, сентябрь)"
tekhnologichesky_institut,tekhnologichesky_institut_1,рабочий,17,0,0.223886,80,вестибюль,"нет в часовых данных: профиль только по 4 месяцам 15-минутных данных (февраль, май, июль, сентябрь)"
tekhnologichesky_institut,tekhnologichesky_institut_1,рабочий,17,1,0.255439,80,вестибюль,"нет в часовых данных: профиль только по 4 месяцам 15-минутных данных (февраль, май, июль, сентябрь)"
tekhnologichesky_institut,tekhnologichesky_institut_1,рабочий,17,2,0.278488,80,вестибюль,"нет в часовых данных: профиль только по 4 месяцам 15-минутных данных (февраль, май, июль, сентябрь)"
tekhnologichesky_institut,tekhnologichesky_institut_1,рабочий,17,3,0.242187,80,вестибюль,"нет в часовых данных: профиль только по 4 месяцам 15-минутных данных (февраль, май, июль, сентябрь)"
tekhnologichesky_institut,tekhnologichesky_institut_1,рабочий,18,0,0.301685,80,вестибюль,"нет в часовых данных: профиль только по 4 месяцам 15-минутных данных (февраль, май, июль, сентябрь)"
tekhnologichesky_institut,tekhnologichesky_institut_1,рабочий,18,1,0.343822,80,вестибюль,"нет в часовых данных: профиль только по 4 месяцам 15-минутных данных (февраль, май, июль, сентябрь)"
tekhnologichesky_institut,tekhnologichesky_institut_1,рабочий,18,2,0.204978,80,вестибюль,"нет в часовых данных: профиль только по 4 месяцам 15-минутных данных (февраль, май, июль, сентябрь)"
tekhnologichesky_institut,tekhnologichesky_institut_1,рабочий,18,3,0.149516,80,вестибюль,"нет в часовых данных: профиль только по 4 месяцам 15-минутных данных (февраль, май, июль, сентябрь)"
tekhnologichesky_institut,tekhnologichesky_institut_1,рабочий,19,0,0.271955,80,вестибюль,"нет в часовых данных: профиль только по 4 месяцам 15-минутных данных (февраль, май, июль, сентябрь)"
tekhnologichesky_institut,tekhnologichesky_institut_1,рабочий,19,1,0.271984,80,вестибюль,"нет в часовых данных: профиль только по 4 месяцам 15-минутных данных (февраль, май, июль, сентябрь)"
tekhnologichesky_institut,tekhnologichesky_institut_1,рабочий,19,2,0.226668,80,вестибюль,"нет в часовых данных: профиль только по 4 месяцам 15-минутных данных (февраль, май, июль, сентябрь)"
tekhnologichesky_institut,tekhnologichesky_institut_1,рабочий,19,3,0.229394,80,вестибюль,"нет в часовых данных: профиль только по 4 месяцам 15-минутных данных (февраль, май, июль, сентябрь)"
tekhnologichesky_institut,tekhnologichesky_institut_1,рабочий,20,0,0.326581,80,вестибюль,"нет в часовых данных: профиль только по 4 месяцам 15-минутных данных (февраль, май, июль, сентябрь)"
tekhnologichesky_institut,tekhnologichesky_institut_1,рабочий,20,1,0.28022,80,вестибюль,"нет в часовых данных: профиль только по 4 месяцам 15-минутных данных (февраль, май, июль, сентябрь)"
tekhnologichesky_institut,tekhnologichesky_institut_1,рабочий,20,2,0.208388,80,вестибюль,"нет в часовых данных: профиль только по 4 месяцам 15-минутных данных (февраль, май, июль, сентябрь)"
tekhnologichesky_institut,tekhnologichesky_institut_1,рабочий,20,3,0.184811,80,вестибюль,"нет в часовых данных: профиль только по 4 месяцам 15-минутных данных (февраль, май, июль, сентябрь)"
tekhnologichesky_institut,tekhnologichesky_institut_1,рабочий,21,0,0.297317,80,вестибюль,"нет в часовых данных: профиль только по 4 месяцам 15-минутных данных (февраль, май, июль, сентябрь)"
tekhnologichesky_institut,tekhnologichesky_institut_1,рабочий,21,1,0.285536,80,вестибюль,"нет в часовых данных: профиль только по 4 месяцам 15-минутных данных (февраль, май, июль, сентябрь)"
tekhnologichesky_institut,tekhnologichesky_institut_1,рабочий,21,2,0.218978,80,вестибюль,"нет в часовых данных: профиль только по 4 месяцам 15-минутных данных (февраль, май, июль, сентябрь)"
tekhnologichesky_institut,tekhnologichesky_institut_1,рабочий,21,3,0.198169,80,вестибюль,"нет в часовых данных: профиль только по 4 месяцам 15-минутных данных (февраль, май, июль, сентябрь)"
tekhnologichesky_institut,tekhnologichesky_institut_1,рабочий,22,0,0.304664,80,вестибюль,"нет в часовых данных: профиль только по 4 месяцам 15-минутных данных (февраль, май, июль, сентябрь)"
tekhnologichesky_institut,tekhnologichesky_institut_1,рабочий,22,1,0.290296,80,вестибюль,"нет в часовых данных: профиль только по 4 месяцам 15-минутных данных (февраль, май, июль, сентябрь)"
tekhnologichesky_institut,tekhnologichesky_institut_1,рабочий,22,2,0.220146,80,вестибюль,"нет в часовых данных: профиль только по 4 месяцам 15-минутных данных (февраль, май, июль, сентябрь)"
tekhnologichesky_institut,tekhnologichesky_institut_1,рабочий,22,3,0.184894,80,вестибюль,"нет в часовых данных: профиль только по 4 месяцам 15-минутных данных (февраль, май, июль, сентябрь)"
tekhnologichesky_institut,tekhnologichesky_institut_1,рабочий,23,0,0.332626,80,вестибюль,"нет в часовых данных: профиль только по 4 месяцам 15-минутных данных (февраль, май, июль, сентябрь)"
tekhnologichesky_institut,tekhnologichesky_institut_1,рабочий,23,1,0.280433,80,вестибюль,"нет в часовых данных: профиль только по 4 месяцам 15-минутных данных (февраль, май, июль, сентябрь)"
tekhnologichesky_institut,tekhnologichesky_institut_1,рабочий,23,2,0.203206,80,вестибюль,"нет в часовых данных: профиль только по 4 месяцам 15-минутных данных (февраль, май, июль, сентябрь)"
tekhnologichesky_institut,tekhnologichesky_institut_1,рабочий,23,3,0.183735,80,вестибюль,"нет в часовых данных: профиль только по 4 месяцам 15-минутных данных (февраль, май, июль, сентябрь)"
tekhnologichesky_institut,tekhnologichesky_institut_1,рабочий,0,0,0.524069,80,вестибюль,"нет в часовых данных: профиль только по 4 месяцам 15-минутных данных (февраль, май, июль, сентябрь)"
tekhnologichesky_institut,tekhnologichesky_institut_1,рабочий,0,1,0.396458,80,вестибюль,"нет в часовых данных: профиль только по 4 месяцам 15-минутных данных (февраль, май, июль, сентябрь)"
tekhnologichesky_institut,tekhnologichesky_institut_1,рабочий,0,2,0.051317,80,вестибюль,"нет в часовых данных: профиль только по 4 месяцам 15-минутных данных (февраль, май, июль, сентябрь)"
tekhnologichesky_institut,tekhnologichesky_institut_1,рабочий,0,3,0.028156,80,вестибюль,"нет в часовых данных: профиль только по 4 месяцам 15-минутных данных (февраль, май, июль, сентябрь)"
tekhnologichesky_institut,tekhnologichesky_institut_1,суббота,5,0,0.025822,16,вестибюль,"нет в часовых данных: профиль только по 4 месяцам 15-минутных данных (февраль, май, июль, сентябрь)"
tekhnologichesky_institut,tekhnologichesky_institut_1,суббота,5,1,0.107981,16,вестибюль,"нет в часовых данных: профиль только по 4 месяцам 15-минутных данных (февраль, май, июль, сентябрь)"
tekhnologichesky_institut,tekhnologichesky_institut_1,суббота,5,2,0.410798,16,вестибюль,"нет в часовых данных: профиль только по 4 месяцам 15-минутных данных (февраль, май, июль, сентябрь)"
tekhnologichesky_institut,tekhnologichesky_institut_1,суббота,5,3,0.455399,16,вестибюль,"нет в часовых данных: профиль только по 4 месяцам 15-минутных данных (февраль, май, июль, сентябрь)"
tekhnologichesky_institut,tekhnologichesky_institut_1,суббота,6,0,0.206429,16,вестибюль,"нет в часовых данных: профиль только по 4 месяцам 15-минутных данных (февраль, май, июль, сентябрь)"
tekhnologichesky_institut,tekhnologichesky_institut_1,суббота,6,1,0.262143,16,вестибюль,"нет в часовых данных: профиль только по 4 месяцам 15-минутных данных (февраль, май, июль, сентябрь)"
tekhnologichesky_institut,tekhnologichesky_institut_1,суббота,6,2,0.268571,16,вестибюль,"нет в часовых данных: профиль только по 4 месяцам 15-минутных данных (февраль, май, июль, сентябрь)"
tekhnologichesky_institut,tekhnologichesky_institut_1,суббота,6,3,0.262857,16,вестибюль,"нет в часовых данных: профиль только по 4 месяцам 15-минутных данных (февраль, май, июль, сентябрь)"
tekhnologichesky_institut,tekhnologichesky_institut_1,суббота,7,0,0.238377,16,вестибюль,"нет в часовых данных: профиль только по 4 месяцам 15-минутных данных (февраль, май, июль, сентябрь)"
tekhnologichesky_institut,tekhnologichesky_institut_1,суббота,7,1,0.194166,16,вестибюль,"нет в часовых данных: профиль только по 4 месяцам 15-минутных данных (февраль, май, июль, сентябрь)"
tekhnologichesky_institut,tekhnologichesky_institut_1,суббота,7,2,0.260711,16,вестибюль,"нет в часовых данных: профиль только по 4 месяцам 15-минутных данных (февраль, май, июль, сентябрь)"
tekhnologichesky_institut,tekhnologichesky_institut_1,суббота,7,3,0.306746,16,вестибюль,"нет в часовых данных: профиль только по 4 месяцам 15-минутных данных (февраль, май, июль, сентябрь)"
tekhnologichesky_institut,tekhnologichesky_institut_1,суббота,8,0,0.284314,16,вестибюль,"нет в часовых данных: профиль только по 4 месяцам 15-минутных данных (февраль, май, июль, сентябрь)"
tekhnologichesky_institut,tekhnologichesky_institut_1,суббота,8,1,0.271008,16,вестибюль,"нет в часовых данных: профиль только по 4 месяцам 15-минутных данных (февраль, май, июль, сентябрь)"
tekhnologichesky_institut,tekhnologichesky_institut_1,суббота,8,2,0.255252,16,вестибюль,"нет в часовых данных: профиль только по 4 месяцам 15-минутных данных (февраль, май, июль, сентябрь)"
tekhnologichesky_institut,tekhnologichesky_institut_1,суббота,8,3,0.189426,16,вестибюль,"нет в часовых данных: профиль только по 4 месяцам 15-минутных данных (февраль, май, июль, сентябрь)"
tekhnologichesky_institut,tekhnologichesky_institut_1,суббота,9,0,0.243177,16,вестибюль,"нет в часовых данных: профиль только по 4 месяцам 15-минутных данных (февраль, май, июль, сентябрь)"
tekhnologichesky_institut,tekhnologichesky_institut_1,суббота,9,1,0.306158,16,вестибюль,"нет в часовых данных: профиль только по 4 месяцам 15-минутных данных (февраль, май, июль, сентябрь)"
tekhnologichesky_institut,tekhnologichesky_institut_1,суббота,9,2,0.227432,16,вестибюль,"нет в часовых данных: профиль только по 4 месяцам 15-минутных данных (февраль, май, июль, сентябрь)"
tekhnologichesky_institut,tekhnologichesky_institut_1,суббота,9,3,0.223233,16,вестибюль,"нет в часовых данных: профиль только по 4 месяцам 15-минутных данных (февраль, май, июль, сентябрь)"
tekhnologichesky_institut,tekhnologichesky_institut_1,суббота,10,0,0.212139,16,вестибюль,"нет в часовых данных: профиль только по 4 месяцам 15-минутных данных (февраль, май, июль, сентябрь)"
tekhnologichesky_institut,tekhnologichesky_institut_1,суббота,10,1,0.235191,16,вестибюль,"нет в часовых данных: профиль только по 4 месяцам 15-минутных данных (февраль, май, июль, сентябрь)"
tekhnologichesky_institut,tekhnologichesky_institut_1,суббота,10,2,0.292676,16,вестибюль,"нет в часовых данных: профиль только по 4 месяцам 15-минутных данных (февраль, май, июль, сентябрь)"
tekhnologichesky_institut,tekhnologichesky_institut_1,суббота,10,3,0.259994,16,вестибюль,"нет в часовых данных: профиль только по 4 месяцам 15-минутных данных (февраль, май, июль, сентябрь)"
tekhnologichesky_institut,tekhnologichesky_institut_1,суббота,11,0,0.219655,16,вестибюль,"нет в часовых данных: профиль только по 4 месяцам 15-минутных данных (февраль, май, июль, сентябрь)"
tekhnologichesky_institut,tekhnologichesky_institut_1,суббота,11,1,0.24398,16,вестибюль,"нет в часовых данных: профиль только по 4 месяцам 15-минутных данных (февраль, май, июль, сентябрь)"
tekhnologichesky_institut,tekhnologichesky_institut_1,суббота,11,2,0.260034,16,вестибюль,"нет в часовых данных: профиль только по 4 месяцам 15-минутных данных (февраль, май, июль, сентябрь)"
tekhnologichesky_institut,tekhnologichesky_institut_1,суббота,11,3,0.276332,16,вестибюль,"нет в часовых данных: профиль только по 4 месяцам 15-минутных данных (февраль, май, июль, сентябрь)"
tekhnologichesky_institut,tekhnologichesky_institut_1,суббота,12,0,0.199229,16,вестибюль,"нет в часовых данных: профиль только по 4 месяцам 15-минутных данных (февраль, май, июль, сентябрь)"
tekhnologichesky_institut,tekhnologichesky_institut_1,суббота,12,1,0.320931,16,вестибюль,"нет в часовых данных: профиль только по 4 месяцам 15-минутных данных (февраль, май, июль, сентябрь)"
tekhnologichesky_institut,tekhnologichesky_institut_1,суббота,12,2,0.265491,16,вестибюль,"нет в часовых данных: профиль только по 4 месяцам 15-минутных данных (февраль, май, июль, сентябрь)"
tekhnologichesky_institut,tekhnologichesky_institut_1,суббота,12,3,0.214349,16,вестибюль,"нет в часовых данных: профиль только по 4 месяцам 15-минутных данных (февраль, май, июль, сентябрь)"
tekhnologichesky_institut,tekhnologichesky_institut_1,суббота,13,0,0.225623,16,вестибюль,"нет в часовых данных: профиль только по 4 месяцам 15-минутных данных (февраль, май, июль, сентябрь)"
tekhnologichesky_institut,tekhnologichesky_institut_1,суббота,13,1,0.239311,16,вестибюль,"нет в часовых данных: профиль только по 4 месяцам 15-минутных данных (февраль, май, июль, сентябрь)"
tekhnologichesky_institut,tekhnologichesky_institut_1,суббота,13,2,0.243925,16,вестибюль,"нет в часовых данных: профиль только по 4 месяцам 15-минутных данных (февраль, май, июль, сентябрь)"
tekhnologichesky_institut,tekhnologichesky_institut_1,суббота,13,3,0.291141,16,вестибюль,"нет в часовых данных: профиль только по 4 месяцам 15-минутных данных (февраль, май, июль, сентябрь)"
tekhnologichesky_institut,tekhnologichesky_institut_1,суббота,14,0,0.335275,16,вестибюль,"нет в часовых данных: профиль только по 4 месяцам 15-минутных данных (февраль, май, июль, сентябрь)"
tekhnologichesky_institut,tekhnologichesky_institut_1,суббота,14,1,0.267615,16,вестибюль,"нет в часовых данных: профиль только по 4 месяцам 15-минутных данных (февраль, май, июль, сентябрь)"
tekhnologichesky_institut,tekhnologichesky_institut_1,суббота,14,2,0.208917,16,вестибюль,"нет в часовых данных: профиль только по 4 месяцам 15-минутных данных (февраль, май, июль, сентябрь)"
tekhnologichesky_institut,tekhnologichesky_institut_1,суббота,14,3,0.188193,16,вестибюль,"нет в часовых данных: профиль только по 4 месяцам 15-минутных данных (февраль, май, июль, сентябрь)"
tekhnologichesky_institut,tekhnologichesky_institut_1,суббота,15,0,0.245551,16,вестибюль,"нет в часовых данных: профиль только по 4 месяцам 15-минутных данных (февраль, май, июль, сентябрь)"
tekhnologichesky_institut,tekhnologichesky_institut_1,суббота,15,1,0.250144,16,вестибюль,"нет в часовых данных: профиль только по 4 месяцам 15-минутных данных (февраль, май, июль, сентябрь)"
tekhnologichesky_institut,tekhnologichesky_institut_1,суббота,15,2,0.242394,16,вестибюль,"нет в часовых данных: профиль только по 4 месяцам 15-минутных данных (февраль, май, июль, сентябрь)"
tekhnologichesky_institut,tekhnologichesky_institut_1,суббота,15,3,0.261912,16,вестибюль,"нет в часовых данных: профиль только по 4 месяцам 15-минутных данных (февраль, май, июль, сентябрь)"
tekhnologichesky_institut,tekhnologichesky_institut_1,суббота,16,0,0.202319,16,вестибюль,"нет в часовых данных: профиль только по 4 месяцам 15-минутных данных (февраль, май, июль, сентябрь)"
tekhnologichesky_institut,tekhnologichesky_institut_1,суббота,16,1,0.239135,16,вестибюль,"нет в часовых данных: профиль только по 4 месяцам 15-минутных данных (февраль, май, июль, сентябрь)"
tekhnologichesky_institut,tekhnologichesky_institut_1,суббота,16,2,0.335285,16,вестибюль,"нет в часовых данных: профиль только по 4 месяцам 15-минутных данных (февраль, май, июль, сентябрь)"
tekhnologichesky_institut,tekhnologichesky_institut_1,суббота,16,3,0.223261,16,вестибюль,"нет в часовых данных: профиль только по 4 месяцам 15-минутных данных (февраль, май, июль, сентябрь)"
tekhnologichesky_institut,tekhnologichesky_institut_1,суббота,17,0,0.253387,16,вестибюль,"нет в часовых данных: профиль только по 4 месяцам 15-минутных данных (февраль, май, июль, сентябрь)"
tekhnologichesky_institut,tekhnologichesky_institut_1,суббота,17,1,0.265079,16,вестибюль,"нет в часовых данных: профиль только по 4 месяцам 15-минутных данных (февраль, май, июль, сентябрь)"
tekhnologichesky_institut,tekhnologichesky_institut_1,суббота,17,2,0.244688,16,вестибюль,"нет в часовых данных: профиль только по 4 месяцам 15-минутных данных (февраль, май, июль, сентябрь)"
tekhnologichesky_institut,tekhnologichesky_institut_1,суббота,17,3,0.236846,16,вестибюль,"нет в часовых данных: профиль только по 4 месяцам 15-минутных данных (февраль, май, июль, сентябрь)"
tekhnologichesky_institut,tekhnologichesky_institut_1,суббота,18,0,0.264923,16,вестибюль,"нет в часовых данных: профиль только по 4 месяцам 15-минутных данных (февраль, май, июль, сентябрь)"
tekhnologichesky_institut,tekhnologichesky_institut_1,суббота,18,1,0.28221,16,вестибюль,"нет в часовых данных: профиль только по 4 месяцам 15-минутных данных (февраль, май, июль, сентябрь)"
tekhnologichesky_institut,tekhnologichesky_institut_1,суббота,18,2,0.232713,16,вестибюль,"нет в часовых данных: профиль только по 4 месяцам 15-минутных данных (февраль, май, июль, сентябрь)"
tekhnologichesky_institut,tekhnologichesky_institut_1,суббота,18,3,0.220154,16,вестибюль,"нет в часовых данных: профиль только по 4 месяцам 15-минутных данных (февраль, май, июль, сентябрь)"
tekhnologichesky_institut,tekhnologichesky_institut_1,суббота,19,0,0.262181,16,вестибюль,"нет в часовых данных: профиль только по 4 месяцам 15-минутных данных (февраль, май, июль, сентябрь)"
tekhnologichesky_institut,tekhnologichesky_institut_1,суббота,19,1,0.259397,16,вестибюль,"нет в часовых данных: профиль только по 4 месяцам 15-минутных данных (февраль, май, июль, сентябрь)"
tekhnologichesky_institut,tekhnologichesky_institut_1,суббота,19,2,0.242382,16,вестибюль,"нет в часовых данных: профиль только по 4 месяцам 15-минутных данных (февраль, май, июль, сентябрь)"
tekhnologichesky_institut,tekhnologichesky_institut_1,суббота,19,3,0.23604,16,вестибюль,"нет в часовых данных: профиль только по 4 месяцам 15-минутных данных (февраль, май, июль, сентябрь)"
tekhnologichesky_institut,tekhnologichesky_institut_1,суббота,20,0,0.278613,16,вестибюль,"нет в часовых данных: профиль только по 4 месяцам 15-минутных данных (февраль, май, июль, сентябрь)"
tekhnologichesky_institut,tekhnologichesky_institut_1,суббота,20,1,0.259775,16,вестибюль,"нет в часовых данных: профиль только по 4 месяцам 15-минутных данных (февраль, май, июль, сентябрь)"
tekhnologichesky_institut,tekhnologichesky_institut_1,суббота,20,2,0.242045,16,вестибюль,"нет в часовых данных: профиль только по 4 месяцам 15-минутных данных (февраль, май, июль, сентябрь)"
tekhnologichesky_institut,tekhnologichesky_institut_1,суббота,20,3,0.219566,16,вестибюль,"нет в часовых данных: профиль только по 4 месяцам 15-минутных данных (февраль, май, июль, сентябрь)"
tekhnologichesky_institut,tekhnologichesky_institut_1,суббота,21,0,0.283989,16,вестибюль,"нет в часовых данных: профиль только по 4 месяцам 15-минутных данных (февраль, май, июль, сентябрь)"
tekhnologichesky_institut,tekhnologichesky_institut_1,суббота,21,1,0.263975,16,вестибюль,"нет в часовых данных: профиль только по 4 месяцам 15-минутных данных (февраль, май, июль, сентябрь)"
tekhnologichesky_institut,tekhnologichesky_institut_1,суббота,21,2,0.234645,16,вестибюль,"нет в часовых данных: профиль только по 4 месяцам 15-минутных данных (февраль, май, июль, сентябрь)"
tekhnologichesky_institut,tekhnologichesky_institut_1,суббота,21,3,0.217391,16,вестибюль,"нет в часовых данных: профиль только по 4 месяцам 15-минутных данных (февраль, май, июль, сентябрь)"
tekhnologichesky_institut,tekhnologichesky_institut_1,суббота,22,0,0.296336,16,вестибюль,"нет в часовых данных: профиль только по 4 месяцам 15-минутных данных (февраль, май, июль, сентябрь)"
tekhnologichesky_institut,tekhnologichesky_institut_1,суббота,22,1,0.272612,16,вестибюль,"нет в часовых данных: профиль только по 4 месяцам 15-минутных данных (февраль, май, июль, сентябрь)"
tekhnologichesky_institut,tekhnologichesky_institut_1,суббота,22,2,0.226435,16,вестибюль,"нет в часовых данных: профиль только по 4 месяцам 15-минутных данных (февраль, май, июль, сентябрь)"
tekhnologichesky_institut,tekhnologichesky_institut_1,суббота,22,3,0.204618,16,вестибюль,"нет в часовых данных: профиль только по 4 месяцам 15-минутных данных (февраль, май, июль, сентябрь)"
tekhnologichesky_institut,tekhnologichesky_institut_1,суббота,23,0,0.325318,16,вестибюль,"нет в часовых данных: профиль только по 4 месяцам 15-минутных данных (февраль, май, июль, сентябрь)"
tekhnologichesky_institut,tekhnologichesky_institut_1,суббота,23,1,0.25495,16,вестибюль,"нет в часовых данных: профиль только по 4 месяцам 15-минутных данных (февраль, май, июль, сентябрь)"
tekhnologichesky_institut,tekhnologichesky_institut_1,суббота,23,2,0.21181,16,вестибюль,"нет в часовых данных: профиль только по 4 месяцам 15-минутных данных (февраль, май, июль, сентябрь)"
tekhnologichesky_institut,tekhnologichesky_institut_1,суббота,23,3,0.207921,16,вестибюль,"нет в часовых данных: профиль только по 4 месяцам 15-минутных данных (февраль, май, июль, сентябрь)"
tekhnologichesky_institut,tekhnologichesky_institut_1,суббота,0,0,0.575937,16,вестибюль,"нет в часовых данных: профиль только по 4 месяцам 15-минутных данных (февраль, май, июль, сентябрь)"
tekhnologichesky_institut,tekhnologichesky_institut_1,суббота,0,1,0.376726,16,вестибюль,"нет в часовых данных: профиль только по 4 месяцам 15-минутных данных (февраль, май, июль, сентябрь)"
tekhnologichesky_institut,tekhnologichesky_institut_1,суббота,0,2,0.029586,16,вестибюль,"нет в часовых данных: профиль только по 4 месяцам 15-минутных данных (февраль, май, июль, сентябрь)"
tekhnologichesky_institut,tekhnologichesky_institut_1,суббота,0,3,0.017751,16,вестибюль,"нет в часовых данных: профиль только по 4 месяцам 15-минутных данных (февраль, май, июль, сентябрь)"
tekhnologichesky_institut,tekhnologichesky_institut_1,воскресенье,5,0,0.02381,17,вестибюль,"нет в часовых данных: профиль только по 4 месяцам 15-минутных данных (февраль, май, июль, сентябрь)"
tekhnologichesky_institut,tekhnologichesky_institut_1,воскресенье,5,1,0.076923,17,вестибюль,"нет в часовых данных: профиль только по 4 месяцам 15-минутных данных (февраль, май, июль, сентябрь)"
tekhnologichesky_institut,tekhnologichesky_institut_1,воскресенье,5,2,0.417582,17,вестибюль,"нет в часовых данных: профиль только по 4 месяцам 15-минутных данных (февраль, май, июль, сентябрь)"
tekhnologichesky_institut,tekhnologichesky_institut_1,воскресенье,5,3,0.481685,17,вестибюль,"нет в часовых данных: профиль только по 4 месяцам 15-минутных данных (февраль, май, июль, сентябрь)"
tekhnologichesky_institut,tekhnologichesky_institut_1,воскресенье,6,0,0.220472,17,вестибюль,"нет в часовых данных: профиль только по 4 месяцам 15-минутных данных (февраль, май, июль, сентябрь)"
tekhnologichesky_institut,tekhnologichesky_institut_1,воскресенье,6,1,0.251094,17,вестибюль,"нет в часовых данных: профиль только по 4 месяцам 15-минутных данных (февраль, май, июль, сентябрь)"
tekhnologichesky_institut,tekhnologichesky_institut_1,воскресенье,6,2,0.252843,17,вестибюль,"нет в часовых данных: профиль только по 4 месяцам 15-минутных данных (февраль, май, июль, сентябрь)"
tekhnologichesky_institut,tekhnologichesky_institut_1,воскресенье,6,3,0.275591,17,вестибюль,"нет в часовых данных: профиль только по 4 месяцам 15-минутных данных (февраль, май, июль, сентябрь)"
tekhnologichesky_institut,tekhnologichesky_institut_1,воскресенье,7,0,0.217461,17,вестибюль,"нет в часовых данных: профиль только по 4 месяцам 15-минутных данных (февраль, май, июль, сентябрь)"
tekhnologichesky_institut,tekhnologichesky_institut_1,воскресенье,7,1,0.198179,17,вестибюль,"нет в часовых данных: профиль только по 4 месяцам 15-минутных данных (февраль, май, июль, сентябрь)"
tekhnologichesky_institut,tekhnologichesky_institut_1,воскресенье,7,2,0.267809,17,вестибюль,"нет в часовых данных: профиль только по 4 месяцам 15-минутных данных (февраль, май, июль, сентябрь)"
tekhnologichesky_institut,tekhnologichesky_institut_1,воскресенье,7,3,0.316551,17,вестибюль,"нет в часовых данных: профиль только по 4 месяцам 15-минутных данных (февраль, май, июль, сентябрь)"
tekhnologichesky_institut,tekhnologichesky_institut_1,воскресенье,8,0,0.300651,17,вестибюль,"нет в часовых данных: профиль только по 4 месяцам 15-минутных данных (февраль, май, июль, сентябрь)"
tekhnologichesky_institut,tekhnologichesky_institut_1,воскресенье,8,1,0.273753,17,вестибюль,"нет в часовых данных: профиль только по 4 месяцам 15-минутных данных (февраль, май, июль, сентябрь)"
tekhnologichesky_institut,tekhnologichesky_institut_1,воскресенье,8,2,0.22256,17,вестибюль,"нет в часовых данных: профиль только по 4 месяцам 15-минутных данных (февраль, май, июль, сентябрь)"
tekhnologichesky_institut,tekhnologichesky_institut_1,воскресенье,8,3,0.203037,17,вестибюль,"нет в часовых данных: профиль только по 4 месяцам 15-минутных данных (февраль, май, июль, сентябрь)"
tekhnologichesky_institut,tekhnologichesky_institut_1,воскресенье,9,0,0.239559,17,вестибюль,"нет в часовых данных: профиль только по 4 месяцам 15-минутных данных (февраль, май, июль, сентябрь)"
tekhnologichesky_institut,tekhnologichesky_institut_1,воскресенье,9,1,0.299448,17,вестибюль,"нет в часовых данных: профиль только по 4 месяцам 15-минутных данных (февраль, май, июль, сентябрь)"
tekhnologichesky_institut,tekhnologichesky_institut_1,воскресенье,9,2,0.256895,17,вестибюль,"нет в часовых данных: профиль только по 4 месяцам 15-минутных данных (февраль, май, июль, сентябрь)"
tekhnologichesky_institut,tekhnologichesky_institut_1,воскресенье,9,3,0.204098,17,вестибюль,"нет в часовых данных: профиль только по 4 месяцам 15-минутных данных (февраль, май, июль, сентябрь)"
tekhnologichesky_institut,tekhnologichesky_institut_1,воскресенье,10,0,0.228216,17,вестибюль,"нет в часовых данных: профиль только по 4 месяцам 15-минутных данных (февраль, май, июль, сентябрь)"
tekhnologichesky_institut,tekhnologichesky_institut_1,воскресенье,10,1,0.255753,17,вестибюль,"нет в часовых данных: профиль только по 4 месяцам 15-минутных данных (февраль, май, июль, сентябрь)"
tekhnologichesky_institut,tekhnologichesky_institut_1,воскресенье,10,2,0.249717,17,вестибюль,"нет в часовых данных: профиль только по 4 месяцам 15-минутных данных (февраль, май, июль, сентябрь)"
tekhnologichesky_institut,tekhnologichesky_institut_1,воскресенье,10,3,0.266315,17,вестибюль,"нет в часовых данных: профиль только по 4 месяцам 15-минутных данных (февраль, май, июль, сентябрь)"
tekhnologichesky_institut,tekhnologichesky_institut_1,воскресенье,11,0,0.225016,17,вестибюль,"нет в часовых данных: профиль только по 4 месяцам 15-минутных данных (февраль, май, июль, сентябрь)"
tekhnologichesky_institut,tekhnologichesky_institut_1,воскресенье,11,1,0.253707,17,вестибюль,"нет в часовых данных: профиль только по 4 месяцам 15-минутных данных (февраль, май, июль, сентябрь)"
tekhnologichesky_institut,tekhnologichesky_institut_1,воскресенье,11,2,0.260799,17,вестибюль,"нет в часовых данных: профиль только по 4 месяцам 15-минутных данных (февраль, май, июль, сентябрь)"
tekhnologichesky_institut,tekhnologichesky_institut_1,воскресенье,11,3,0.260477,17,вестибюль,"нет в часовых данных: профиль только по 4 месяцам 15-минутных данных (февраль, май, июль, сентябрь)"
tekhnologichesky_institut,tekhnologichesky_institut_1,воскресенье,12,0,0.229783,17,вестибюль,"нет в часовых данных: профиль только по 4 месяцам 15-минутных данных (февраль, май, июль, сентябрь)"
tekhnologichesky_institut,tekhnologichesky_institut_1,воскресенье,12,1,0.245224,17,вестибюль,"нет в часовых данных: профиль только по 4 месяцам 15-минутных данных (февраль, май, июль, сентябрь)"
tekhnologichesky_institut,tekhnologichesky_institut_1,воскресенье,12,2,0.255954,17,вестибюль,"нет в часовых данных: профиль только по 4 месяцам 15-минутных данных (февраль, май, июль, сентябрь)"
tekhnologichesky_institut,tekhnologichesky_institut_1,воскресенье,12,3,0.26904,17,вестибюль,"нет в часовых данных: профиль только по 4 месяцам 15-минутных данных (февраль, май, июль, сентябрь)"
tekhnologichesky_institut,tekhnologichesky_institut_1,воскресенье,13,0,0.238645,17,вестибюль,"нет в часовых данных: профиль только по 4 месяцам 15-минутных данных (февраль, май, июль, сентябрь)"
tekhnologichesky_institut,tekhnologichesky_institut_1,воскресенье,13,1,0.256568,17,вестибюль,"нет в часовых данных: профиль только по 4 месяцам 15-минутных данных (февраль, май, июль, сентябрь)"
tekhnologichesky_institut,tekhnologichesky_institut_1,воскресенье,13,2,0.252885,17,вестибюль,"нет в часовых данных: профиль только по 4 месяцам 15-минутных данных (февраль, май, июль, сентябрь)"
tekhnologichesky_institut,tekhnologichesky_institut_1,воскресенье,13,3,0.251903,17,вестибюль,"нет в часовых данных: профиль только по 4 месяцам 15-минутных данных (февраль, май, июль, сентябрь)"
tekhnologichesky_institut,tekhnologichesky_institut_1,воскресенье,14,0,0.226857,17,вестибюль,"нет в часовых данных: профиль только по 4 месяцам 15-минутных данных (февраль, май, июль, сентябрь)"
tekhnologichesky_institut,tekhnologichesky_institut_1,воскресенье,14,1,0.288359,17,вестибюль,"нет в часовых данных: профиль только по 4 месяцам 15-минутных данных (февраль, май, июль, сентябрь)"
tekhnologichesky_institut,tekhnologichesky_institut_1,воскресенье,14,2,0.24303,17,вестибюль,"нет в часовых данных: профиль только по 4 месяцам 15-минутных данных (февраль, май, июль, сентябрь)"
tekhnologichesky_institut,tekhnologichesky_institut_1,воскресенье,14,3,0.241754,17,вестибюль,"нет в часовых данных: профиль только по 4 месяцам 15-минутных данных (февраль, май, июль, сентябрь)"
tekhnologichesky_institut,tekhnologichesky_institut_1,воскресенье,15,0,0.237505,17,вестибюль,"нет в часовых данных: профиль только по 4 месяцам 15-минутных данных (февраль, май, июль, сентябрь)"
tekhnologichesky_institut,tekhnologichesky_institut_1,воскресенье,15,1,0.254378,17,вестибюль,"нет в часовых данных: профиль только по 4 месяцам 15-минутных данных (февраль, май, июль, сентябрь)"
tekhnologichesky_institut,tekhnologichesky_institut_1,воскресенье,15,2,0.253097,17,вестибюль,"нет в часовых данных: профиль только по 4 месяцам 15-минутных данных (февраль, май, июль, сентябрь)"
tekhnologichesky_institut,tekhnologichesky_institut_1,воскресенье,15,3,0.255019,17,вестибюль,"нет в часовых данных: профиль только по 4 месяцам 15-минутных данных (февраль, май, июль, сентябрь)"
tekhnologichesky_institut,tekhnologichesky_institut_1,воскресенье,16,0,0.233236,17,вестибюль,"нет в часовых данных: профиль только по 4 месяцам 15-минутных данных (февраль, май, июль, сентябрь)"
tekhnologichesky_institut,tekhnologichesky_institut_1,воскресенье,16,1,0.252786,17,вестибюль,"нет в часовых данных: профиль только по 4 месяцам 15-минутных данных (февраль, май, июль, сентябрь)"
tekhnologichesky_institut,tekhnologichesky_institut_1,воскресенье,16,2,0.261584,17,вестибюль,"нет в часовых данных: профиль только по 4 месяцам 15-минутных данных (февраль, май, июль, сентябрь)"
tekhnologichesky_institut,tekhnologichesky_institut_1,воскресенье,16,3,0.252395,17,вестибюль,"нет в часовых данных: профиль только по 4 месяцам 15-минутных данных (февраль, май, июль, сентябрь)"
tekhnologichesky_institut,tekhnologichesky_institut_1,воскресенье,17,0,0.245333,17,вестибюль,"нет в часовых данных: профиль только по 4 месяцам 15-минутных данных (февраль, май, июль, сентябрь)"
tekhnologichesky_institut,tekhnologichesky_institut_1,воскресенье,17,1,0.280028,17,вестибюль,"нет в часовых данных: профиль только по 4 месяцам 15-минутных данных (февраль, май, июль, сентябрь)"
tekhnologichesky_institut,tekhnologichesky_institut_1,воскресенье,17,2,0.230011,17,вестибюль,"нет в часовых данных: профиль только по 4 месяцам 15-минутных данных (февраль, май, июль, сентябрь)"
tekhnologichesky_institut,tekhnologichesky_institut_1,воскресенье,17,3,0.244628,17,вестибюль,"нет в часовых данных: профиль только по 4 месяцам 15-минутных данных (февраль, май, июль, сентябрь)"
tekhnologichesky_institut,tekhnologichesky_institut_1,воскресенье,18,0,0.259,17,вестибюль,"нет в часовых данных: профиль только по 4 месяцам 15-минутных данных (февраль, май, июль, сентябрь)"
tekhnologichesky_institut,tekhnologichesky_institut_1,воскресенье,18,1,0.266656,17,вестибюль,"нет в часовых данных: профиль только по 4 месяцам 15-минутных данных (февраль, май, июль, сентябрь)"
tekhnologichesky_institut,tekhnologichesky_institut_1,воскресенье,18,2,0.24548,17,вестибюль,"нет в часовых данных: профиль только по 4 месяцам 15-минутных данных (февраль, май, июль, сентябрь)"
tekhnologichesky_institut,tekhnologichesky_institut_1,воскресенье,18,3,0.228865,17,вестибюль,"нет в часовых данных: профиль только по 4 месяцам 15-минутных данных (февраль, май, июль, сентябрь)"
tekhnologichesky_institut,tekhnologichesky_institut_1,воскресенье,19,0,0.247726,17,вестибюль,"нет в часовых данных: профиль только по 4 месяцам 15-минутных данных (февраль, май, июль, сентябрь)"
tekhnologichesky_institut,tekhnologichesky_institut_1,воскресенье,19,1,0.266809,17,вестибюль,"нет в часовых данных: профиль только по 4 месяцам 15-минутных данных (февраль, май, июль, сентябрь)"
tekhnologichesky_institut,tekhnologichesky_institut_1,воскресенье,19,2,0.238809,17,вестибюль,"нет в часовых данных: профиль только по 4 месяцам 15-минутных данных (февраль, май, июль, сентябрь)"
tekhnologichesky_institut,tekhnologichesky_institut_1,воскресенье,19,3,0.246656,17,вестибюль,"нет в часовых данных: профиль только по 4 месяцам 15-минутных данных (февраль, май, июль, сентябрь)"
tekhnologichesky_institut,tekhnologichesky_institut_1,воскресенье,20,0,0.270553,17,вестибюль,"нет в часовых данных: профиль только по 4 месяцам 15-минутных данных (февраль, май, июль, сентябрь)"
tekhnologichesky_institut,tekhnologichesky_institut_1,воскресенье,20,1,0.259922,17,вестибюль,"нет в часовых данных: профиль только по 4 месяцам 15-минутных данных (февраль, май, июль, сентябрь)"
tekhnologichesky_institut,tekhnologichesky_institut_1,воскресенье,20,2,0.249468,17,вестибюль,"нет в часовых данных: профиль только по 4 месяцам 15-минутных данных (февраль, май, июль, сентябрь)"
tekhnologichesky_institut,tekhnologichesky_institut_1,воскресенье,20,3,0.220057,17,вестибюль,"нет в часовых данных: профиль только по 4 месяцам 15-минутных данных (февраль, май, июль, сентябрь)"
tekhnologichesky_institut,tekhnologichesky_institut_1,воскресенье,21,0,0.281542,17,вестибюль,"нет в часовых данных: профиль только по 4 месяцам 15-минутных данных (февраль, май, июль, сентябрь)"
tekhnologichesky_institut,tekhnologichesky_institut_1,воскресенье,21,1,0.287072,17,вестибюль,"нет в часовых данных: профиль только по 4 месяцам 15-минутных данных (февраль, май, июль, сентябрь)"
tekhnologichesky_institut,tekhnologichesky_institut_1,воскресенье,21,2,0.226927,17,вестибюль,"нет в часовых данных: профиль только по 4 месяцам 15-минутных данных (февраль, май, июль, сентябрь)"
tekhnologichesky_institut,tekhnologichesky_institut_1,воскресенье,21,3,0.204459,17,вестибюль,"нет в часовых данных: профиль только по 4 месяцам 15-минутных данных (февраль, май, июль, сентябрь)"
tekhnologichesky_institut,tekhnologichesky_institut_1,воскресенье,22,0,0.337303,17,вестибюль,"нет в часовых данных: профиль только по 4 месяцам 15-минутных данных (февраль, май, июль, сентябрь)"
tekhnologichesky_institut,tekhnologichesky_institut_1,воскресенье,22,1,0.282682,17,вестибюль,"нет в часовых данных: профиль только по 4 месяцам 15-минутных данных (февраль, май, июль, сентябрь)"
tekhnologichesky_institut,tekhnologichesky_institut_1,воскресенье,22,2,0.20554,17,вестибюль,"нет в часовых данных: профиль только по 4 месяцам 15-минутных данных (февраль, май, июль, сентябрь)"
tekhnologichesky_institut,tekhnologichesky_institut_1,воскресенье,22,3,0.174476,17,вестибюль,"нет в часовых данных: профиль только по 4 месяцам 15-минутных данных (февраль, май, июль, сентябрь)"
tekhnologichesky_institut,tekhnologichesky_institut_1,воскресенье,23,0,0.310185,17,вестибюль,"нет в часовых данных: профиль только по 4 месяцам 15-минутных данных (февраль, май, июль, сентябрь)"
tekhnologichesky_institut,tekhnologichesky_institut_1,воскресенье,23,1,0.277778,17,вестибюль,"нет в часовых данных: профиль только по 4 месяцам 15-минутных данных (февраль, май, июль, сентябрь)"
tekhnologichesky_institut,tekhnologichesky_institut_1,воскресенье,23,2,0.218056,17,вестибюль,"нет в часовых данных: профиль только по 4 месяцам 15-минутных данных (февраль, май, июль, сентябрь)"
tekhnologichesky_institut,tekhnologichesky_institut_1,воскресенье,23,3,0.193981,17,вестибюль,"нет в часовых данных: профиль только по 4 месяцам 15-минутных данных (февраль, май, июль, сентябрь)"
tekhnologichesky_institut,tekhnologichesky_institut_1,воскресенье,0,0,0.53494,17,вестибюль,"нет в часовых данных: профиль только по 4 месяцам 15-минутных данных (февраль, май, июль, сентябрь)"
tekhnologichesky_institut,tekhnologichesky_institut_1,воскресенье,0,1,0.392771,17,вестибюль,"нет в часовых данных: профиль только по 4 месяцам 15-минутных данных (февраль, май, июль, сентябрь)"
tekhnologichesky_institut,tekhnologichesky_institut_1,воскресенье,0,2,0.060241,17,вестибюль,"нет в часовых данных: профиль только по 4 месяцам 15-минутных данных (февраль, май, июль, сентябрь)"
tekhnologichesky_institut,tekhnologichesky_institut_1,воскресенье,0,3,0.012048,17,вестибюль,"нет в часовых данных: профиль только по 4 месяцам 15-минутных данных (февраль, май, июль, сентябрь)"
tekhnologichesky_institut,*,рабочий,5,0,0.029844,80,станция,"нет в часовых данных: профиль только по 4 месяцам 15-минутных данных (февраль, май, июль, сентябрь)"
tekhnologichesky_institut,*,рабочий,5,1,0.069789,80,станция,"нет в часовых данных: профиль только по 4 месяцам 15-минутных данных (февраль, май, июль, сентябрь)"
tekhnologichesky_institut,*,рабочий,5,2,0.352158,80,станция,"нет в часовых данных: профиль только по 4 месяцам 15-минутных данных (февраль, май, июль, сентябрь)"
tekhnologichesky_institut,*,рабочий,5,3,0.548209,80,станция,"нет в часовых данных: профиль только по 4 месяцам 15-минутных данных (февраль, май, июль, сентябрь)"
tekhnologichesky_institut,*,рабочий,6,0,0.180971,80,станция,"нет в часовых данных: профиль только по 4 месяцам 15-минутных данных (февраль, май, июль, сентябрь)"
tekhnologichesky_institut,*,рабочий,6,1,0.230378,80,станция,"нет в часовых данных: профиль только по 4 месяцам 15-минутных данных (февраль, май, июль, сентябрь)"
tekhnologichesky_institut,*,рабочий,6,2,0.264352,80,станция,"нет в часовых данных: профиль только по 4 месяцам 15-минутных данных (февраль, май, июль, сентябрь)"
tekhnologichesky_institut,*,рабочий,6,3,0.324299,80,станция,"нет в часовых данных: профиль только по 4 месяцам 15-минутных данных (февраль, май, июль, сентябрь)"
tekhnologichesky_institut,*,рабочий,7,0,0.210581,80,станция,"нет в часовых данных: профиль только по 4 месяцам 15-минутных данных (февраль, май, июль, сентябрь)"
tekhnologichesky_institut,*,рабочий,7,1,0.205949,80,станция,"нет в часовых данных: профиль только по 4 месяцам 15-минутных данных (февраль, май, июль, сентябрь)"
tekhnologichesky_institut,*,рабочий,7,2,0.272298,80,станция,"нет в часовых данных: профиль только по 4 месяцам 15-минутных данных (февраль, май, июль, сентябрь)"
tekhnologichesky_institut,*,рабочий,7,3,0.311172,80,станция,"нет в часовых данных: профиль только по 4 месяцам 15-минутных данных (февраль, май, июль, сентябрь)"
tekhnologichesky_institut,*,рабочий,8,0,0.246352,80,станция,"нет в часовых данных: профиль только по 4 месяцам 15-минутных данных (февраль, май, июль, сентябрь)"
tekhnologichesky_institut,*,рабочий,8,1,0.27855,80,станция,"нет в часовых данных: профиль только по 4 месяцам 15-минутных данных (февраль, май, июль, сентябрь)"
tekhnologichesky_institut,*,рабочий,8,2,0.26515,80,станция,"нет в часовых данных: профиль только по 4 месяцам 15-минутных данных (февраль, май, июль, сентябрь)"
tekhnologichesky_institut,*,рабочий,8,3,0.209948,80,станция,"нет в часовых данных: профиль только по 4 месяцам 15-минутных данных (февраль, май, июль, сентябрь)"
tekhnologichesky_institut,*,рабочий,9,0,0.262513,80,станция,"нет в часовых данных: профиль только по 4 месяцам 15-минутных данных (февраль, май, июль, сентябрь)"
tekhnologichesky_institut,*,рабочий,9,1,0.280513,80,станция,"нет в часовых данных: профиль только по 4 месяцам 15-минутных данных (февраль, май, июль, сентябрь)"
tekhnologichesky_institut,*,рабочий,9,2,0.242459,80,станция,"нет в часовых данных: профиль только по 4 месяцам 15-минутных данных (февраль, май, июль, сентябрь)"
tekhnologichesky_institut,*,рабочий,9,3,0.214515,80,станция,"нет в часовых данных: профиль только по 4 месяцам 15-минутных данных (февраль, май, июль, сентябрь)"
tekhnologichesky_institut,*,рабочий,10,0,0.217349,80,станция,"нет в часовых данных: профиль только по 4 месяцам 15-минутных данных (февраль, май, июль, сентябрь)"
tekhnologichesky_institut,*,рабочий,10,1,0.245119,80,станция,"нет в часовых данных: профиль только по 4 месяцам 15-минутных данных (февраль, май, июль, сентябрь)"
tekhnologichesky_institut,*,рабочий,10,2,0.269736,80,станция,"нет в часовых данных: профиль только по 4 месяцам 15-минутных данных (февраль, май, июль, сентябрь)"
tekhnologichesky_institut,*,рабочий,10,3,0.267796,80,станция,"нет в часовых данных: профиль только по 4 месяцам 15-минутных данных (февраль, май, июль, сентябрь)"
tekhnologichesky_institut,*,рабочий,11,0,0.234779,80,станция,"нет в часовых данных: профиль только по 4 месяцам 15-минутных данных (февраль, май, июль, сентябрь)"
tekhnologichesky_institut,*,рабочий,11,1,0.250237,80,станция,"нет в часовых данных: профиль только по 4 месяцам 15-минутных данных (февраль, май, июль, сентябрь)"
tekhnologichesky_institut,*,рабочий,11,2,0.250846,80,станция,"нет в часовых данных: профиль только по 4 месяцам 15-минутных данных (февраль, май, июль, сентябрь)"
tekhnologichesky_institut,*,рабочий,11,3,0.264139,80,станция,"нет в часовых данных: профиль только по 4 месяцам 15-минутных данных (февраль, май, июль, сентябрь)"
tekhnologichesky_institut,*,рабочий,12,0,0.200873,80,станция,"нет в часовых данных: профиль только по 4 месяцам 15-минутных данных (февраль, май, июль, сентябрь)"
tekhnologichesky_institut,*,рабочий,12,1,0.292601,80,станция,"нет в часовых данных: профиль только по 4 месяцам 15-минутных данных (февраль, май, июль, сентябрь)"
tekhnologichesky_institut,*,рабочий,12,2,0.265591,80,станция,"нет в часовых данных: профиль только по 4 месяцам 15-минутных данных (февраль, май, июль, сентябрь)"
tekhnologichesky_institut,*,рабочий,12,3,0.240935,80,станция,"нет в часовых данных: профиль только по 4 месяцам 15-минутных данных (февраль, май, июль, сентябрь)"
tekhnologichesky_institut,*,рабочий,13,0,0.271678,80,станция,"нет в часовых данных: профиль только по 4 месяцам 15-минутных данных (февраль, май, июль, сентябрь)"
tekhnologichesky_institut,*,рабочий,13,1,0.247199,80,станция,"нет в часовых данных: профиль только по 4 месяцам 15-минутных данных (февраль, май, июль, сентябрь)"
tekhnologichesky_institut,*,рабочий,13,2,0.2267,80,станция,"нет в часовых данных: профиль только по 4 месяцам 15-минутных данных (февраль, май, июль, сентябрь)"
tekhnologichesky_institut,*,рабочий,13,3,0.254423,80,станция,"нет в часовых данных: профиль только по 4 месяцам 15-минутных данных (февраль, май, июль, сентябрь)"
tekhnologichesky_institut,*,рабочий,14,0,0.293738,80,станция,"нет в часовых данных: профиль только по 4 месяцам 15-минутных данных (февраль, май, июль, сентябрь)"
tekhnologichesky_institut,*,рабочий,14,1,0.282309,80,станция,"нет в часовых данных: профиль только по 4 месяцам 15-минутных данных (февраль, май, июль, сентябрь)"
tekhnologichesky_institut,*,рабочий,14,2,0.208155,80,станция,"нет в часовых данных: профиль только по 4 месяцам 15-минутных данных (февраль, май, июль, сентябрь)"
tekhnologichesky_institut,*,рабочий,14,3,0.215799,80,станция,"нет в часовых данных: профиль только по 4 месяцам 15-минутных данных (февраль, май, июль, сентябрь)"
tekhnologichesky_institut,*,рабочий,15,0,0.224027,80,станция,"нет в часовых данных: профиль только по 4 месяцам 15-минутных данных (февраль, май, июль, сентябрь)"
tekhnologichesky_institut,*,рабочий,15,1,0.228492,80,станция,"нет в часовых данных: профиль только по 4 месяцам 15-минутных данных (февраль, май, июль, сентябрь)"
tekhnologichesky_institut,*,рабочий,15,2,0.274087,80,станция,"нет в часовых данных: профиль только по 4 месяцам 15-минутных данных (февраль, май, июль, сентябрь)"
tekhnologichesky_institut,*,рабочий,15,3,0.273394,80,станция,"нет в часовых данных: профиль только по 4 месяцам 15-минутных данных (февраль, май, июль, сентябрь)"
tekhnologichesky_institut,*,рабочий,16,0,0.187521,80,станция,"нет в часовых данных: профиль только по 4 месяцам 15-минутных данных (февраль, май, июль, сентябрь)"
tekhnologichesky_institut,*,рабочий,16,1,0.226307,80,станция,"нет в часовых данных: профиль только по 4 месяцам 15-минутных данных (февраль, май, июль, сентябрь)"
tekhnologichesky_institut,*,рабочий,16,2,0.328234,80,станция,"нет в часовых данных: профиль только по 4 месяцам 15-минутных данных (февраль, май, июль, сентябрь)"
tekhnologichesky_institut,*,рабочий,16,3,0.257938,80,станция,"нет в часовых данных: профиль только по 4 месяцам 15-минутных данных (февраль, май, июль, сентябрь)"
tekhnologichesky_institut,*,рабочий,17,0,0.223886,80,станция,"нет в часовых данных: профиль только по 4 месяцам 15-минутных данных (февраль, май, июль, сентябрь)"
tekhnologichesky_institut,*,рабочий,17,1,0.255439,80,станция,"нет в часовых данных: профиль только по 4 месяцам 15-минутных данных (февраль, май, июль, сентябрь)"
tekhnologichesky_institut,*,рабочий,17,2,0.278488,80,станция,"нет в часовых данных: профиль только по 4 месяцам 15-минутных данных (февраль, май, июль, сентябрь)"
tekhnologichesky_institut,*,рабочий,17,3,0.242187,80,станция,"нет в часовых данных: профиль только по 4 месяцам 15-минутных данных (февраль, май, июль, сентябрь)"
tekhnologichesky_institut,*,рабочий,18,0,0.301685,80,станция,"нет в часовых данных: профиль только по 4 месяцам 15-минутных данных (февраль, май, июль, сентябрь)"
tekhnologichesky_institut,*,рабочий,18,1,0.343822,80,станция,"нет в часовых данных: профиль только по 4 месяцам 15-минутных данных (февраль, май, июль, сентябрь)"
tekhnologichesky_institut,*,рабочий,18,2,0.204978,80,станция,"нет в часовых данных: профиль только по 4 месяцам 15-минутных данных (февраль, май, июль, сентябрь)"
tekhnologichesky_institut,*,рабочий,18,3,0.149516,80,станция,"нет в часовых данных: профиль только по 4 месяцам 15-минутных данных (февраль, май, июль, сентябрь)"
tekhnologichesky_institut,*,рабочий,19,0,0.271955,80,станция,"нет в часовых данных: профиль только по 4 месяцам 15-минутных данных (февраль, май, июль, сентябрь)"
tekhnologichesky_institut,*,рабочий,19,1,0.271984,80,станция,"нет в часовых данных: профиль только по 4 месяцам 15-минутных данных (февраль, май, июль, сентябрь)"
tekhnologichesky_institut,*,рабочий,19,2,0.226668,80,станция,"нет в часовых данных: профиль только по 4 месяцам 15-минутных данных (февраль, май, июль, сентябрь)"
tekhnologichesky_institut,*,рабочий,19,3,0.229394,80,станция,"нет в часовых данных: профиль только по 4 месяцам 15-минутных данных (февраль, май, июль, сентябрь)"
tekhnologichesky_institut,*,рабочий,20,0,0.326581,80,станция,"нет в часовых данных: профиль только по 4 месяцам 15-минутных данных (февраль, май, июль, сентябрь)"
tekhnologichesky_institut,*,рабочий,20,1,0.28022,80,станция,"нет в часовых данных: профиль только по 4 месяцам 15-минутных данных (февраль, май, июль, сентябрь)"
tekhnologichesky_institut,*,рабочий,20,2,0.208388,80,станция,"нет в часовых данных: профиль только по 4 месяцам 15-минутных данных (февраль, май, июль, сентябрь)"
tekhnologichesky_institut,*,рабочий,20,3,0.184811,80,станция,"нет в часовых данных: профиль только по 4 месяцам 15-минутных данных (февраль, май, июль, сентябрь)"
tekhnologichesky_institut,*,рабочий,21,0,0.297317,80,станция,"нет в часовых данных: профиль только по 4 месяцам 15-минутных данных (февраль, май, июль, сентябрь)"
tekhnologichesky_institut,*,рабочий,21,1,0.285536,80,станция,"нет в часовых данных: профиль только по 4 месяцам 15-минутных данных (февраль, май, июль, сентябрь)"
tekhnologichesky_institut,*,рабочий,21,2,0.218978,80,станция,"нет в часовых данных: профиль только по 4 месяцам 15-минутных данных (февраль, май, июль, сентябрь)"
tekhnologichesky_institut,*,рабочий,21,3,0.198169,80,станция,"нет в часовых данных: профиль только по 4 месяцам 15-минутных данных (февраль, май, июль, сентябрь)"
tekhnologichesky_institut,*,рабочий,22,0,0.304664,80,станция,"нет в часовых данных: профиль только по 4 месяцам 15-минутных данных (февраль, май, июль, сентябрь)"
tekhnologichesky_institut,*,рабочий,22,1,0.290296,80,станция,"нет в часовых данных: профиль только по 4 месяцам 15-минутных данных (февраль, май, июль, сентябрь)"
tekhnologichesky_institut,*,рабочий,22,2,0.220146,80,станция,"нет в часовых данных: профиль только по 4 месяцам 15-минутных данных (февраль, май, июль, сентябрь)"
tekhnologichesky_institut,*,рабочий,22,3,0.184894,80,станция,"нет в часовых данных: профиль только по 4 месяцам 15-минутных данных (февраль, май, июль, сентябрь)"
tekhnologichesky_institut,*,рабочий,23,0,0.332626,80,станция,"нет в часовых данных: профиль только по 4 месяцам 15-минутных данных (февраль, май, июль, сентябрь)"
tekhnologichesky_institut,*,рабочий,23,1,0.280433,80,станция,"нет в часовых данных: профиль только по 4 месяцам 15-минутных данных (февраль, май, июль, сентябрь)"
tekhnologichesky_institut,*,рабочий,23,2,0.203206,80,станция,"нет в часовых данных: профиль только по 4 месяцам 15-минутных данных (февраль, май, июль, сентябрь)"
tekhnologichesky_institut,*,рабочий,23,3,0.183735,80,станция,"нет в часовых данных: профиль только по 4 месяцам 15-минутных данных (февраль, май, июль, сентябрь)"
tekhnologichesky_institut,*,рабочий,0,0,0.524069,80,станция,"нет в часовых данных: профиль только по 4 месяцам 15-минутных данных (февраль, май, июль, сентябрь)"
tekhnologichesky_institut,*,рабочий,0,1,0.396458,80,станция,"нет в часовых данных: профиль только по 4 месяцам 15-минутных данных (февраль, май, июль, сентябрь)"
tekhnologichesky_institut,*,рабочий,0,2,0.051317,80,станция,"нет в часовых данных: профиль только по 4 месяцам 15-минутных данных (февраль, май, июль, сентябрь)"
tekhnologichesky_institut,*,рабочий,0,3,0.028156,80,станция,"нет в часовых данных: профиль только по 4 месяцам 15-минутных данных (февраль, май, июль, сентябрь)"
tekhnologichesky_institut,*,суббота,5,0,0.025822,16,станция,"нет в часовых данных: профиль только по 4 месяцам 15-минутных данных (февраль, май, июль, сентябрь)"
tekhnologichesky_institut,*,суббота,5,1,0.107981,16,станция,"нет в часовых данных: профиль только по 4 месяцам 15-минутных данных (февраль, май, июль, сентябрь)"
tekhnologichesky_institut,*,суббота,5,2,0.410798,16,станция,"нет в часовых данных: профиль только по 4 месяцам 15-минутных данных (февраль, май, июль, сентябрь)"
tekhnologichesky_institut,*,суббота,5,3,0.455399,16,станция,"нет в часовых данных: профиль только по 4 месяцам 15-минутных данных (февраль, май, июль, сентябрь)"
tekhnologichesky_institut,*,суббота,6,0,0.206429,16,станция,"нет в часовых данных: профиль только по 4 месяцам 15-минутных данных (февраль, май, июль, сентябрь)"
tekhnologichesky_institut,*,суббота,6,1,0.262143,16,станция,"нет в часовых данных: профиль только по 4 месяцам 15-минутных данных (февраль, май, июль, сентябрь)"
tekhnologichesky_institut,*,суббота,6,2,0.268571,16,станция,"нет в часовых данных: профиль только по 4 месяцам 15-минутных данных (февраль, май, июль, сентябрь)"
tekhnologichesky_institut,*,суббота,6,3,0.262857,16,станция,"нет в часовых данных: профиль только по 4 месяцам 15-минутных данных (февраль, май, июль, сентябрь)"
tekhnologichesky_institut,*,суббота,7,0,0.238377,16,станция,"нет в часовых данных: профиль только по 4 месяцам 15-минутных данных (февраль, май, июль, сентябрь)"
tekhnologichesky_institut,*,суббота,7,1,0.194166,16,станция,"нет в часовых данных: профиль только по 4 месяцам 15-минутных данных (февраль, май, июль, сентябрь)"
tekhnologichesky_institut,*,суббота,7,2,0.260711,16,станция,"нет в часовых данных: профиль только по 4 месяцам 15-минутных данных (февраль, май, июль, сентябрь)"
tekhnologichesky_institut,*,суббота,7,3,0.306746,16,станция,"нет в часовых данных: профиль только по 4 месяцам 15-минутных данных (февраль, май, июль, сентябрь)"
tekhnologichesky_institut,*,суббота,8,0,0.284314,16,станция,"нет в часовых данных: профиль только по 4 месяцам 15-минутных данных (февраль, май, июль, сентябрь)"
tekhnologichesky_institut,*,суббота,8,1,0.271008,16,станция,"нет в часовых данных: профиль только по 4 месяцам 15-минутных данных (февраль, май, июль, сентябрь)"
tekhnologichesky_institut,*,суббота,8,2,0.255252,16,станция,"нет в часовых данных: профиль только по 4 месяцам 15-минутных данных (февраль, май, июль, сентябрь)"
tekhnologichesky_institut,*,суббота,8,3,0.189426,16,станция,"нет в часовых данных: профиль только по 4 месяцам 15-минутных данных (февраль, май, июль, сентябрь)"
tekhnologichesky_institut,*,суббота,9,0,0.243177,16,станция,"нет в часовых данных: профиль только по 4 месяцам 15-минутных данных (февраль, май, июль, сентябрь)"
tekhnologichesky_institut,*,суббота,9,1,0.306158,16,станция,"нет в часовых данных: профиль только по 4 месяцам 15-минутных данных (февраль, май, июль, сентябрь)"
tekhnologichesky_institut,*,суббота,9,2,0.227432,16,станция,"нет в часовых данных: профиль только по 4 месяцам 15-минутных данных (февраль, май, июль, сентябрь)"
tekhnologichesky_institut,*,суббота,9,3,0.223233,16,станция,"нет в часовых данных: профиль только по 4 месяцам 15-минутных данных (февраль, май, июль, сентябрь)"
tekhnologichesky_institut,*,суббота,10,0,0.212139,16,станция,"нет в часовых данных: профиль только по 4 месяцам 15-минутных данных (февраль, май, июль, сентябрь)"
tekhnologichesky_institut,*,суббота,10,1,0.235191,16,станция,"нет в часовых данных: профиль только по 4 месяцам 15-минутных данных (февраль, май, июль, сентябрь)"
tekhnologichesky_institut,*,суббота,10,2,0.292676,16,станция,"нет в часовых данных: профиль только по 4 месяцам 15-минутных данных (февраль, май, июль, сентябрь)"
tekhnologichesky_institut,*,суббота,10,3,0.259994,16,станция,"нет в часовых данных: профиль только по 4 месяцам 15-минутных данных (февраль, май, июль, сентябрь)"
tekhnologichesky_institut,*,суббота,11,0,0.219655,16,станция,"нет в часовых данных: профиль только по 4 месяцам 15-минутных данных (февраль, май, июль, сентябрь)"
tekhnologichesky_institut,*,суббота,11,1,0.24398,16,станция,"нет в часовых данных: профиль только по 4 месяцам 15-минутных данных (февраль, май, июль, сентябрь)"
tekhnologichesky_institut,*,суббота,11,2,0.260034,16,станция,"нет в часовых данных: профиль только по 4 месяцам 15-минутных данных (февраль, май, июль, сентябрь)"
tekhnologichesky_institut,*,суббота,11,3,0.276332,16,станция,"нет в часовых данных: профиль только по 4 месяцам 15-минутных данных (февраль, май, июль, сентябрь)"
tekhnologichesky_institut,*,суббота,12,0,0.199229,16,станция,"нет в часовых данных: профиль только по 4 месяцам 15-минутных данных (февраль, май, июль, сентябрь)"
tekhnologichesky_institut,*,суббота,12,1,0.320931,16,станция,"нет в часовых данных: профиль только по 4 месяцам 15-минутных данных (февраль, май, июль, сентябрь)"
tekhnologichesky_institut,*,суббота,12,2,0.265491,16,станция,"нет в часовых данных: профиль только по 4 месяцам 15-минутных данных (февраль, май, июль, сентябрь)"
tekhnologichesky_institut,*,суббота,12,3,0.214349,16,станция,"нет в часовых данных: профиль только по 4 месяцам 15-минутных данных (февраль, май, июль, сентябрь)"
tekhnologichesky_institut,*,суббота,13,0,0.225623,16,станция,"нет в часовых данных: профиль только по 4 месяцам 15-минутных данных (февраль, май, июль, сентябрь)"
tekhnologichesky_institut,*,суббота,13,1,0.239311,16,станция,"нет в часовых данных: профиль только по 4 месяцам 15-минутных данных (февраль, май, июль, сентябрь)"
tekhnologichesky_institut,*,суббота,13,2,0.243925,16,станция,"нет в часовых данных: профиль только по 4 месяцам 15-минутных данных (февраль, май, июль, сентябрь)"
tekhnologichesky_institut,*,суббота,13,3,0.291141,16,станция,"нет в часовых данных: профиль только по 4 месяцам 15-минутных данных (февраль, май, июль, сентябрь)"
tekhnologichesky_institut,*,суббота,14,0,0.335275,16,станция,"нет в часовых данных: профиль только по 4 месяцам 15-минутных данных (февраль, май, июль, сентябрь)"
tekhnologichesky_institut,*,суббота,14,1,0.267615,16,станция,"нет в часовых данных: профиль только по 4 месяцам 15-минутных данных (февраль, май, июль, сентябрь)"
tekhnologichesky_institut,*,суббота,14,2,0.208917,16,станция,"нет в часовых данных: профиль только по 4 месяцам 15-минутных данных (февраль, май, июль, сентябрь)"
tekhnologichesky_institut,*,суббота,14,3,0.188193,16,станция,"нет в часовых данных: профиль только по 4 месяцам 15-минутных данных (февраль, май, июль, сентябрь)"
tekhnologichesky_institut,*,суббота,15,0,0.245551,16,станция,"нет в часовых данных: профиль только по 4 месяцам 15-минутных данных (февраль, май, июль, сентябрь)"
tekhnologichesky_institut,*,суббота,15,1,0.250144,16,станция,"нет в часовых данных: профиль только по 4 месяцам 15-минутных данных (февраль, май, июль, сентябрь)"
tekhnologichesky_institut,*,суббота,15,2,0.242394,16,станция,"нет в часовых данных: профиль только по 4 месяцам 15-минутных данных (февраль, май, июль, сентябрь)"
tekhnologichesky_institut,*,суббота,15,3,0.261912,16,станция,"нет в часовых данных: профиль только по 4 месяцам 15-минутных данных (февраль, май, июль, сентябрь)"
tekhnologichesky_institut,*,суббота,16,0,0.202319,16,станция,"нет в часовых данных: профиль только по 4 месяцам 15-минутных данных (февраль, май, июль, сентябрь)"
tekhnologichesky_institut,*,суббота,16,1,0.239135,16,станция,"нет в часовых данных: профиль только по 4 месяцам 15-минутных данных (февраль, май, июль, сентябрь)"
tekhnologichesky_institut,*,суббота,16,2,0.335285,16,станция,"нет в часовых данных: профиль только по 4 месяцам 15-минутных данных (февраль, май, июль, сентябрь)"
tekhnologichesky_institut,*,суббота,16,3,0.223261,16,станция,"нет в часовых данных: профиль только по 4 месяцам 15-минутных данных (февраль, май, июль, сентябрь)"
tekhnologichesky_institut,*,суббота,17,0,0.253387,16,станция,"нет в часовых данных: профиль только по 4 месяцам 15-минутных данных (февраль, май, июль, сентябрь)"
tekhnologichesky_institut,*,суббота,17,1,0.265079,16,станция,"нет в часовых данных: профиль только по 4 месяцам 15-минутных данных (февраль, май, июль, сентябрь)"
tekhnologichesky_institut,*,суббота,17,2,0.244688,16,станция,"нет в часовых данных: профиль только по 4 месяцам 15-минутных данных (февраль, май, июль, сентябрь)"
tekhnologichesky_institut,*,суббота,17,3,0.236846,16,станция,"нет в часовых данных: профиль только по 4 месяцам 15-минутных данных (февраль, май, июль, сентябрь)"
tekhnologichesky_institut,*,суббота,18,0,0.264923,16,станция,"нет в часовых данных: профиль только по 4 месяцам 15-минутных данных (февраль, май, июль, сентябрь)"
tekhnologichesky_institut,*,суббота,18,1,0.28221,16,станция,"нет в часовых данных: профиль только по 4 месяцам 15-минутных данных (февраль, май, июль, сентябрь)"
tekhnologichesky_institut,*,суббота,18,2,0.232713,16,станция,"нет в часовых данных: профиль только по 4 месяцам 15-минутных данных (февраль, май, июль, сентябрь)"
tekhnologichesky_institut,*,суббота,18,3,0.220154,16,станция,"нет в часовых данных: профиль только по 4 месяцам 15-минутных данных (февраль, май, июль, сентябрь)"
tekhnologichesky_institut,*,суббота,19,0,0.262181,16,станция,"нет в часовых данных: профиль только по 4 месяцам 15-минутных данных (февраль, май, июль, сентябрь)"
tekhnologichesky_institut,*,суббота,19,1,0.259397,16,станция,"нет в часовых данных: профиль только по 4 месяцам 15-минутных данных (февраль, май, июль, сентябрь)"
tekhnologichesky_institut,*,суббота,19,2,0.242382,16,станция,"нет в часовых данных: профиль только по 4 месяцам 15-минутных данных (февраль, май, июль, сентябрь)"
tekhnologichesky_institut,*,суббота,19,3,0.23604,16,станция,"нет в часовых данных: профиль только по 4 месяцам 15-минутных данных (февраль, май, июль, сентябрь)"
tekhnologichesky_institut,*,суббота,20,0,0.278613,16,станция,"нет в часовых данных: профиль только по 4 месяцам 15-минутных данных (февраль, май, июль, сентябрь)"
tekhnologichesky_institut,*,суббота,20,1,0.259775,16,станция,"нет в часовых данных: профиль только по 4 месяцам 15-минутных данных (февраль, май, июль, сентябрь)"
tekhnologichesky_institut,*,суббота,20,2,0.242045,16,станция,"нет в часовых данных: профиль только по 4 месяцам 15-минутных данных (февраль, май, июль, сентябрь)"
tekhnologichesky_institut,*,суббота,20,3,0.219566,16,станция,"нет в часовых данных: профиль только по 4 месяцам 15-минутных данных (февраль, май, июль, сентябрь)"
tekhnologichesky_institut,*,суббота,21,0,0.283989,16,станция,"нет в часовых данных: профиль только по 4 месяцам 15-минутных данных (февраль, май, июль, сентябрь)"
tekhnologichesky_institut,*,суббота,21,1,0.263975,16,станция,"нет в часовых данных: профиль только по 4 месяцам 15-минутных данных (февраль, май, июль, сентябрь)"
tekhnologichesky_institut,*,суббота,21,2,0.234645,16,станция,"нет в часовых данных: профиль только по 4 месяцам 15-минутных данных (февраль, май, июль, сентябрь)"
tekhnologichesky_institut,*,суббота,21,3,0.217391,16,станция,"нет в часовых данных: профиль только по 4 месяцам 15-минутных данных (февраль, май, июль, сентябрь)"
tekhnologichesky_institut,*,суббота,22,0,0.296336,16,станция,"нет в часовых данных: профиль только по 4 месяцам 15-минутных данных (февраль, май, июль, сентябрь)"
tekhnologichesky_institut,*,суббота,22,1,0.272612,16,станция,"нет в часовых данных: профиль только по 4 месяцам 15-минутных данных (февраль, май, июль, сентябрь)"
tekhnologichesky_institut,*,суббота,22,2,0.226435,16,станция,"нет в часовых данных: профиль только по 4 месяцам 15-минутных данных (февраль, май, июль, сентябрь)"
tekhnologichesky_institut,*,суббота,22,3,0.204618,16,станция,"нет в часовых данных: профиль только по 4 месяцам 15-минутных данных (февраль, май, июль, сентябрь)"
tekhnologichesky_institut,*,суббота,23,0,0.325318,16,станция,"нет в часовых данных: профиль только по 4 месяцам 15-минутных данных (февраль, май, июль, сентябрь)"
tekhnologichesky_institut,*,суббота,23,1,0.25495,16,станция,"нет в часовых данных: профиль только по 4 месяцам 15-минутных данных (февраль, май, июль, сентябрь)"
tekhnologichesky_institut,*,суббота,23,2,0.21181,16,станция,"нет в часовых данных: профиль только по 4 месяцам 15-минутных данных (февраль, май, июль, сентябрь)"
tekhnologichesky_institut,*,суббота,23,3,0.207921,16,станция,"нет в часовых данных: профиль только по 4 месяцам 15-минутных данных (февраль, май, июль, сентябрь)"
tekhnologichesky_institut,*,суббота,0,0,0.575937,16,станция,"нет в часовых данных: профиль только по 4 месяцам 15-минутных данных (февраль, май, июль, сентябрь)"
tekhnologichesky_institut,*,суббота,0,1,0.376726,16,станция,"нет в часовых данных: профиль только по 4 месяцам 15-минутных данных (февраль, май, июль, сентябрь)"
tekhnologichesky_institut,*,суббота,0,2,0.029586,16,станция,"нет в часовых данных: профиль только по 4 месяцам 15-минутных данных (февраль, май, июль, сентябрь)"
tekhnologichesky_institut,*,суббота,0,3,0.017751,16,станция,"нет в часовых данных: профиль только по 4 месяцам 15-минутных данных (февраль, май, июль, сентябрь)"
tekhnologichesky_institut,*,воскресенье,5,0,0.02381,17,станция,"нет в часовых данных: профиль только по 4 месяцам 15-минутных данных (февраль, май, июль, сентябрь)"
tekhnologichesky_institut,*,воскресенье,5,1,0.076923,17,станция,"нет в часовых данных: профиль только по 4 месяцам 15-минутных данных (февраль, май, июль, сентябрь)"
tekhnologichesky_institut,*,воскресенье,5,2,0.417582,17,станция,"нет в часовых данных: профиль только по 4 месяцам 15-минутных данных (февраль, май, июль, сентябрь)"
tekhnologichesky_institut,*,воскресенье,5,3,0.481685,17,станция,"нет в часовых данных: профиль только по 4 месяцам 15-минутных данных (февраль, май, июль, сентябрь)"
tekhnologichesky_institut,*,воскресенье,6,0,0.220472,17,станция,"нет в часовых данных: профиль только по 4 месяцам 15-минутных данных (февраль, май, июль, сентябрь)"
tekhnologichesky_institut,*,воскресенье,6,1,0.251094,17,станция,"нет в часовых данных: профиль только по 4 месяцам 15-минутных данных (февраль, май, июль, сентябрь)"
tekhnologichesky_institut,*,воскресенье,6,2,0.252843,17,станция,"нет в часовых данных: профиль только по 4 месяцам 15-минутных данных (февраль, май, июль, сентябрь)"
tekhnologichesky_institut,*,воскресенье,6,3,0.275591,17,станция,"нет в часовых данных: профиль только по 4 месяцам 15-минутных данных (февраль, май, июль, сентябрь)"
tekhnologichesky_institut,*,воскресенье,7,0,0.217461,17,станция,"нет в часовых данных: профиль только по 4 месяцам 15-минутных данных (февраль, май, июль, сентябрь)"
tekhnologichesky_institut,*,воскресенье,7,1,0.198179,17,станция,"нет в часовых данных: профиль только по 4 месяцам 15-минутных данных (февраль, май, июль, сентябрь)"
tekhnologichesky_institut,*,воскресенье,7,2,0.267809,17,станция,"нет в часовых данных: профиль только по 4 месяцам 15-минутных данных (февраль, май, июль, сентябрь)"
tekhnologichesky_institut,*,воскресенье,7,3,0.316551,17,станция,"нет в часовых данных: профиль только по 4 месяцам 15-минутных данных (февраль, май, июль, сентябрь)"
tekhnologichesky_institut,*,воскресенье,8,0,0.300651,17,станция,"нет в часовых данных: профиль только по 4 месяцам 15-минутных данных (февраль, май, июль, сентябрь)"
tekhnologichesky_institut,*,воскресенье,8,1,0.273753,17,станция,"нет в часовых данных: профиль только по 4 месяцам 15-минутных данных (февраль, май, июль, сентябрь)"
tekhnologichesky_institut,*,воскресенье,8,2,0.22256,17,станция,"нет в часовых данных: профиль только по 4 месяцам 15-минутных данных (февраль, май, июль, сентябрь)"
tekhnologichesky_institut,*,воскресенье,8,3,0.203037,17,станция,"нет в часовых данных: профиль только по 4 месяцам 15-минутных данных (февраль, май, июль, сентябрь)"
tekhnologichesky_institut,*,воскресенье,9,0,0.239559,17,станция,"нет в часовых данных: профиль только по 4 месяцам 15-минутных данных (февраль, май, июль, сентябрь)"
tekhnologichesky_institut,*,воскресенье,9,1,0.299448,17,станция,"нет в часовых данных: профиль только по 4 месяцам 15-минутных данных (февраль, май, июль, сентябрь)"
tekhnologichesky_institut,*,воскресенье,9,2,0.256895,17,станция,"нет в часовых данных: профиль только по 4 месяцам 15-минутных данных (февраль, май, июль, сентябрь)"
tekhnologichesky_institut,*,воскресенье,9,3,0.204098,17,станция,"нет в часовых данных: профиль только по 4 месяцам 15-минутных данных (февраль, май, июль, сентябрь)"
tekhnologichesky_institut,*,воскресенье,10,0,0.228216,17,станция,"нет в часовых данных: профиль только по 4 месяцам 15-минутных данных (февраль, май, июль, сентябрь)"
tekhnologichesky_institut,*,воскресенье,10,1,0.255753,17,станция,"нет в часовых данных: профиль только по 4 месяцам 15-минутных данных (февраль, май, июль, сентябрь)"
tekhnologichesky_institut,*,воскресенье,10,2,0.249717,17,станция,"нет в часовых данных: профиль только по 4 месяцам 15-минутных данных (февраль, май, июль, сентябрь)"
tekhnologichesky_institut,*,воскресенье,10,3,0.266315,17,станция,"нет в часовых данных: профиль только по 4 месяцам 15-минутных данных (февраль, май, июль, сентябрь)"
tekhnologichesky_institut,*,воскресенье,11,0,0.225016,17,станция,"нет в часовых данных: профиль только по 4 месяцам 15-минутных данных (февраль, май, июль, сентябрь)"
tekhnologichesky_institut,*,воскресенье,11,1,0.253707,17,станция,"нет в часовых данных: профиль только по 4 месяцам 15-минутных данных (февраль, май, июль, сентябрь)"
tekhnologichesky_institut,*,воскресенье,11,2,0.260799,17,станция,"нет в часовых данных: профиль только по 4 месяцам 15-минутных данных (февраль, май, июль, сентябрь)"
tekhnologichesky_institut,*,воскресенье,11,3,0.260477,17,станция,"нет в часовых данных: профиль только по 4 месяцам 15-минутных данных (февраль, май, июль, сентябрь)"
tekhnologichesky_institut,*,воскресенье,12,0,0.229783,17,станция,"нет в часовых данных: профиль только по 4 месяцам 15-минутных данных (февраль, май, июль, сентябрь)"
tekhnologichesky_institut,*,воскресенье,12,1,0.245224,17,станция,"нет в часовых данных: профиль только по 4 месяцам 15-минутных данных (февраль, май, июль, сентябрь)"
tekhnologichesky_institut,*,воскресенье,12,2,0.255954,17,станция,"нет в часовых данных: профиль только по 4 месяцам 15-минутных данных (февраль, май, июль, сентябрь)"
tekhnologichesky_institut,*,воскресенье,12,3,0.26904,17,станция,"нет в часовых данных: профиль только по 4 месяцам 15-минутных данных (февраль, май, июль, сентябрь)"
tekhnologichesky_institut,*,воскресенье,13,0,0.238645,17,станция,"нет в часовых данных: профиль только по 4 месяцам 15-минутных данных (февраль, май, июль, сентябрь)"
tekhnologichesky_institut,*,воскресенье,13,1,0.256568,17,станция,"нет в часовых данных: профиль только по 4 месяцам 15-минутных данных (февраль, май, июль, сентябрь)"
tekhnologichesky_institut,*,воскресенье,13,2,0.252885,17,станция,"нет в часовых данных: профиль только по 4 месяцам 15-минутных данных (февраль, май, июль, сентябрь)"
tekhnologichesky_institut,*,воскресенье,13,3,0.251903,17,станция,"нет в часовых данных: профиль только по 4 месяцам 15-минутных данных (февраль, май, июль, сентябрь)"
tekhnologichesky_institut,*,воскресенье,14,0,0.226857,17,станция,"нет в часовых данных: профиль только по 4 месяцам 15-минутных данных (февраль, май, июль, сентябрь)"
tekhnologichesky_institut,*,воскресенье,14,1,0.288359,17,станция,"нет в часовых данных: профиль только по 4 месяцам 15-минутных данных (февраль, май, июль, сентябрь)"
tekhnologichesky_institut,*,воскресенье,14,2,0.24303,17,станция,"нет в часовых данных: профиль только по 4 месяцам 15-минутных данных (февраль, май, июль, сентябрь)"
tekhnologichesky_institut,*,воскресенье,14,3,0.241754,17,станция,"нет в часовых данных: профиль только по 4 месяцам 15-минутных данных (февраль, май, июль, сентябрь)"
tekhnologichesky_institut,*,воскресенье,15,0,0.237505,17,станция,"нет в часовых данных: профиль только по 4 месяцам 15-минутных данных (февраль, май, июль, сентябрь)"
tekhnologichesky_institut,*,воскресенье,15,1,0.254378,17,станция,"нет в часовых данных: профиль только по 4 месяцам 15-минутных данных (февраль, май, июль, сентябрь)"
tekhnologichesky_institut,*,воскресенье,15,2,0.253097,17,станция,"нет в часовых данных: профиль только по 4 месяцам 15-минутных данных (февраль, май, июль, сентябрь)"
tekhnologichesky_institut,*,воскресенье,15,3,0.255019,17,станция,"нет в часовых данных: профиль только по 4 месяцам 15-минутных данных (февраль, май, июль, сентябрь)"
tekhnologichesky_institut,*,воскресенье,16,0,0.233236,17,станция,"нет в часовых данных: профиль только по 4 месяцам 15-минутных данных (февраль, май, июль, сентябрь)"
tekhnologichesky_institut,*,воскресенье,16,1,0.252786,17,станция,"нет в часовых данных: профиль только по 4 месяцам 15-минутных данных (февраль, май, июль, сентябрь)"
tekhnologichesky_institut,*,воскресенье,16,2,0.261584,17,станция,"нет в часовых данных: профиль только по 4 месяцам 15-минутных данных (февраль, май, июль, сентябрь)"
tekhnologichesky_institut,*,воскресенье,16,3,0.252395,17,станция,"нет в часовых данных: профиль только по 4 месяцам 15-минутных данных (февраль, май, июль, сентябрь)"
tekhnologichesky_institut,*,воскресенье,17,0,0.245333,17,станция,"нет в часовых данных: профиль только по 4 месяцам 15-минутных данных (февраль, май, июль, сентябрь)"
tekhnologichesky_institut,*,воскресенье,17,1,0.280028,17,станция,"нет в часовых данных: профиль только по 4 месяцам 15-минутных данных (февраль, май, июль, сентябрь)"
tekhnologichesky_institut,*,воскресенье,17,2,0.230011,17,станция,"нет в часовых данных: профиль только по 4 месяцам 15-минутных данных (февраль, май, июль, сентябрь)"
tekhnologichesky_institut,*,воскресенье,17,3,0.244628,17,станция,"нет в часовых данных: профиль только по 4 месяцам 15-минутных данных (февраль, май, июль, сентябрь)"
tekhnologichesky_institut,*,воскресенье,18,0,0.259,17,станция,"нет в часовых данных: профиль только по 4 месяцам 15-минутных данных (февраль, май, июль, сентябрь)"
tekhnologichesky_institut,*,воскресенье,18,1,0.266656,17,станция,"нет в часовых данных: профиль только по 4 месяцам 15-минутных данных (февраль, май, июль, сентябрь)"
tekhnologichesky_institut,*,воскресенье,18,2,0.24548,17,станция,"нет в часовых данных: профиль только по 4 месяцам 15-минутных данных (февраль, май, июль, сентябрь)"
tekhnologichesky_institut,*,воскресенье,18,3,0.228865,17,станция,"нет в часовых данных: профиль только по 4 месяцам 15-минутных данных (февраль, май, июль, сентябрь)"
tekhnologichesky_institut,*,воскресенье,19,0,0.247726,17,станция,"нет в часовых данных: профиль только по 4 месяцам 15-минутных данных (февраль, май, июль, сентябрь)"
tekhnologichesky_institut,*,воскресенье,19,1,0.266809,17,станция,"нет в часовых данных: профиль только по 4 месяцам 15-минутных данных (февраль, май, июль, сентябрь)"
tekhnologichesky_institut,*,воскресенье,19,2,0.238809,17,станция,"нет в часовых данных: профиль только по 4 месяцам 15-минутных данных (февраль, май, июль, сентябрь)"
tekhnologichesky_institut,*,воскресенье,19,3,0.246656,17,станция,"нет в часовых данных: профиль только по 4 месяцам 15-минутных данных (февраль, май, июль, сентябрь)"
tekhnologichesky_institut,*,воскресенье,20,0,0.270553,17,станция,"нет в часовых данных: профиль только по 4 месяцам 15-минутных данных (февраль, май, июль, сентябрь)"
tekhnologichesky_institut,*,воскресенье,20,1,0.259922,17,станция,"нет в часовых данных: профиль только по 4 месяцам 15-минутных данных (февраль, май, июль, сентябрь)"
tekhnologichesky_institut,*,воскресенье,20,2,0.249468,17,станция,"нет в часовых данных: профиль только по 4 месяцам 15-минутных данных (февраль, май, июль, сентябрь)"
tekhnologichesky_institut,*,воскресенье,20,3,0.220057,17,станция,"нет в часовых данных: профиль только по 4 месяцам 15-минутных данных (февраль, май, июль, сентябрь)"
tekhnologichesky_institut,*,воскресенье,21,0,0.281542,17,станция,"нет в часовых данных: профиль только по 4 месяцам 15-минутных данных (февраль, май, июль, сентябрь)"
tekhnologichesky_institut,*,воскресенье,21,1,0.287072,17,станция,"нет в часовых данных: профиль только по 4 месяцам 15-минутных данных (февраль, май, июль, сентябрь)"
tekhnologichesky_institut,*,воскресенье,21,2,0.226927,17,станция,"нет в часовых данных: профиль только по 4 месяцам 15-минутных данных (февраль, май, июль, сентябрь)"
tekhnologichesky_institut,*,воскресенье,21,3,0.204459,17,станция,"нет в часовых данных: профиль только по 4 месяцам 15-минутных данных (февраль, май, июль, сентябрь)"
tekhnologichesky_institut,*,воскресенье,22,0,0.337303,17,станция,"нет в часовых данных: профиль только по 4 месяцам 15-минутных данных (февраль, май, июль, сентябрь)"
tekhnologichesky_institut,*,воскресенье,22,1,0.282682,17,станция,"нет в часовых данных: профиль только по 4 месяцам 15-минутных данных (февраль, май, июль, сентябрь)"
tekhnologichesky_institut,*,воскресенье,22,2,0.20554,17,станция,"нет в часовых данных: профиль только по 4 месяцам 15-минутных данных (февраль, май, июль, сентябрь)"
tekhnologichesky_institut,*,воскресенье,22,3,0.174476,17,станция,"нет в часовых данных: профиль только по 4 месяцам 15-минутных данных (февраль, май, июль, сентябрь)"
tekhnologichesky_institut,*,воскресенье,23,0,0.310185,17,станция,"нет в часовых данных: профиль только по 4 месяцам 15-минутных данных (февраль, май, июль, сентябрь)"
tekhnologichesky_institut,*,воскресенье,23,1,0.277778,17,станция,"нет в часовых данных: профиль только по 4 месяцам 15-минутных данных (февраль, май, июль, сентябрь)"
tekhnologichesky_institut,*,воскресенье,23,2,0.218056,17,станция,"нет в часовых данных: профиль только по 4 месяцам 15-минутных данных (февраль, май, июль, сентябрь)"
tekhnologichesky_institut,*,воскресенье,23,3,0.193981,17,станция,"нет в часовых данных: профиль только по 4 месяцам 15-минутных данных (февраль, май, июль, сентябрь)"
tekhnologichesky_institut,*,воскресенье,0,0,0.53494,17,станция,"нет в часовых данных: профиль только по 4 месяцам 15-минутных данных (февраль, май, июль, сентябрь)"
tekhnologichesky_institut,*,воскресенье,0,1,0.392771,17,станция,"нет в часовых данных: профиль только по 4 месяцам 15-минутных данных (февраль, май, июль, сентябрь)"
tekhnologichesky_institut,*,воскресенье,0,2,0.060241,17,станция,"нет в часовых данных: профиль только по 4 месяцам 15-минутных данных (февраль, май, июль, сентябрь)"
tekhnologichesky_institut,*,воскресенье,0,3,0.012048,17,станция,"нет в часовых данных: профиль только по 4 месяцам 15-минутных данных (февраль, май, июль, сентябрь)"
baltiyskaya,baltiyskaya_1,рабочий,5,0,0.007815,80,вестибюль,
baltiyskaya,baltiyskaya_1,рабочий,5,1,0.006129,80,вестибюль,
baltiyskaya,baltiyskaya_1,рабочий,5,2,0.465369,80,вестибюль,
baltiyskaya,baltiyskaya_1,рабочий,5,3,0.520686,80,вестибюль,
baltiyskaya,baltiyskaya_1,рабочий,6,0,0.091872,80,вестибюль,
baltiyskaya,baltiyskaya_1,рабочий,6,1,0.289084,80,вестибюль,
baltiyskaya,baltiyskaya_1,рабочий,6,2,0.257295,80,вестибюль,
baltiyskaya,baltiyskaya_1,рабочий,6,3,0.361748,80,вестибюль,
baltiyskaya,baltiyskaya_1,рабочий,7,0,0.158753,80,вестибюль,
baltiyskaya,baltiyskaya_1,рабочий,7,1,0.18619,80,вестибюль,
baltiyskaya,baltiyskaya_1,рабочий,7,2,0.308222,80,вестибюль,
baltiyskaya,baltiyskaya_1,рабочий,7,3,0.346835,80,вестибюль,
baltiyskaya,baltiyskaya_1,рабочий,8,0,0.293006,61,вестибюль,
baltiyskaya,baltiyskaya_1,рабочий,8,1,0.278071,61,вестибюль,
baltiyskaya,baltiyskaya_1,рабочий,8,2,0.233592,61,вестибюль,
baltiyskaya,baltiyskaya_1,рабочий,8,3,0.195331,61,вестибюль,
baltiyskaya,baltiyskaya_1,рабочий,9,0,0.243023,74,вестибюль,
baltiyskaya,baltiyskaya_1,рабочий,9,1,0.303655,74,вестибюль,
baltiyskaya,baltiyskaya_1,рабочий,9,2,0.242795,74,вестибюль,
baltiyskaya,baltiyskaya_1,рабочий,9,3,0.210526,74,вестибюль,
baltiyskaya,baltiyskaya_1,рабочий,10,0,0.309275,80,вестибюль,
baltiyskaya,baltiyskaya_1,рабочий,10,1,0.277931,80,вестибюль,
baltiyskaya,baltiyskaya_1,рабочий,10,2,0.183248,80,вестибюль,
baltiyskaya,baltiyskaya_1,рабочий,10,3,0.229546,80,вестибюль,
baltiyskaya,baltiyskaya_1,рабочий,11,0,0.302181,80,вестибюль,
baltiyskaya,baltiyskaya_1,рабочий,11,1,0.257865,80,вестибюль,
baltiyskaya,baltiyskaya_1,рабочий,11,2,0.286594,80,вестибюль,
baltiyskaya,baltiyskaya_1,рабочий,11,3,0.15336,80,вестибюль,
baltiyskaya,baltiyskaya_1,рабочий,12,0,0.359736,80,вестибюль,
baltiyskaya,baltiyskaya_1,рабочий,12,1,0.287083,80,вестибюль,
baltiyskaya,baltiyskaya_1,рабочий,12,2,0.179952,80,вестибюль,
baltiyskaya,baltiyskaya_1,рабочий,12,3,0.173229,80,вестибюль,
baltiyskaya,baltiyskaya_1,рабочий,13,0,0.246115,80,вестибюль,
baltiyskaya,baltiyskaya_1,рабочий,13,1,0.257835,80,вестибюль,
baltiyskaya,baltiyskaya_1,рабочий,13,2,0.248165,80,вестибюль,
baltiyskaya,baltiyskaya_1,рабочий,13,3,0.247885,80,вестибюль,
baltiyskaya,baltiyskaya_1,рабочий,14,0,0.166406,80,вестибюль,
baltiyskaya,baltiyskaya_1,рабочий,14,1,0.182374,80,вестибюль,
baltiyskaya,baltiyskaya_1,рабочий,14,2,0.251871,80,вестибюль,
baltiyskaya,baltiyskaya_1,рабочий,14,3,0.399349,80,вестибюль,
baltiyskaya,baltiyskaya_1,рабочий,15,0,0.288869,80,вестибюль,
baltiyskaya,baltiyskaya_1,рабочий,15,1,0.241828,80,вестибюль,
baltiyskaya,baltiyskaya_1,рабочий,15,2,0.234386,80,вестибюль,
baltiyskaya,baltiyskaya_1,рабочий,15,3,0.234918,80,вестибюль,
baltiyskaya,baltiyskaya_1,рабочий,16,0,0.198206,80,вестибюль,
baltiyskaya,baltiyskaya_1,рабочий,16,1,0.265173,80,вестибюль,
baltiyskaya,baltiyskaya_1,рабочий,16,2,0.239894,80,вестибюль,
baltiyskaya,baltiyskaya_1,рабочий,16,3,0.296727,80,вестибюль,
baltiyskaya,baltiyskaya_1,рабочий,17,0,0.245899,80,вестибюль,
baltiyskaya,baltiyskaya_1,рабочий,17,1,0.285168,80,вестибюль,
baltiyskaya,baltiyskaya_1,рабочий,17,2,0.2322,80,вестибюль,
baltiyskaya,baltiyskaya_1,рабочий,17,3,0.236733,80,вестибюль,
baltiyskaya,baltiyskaya_1,рабочий,18,0,0.298623,80,вестибюль,
baltiyskaya,baltiyskaya_1,рабочий,18,1,0.28208,80,вестибюль,
baltiyskaya,baltiyskaya_1,рабочий,18,2,0.220286,80,вестибюль,
baltiyskaya,baltiyskaya_1,рабочий,18,3,0.199011,80,вестибюль,
baltiyskaya,baltiyskaya_1,рабочий,19,0,0.318187,80,вестибюль,
baltiyskaya,baltiyskaya_1,рабочий,19,1,0.249033,80,вестибюль,
baltiyskaya,baltiyskaya_1,рабочий,19,2,0.234097,80,вестибюль,
baltiyskaya,baltiyskaya_1,рабочий,19,3,0.198684,80,вестибюль,
baltiyskaya,baltiyskaya_1,рабочий,20,0,0.305229,80,вестибюль,
baltiyskaya,baltiyskaya_1,рабочий,20,1,0.282652,80,вестибюль,
baltiyskaya,baltiyskaya_1,рабочий,20,2,0.206966,80,вестибюль,
baltiyskaya,baltiyskaya_1,рабочий,20,3,0.205152,80,вестибюль,
baltiyskaya,baltiyskaya_1,рабочий,21,0,0.285746,80,вестибюль,
baltiyskaya,baltiyskaya_1,рабочий,21,1,0.27215,80,вестибюль,
baltiyskaya,baltiyskaya_1,рабочий,21,2,0.252772,80,вестибюль,
baltiyskaya,baltiyskaya_1,рабочий,21,3,0.189331,80,вестибюль,
baltiyskaya,baltiyskaya_1,рабочий,22,0,0.30297,80,вестибюль,
baltiyskaya,baltiyskaya_1,рабочий,22,1,0.310107,80,вестибюль,
baltiyskaya,baltiyskaya_1,рабочий,22,2,0.192148,80,вестибюль,
baltiyskaya,baltiyskaya_1,рабочий,22,3,0.194776,80,вестибюль,
baltiyskaya,baltiyskaya_1,рабочий,23,0,0.27683,80,вестибюль,
baltiyskaya,baltiyskaya_1,рабочий,23,1,0.388776,80,вестибюль,
baltiyskaya,baltiyskaya_1,рабочий,23,2,0.193589,80,вестибюль,
baltiyskaya,baltiyskaya_1,рабочий,23,3,0.140806,80,вестибюль,
baltiyskaya,baltiyskaya_1,рабочий,0,0,0.667377,80,вестибюль,
baltiyskaya,baltiyskaya_1,рабочий,0,1,0.296066,80,вестибюль,
baltiyskaya,baltiyskaya_1,рабочий,0,2,0.034426,80,вестибюль,
baltiyskaya,baltiyskaya_1,рабочий,0,3,0.002131,80,вестибюль,
baltiyskaya,baltiyskaya_1,суббота,5,0,0.027778,16,вестибюль,
baltiyskaya,baltiyskaya_1,суббота,5,1,0.01936,16,вестибюль,
baltiyskaya,baltiyskaya_1,суббота,5,2,0.453704,16,вестибюль,
baltiyskaya,baltiyskaya_1,суббота,5,3,0.499158,16,вестибюль,
baltiyskaya,baltiyskaya_1,суббота,6,0,0.130886,16,вестибюль,
baltiyskaya,baltiyskaya_1,суббота,6,1,0.339595,16,вестибюль,
baltiyskaya,baltiyskaya_1,суббота,6,2,0.296048,16,вестибюль,
baltiyskaya,baltiyskaya_1,суббота,6,3,0.233472,16,вестибюль,
baltiyskaya,baltiyskaya_1,суббота,7,0,0.250098,16,вестибюль,
baltiyskaya,baltiyskaya_1,суббота,7,1,0.25867,16,вестибюль,
baltiyskaya,baltiyskaya_1,суббота,7,2,0.209069,16,вестибюль,
baltiyskaya,baltiyskaya_1,суббота,7,3,0.282162,16,вестибюль,
baltiyskaya,baltiyskaya_1,суббота,8,0,0.349048,16,вестибюль,
baltiyskaya,baltiyskaya_1,суббота,8,1,0.171856,16,вестибюль,
baltiyskaya,baltiyskaya_1,суббота,8,2,0.313289,16,вестибюль,
baltiyskaya,baltiyskaya_1,суббота,8,3,0.165807,16,вестибюль,
baltiyskaya,baltiyskaya_1,суббота,9,0,0.310845,16,вестибюль,
baltiyskaya,baltiyskaya_1,суббота,9,1,0.265495,16,вестибюль,
baltiyskaya,baltiyskaya_1,суббота,9,2,0.209575,16,вестибюль,
baltiyskaya,baltiyskaya_1,суббота,9,3,0.214085,16,вестибюль,
baltiyskaya,baltiyskaya_1,суббота,10,0,0.275561,16,вестибюль,
baltiyskaya,baltiyskaya_1,суббота,10,1,0.272634,16,вестибюль,
baltiyskaya,baltiyskaya_1,суббота,10,2,0.174729,16,вестибюль,
baltiyskaya,baltiyskaya_1,суббота,10,3,0.277077,16,вестибюль,
baltiyskaya,baltiyskaya_1,суббота,11,0,0.265331,16,вестибюль,
baltiyskaya,baltiyskaya_1,суббота,11,1,0.231197,16,вестибюль,
baltiyskaya,baltiyskaya_1,суббота,11,2,0.296516,16,вестибюль,
baltiyskaya,baltiyskaya_1,суббота,11,3,0.206956,16,вестибюль,
baltiyskaya,baltiyskaya_1,суббота,12,0,0.339349,16,вестибюль,
baltiyskaya,baltiyskaya_1,суббота,12,1,0.20473,16,вестибюль,
baltiyskaya,baltiyskaya_1,суббота,12,2,0.296323,16,вестибюль,
baltiyskaya,baltiyskaya_1,суббота,12,3,0.159598,16,вестибюль,
baltiyskaya,baltiyskaya_1,суббота,13,0,0.183405,16,вестибюль,
baltiyskaya,baltiyskaya_1,суббота,13,1,0.352175,16,вестибюль,
baltiyskaya,baltiyskaya_1,суббота,13,2,0.269032,16,вестибюль,
baltiyskaya,baltiyskaya_1,суббота,13,3,0.195388,16,вестибюль,
baltiyskaya,baltiyskaya_1,суббота,14,0,0.267789,16,вестибюль,
baltiyskaya,baltiyskaya_1,суббота,14,1,0.166121,16,вестибюль,
baltiyskaya,baltiyskaya_1,суббота,14,2,0.209934,16,вестибюль,
baltiyskaya,baltiyskaya_1,суббота,14,3,0.356156,16,вестибюль,
baltiyskaya,baltiyskaya_1,суббота,15,0,0.329374,16,вестибюль,
baltiyskaya,baltiyskaya_1,суббота,15,1,0.274664,16,вестибюль,
baltiyskaya,baltiyskaya_1,суббота,15,2,0.213447,16,вестибюль,
baltiyskaya,baltiyskaya_1,суббота,15,3,0.182515,16,вестибюль,
baltiyskaya,baltiyskaya_1,суббота,16,0,0.177012,16,вестибюль,
baltiyskaya,baltiyskaya_1,суббота,16,1,0.324414,16,вестибюль,
baltiyskaya,baltiyskaya_1,суббота,16,2,0.210161,16,вестибюль,
baltiyskaya,baltiyskaya_1,суббота,16,3,0.288413,16,вестибюль,
baltiyskaya,baltiyskaya_1,суббота,17,0,0.239973,16,вестибюль,
baltiyskaya,baltiyskaya_1,суббота,17,1,0.372235,16,вестибюль,
baltiyskaya,baltiyskaya_1,суббота,17,2,0.170457,16,вестибюль,
baltiyskaya,baltiyskaya_1,суббота,17,3,0.217335,16,вестибюль,
baltiyskaya,baltiyskaya_1,суббота,18,0,0.334401,16,вестибюль,
baltiyskaya,baltiyskaya_1,суббота,18,1,0.197915,16,вестибюль,
baltiyskaya,baltiyskaya_1,суббота,18,2,0.247054,16,вестибюль,
baltiyskaya,baltiyskaya_1,суббота,18,3,0.22063,16,вестибюль,
baltiyskaya,baltiyskaya_1,суббота,19,0,0.275448,16,вестибюль,
baltiyskaya,baltiyskaya_1,суббота,19,1,0.246231,16,вестибюль,
baltiyskaya,baltiyskaya_1,суббота,19,2,0.23714,16,вестибюль,
baltiyskaya,baltiyskaya_1,суббота,19,3,0.241181,16,вестибюль,
baltiyskaya,baltiyskaya_1,суббота,20,0,0.381584,16,вестибюль,
baltiyskaya,baltiyskaya_1,суббота,20,1,0.23158,16,вестибюль,
baltiyskaya,baltiyskaya_1,суббота,20,2,0.166829,16,вестибюль,
baltiyskaya,baltiyskaya_1,суббота,20,3,0.220007,16,вестибюль,
baltiyskaya,baltiyskaya_1,суббота,21,0,0.297602,16,вестибюль,
baltiyskaya,baltiyskaya_1,суббота,21,1,0.234263,16,вестибюль,
baltiyskaya,baltiyskaya_1,суббота,21,2,0.261134,16,вестибюль,
baltiyskaya,baltiyskaya_1,суббота,21,3,0.207001,16,вестибюль,
baltiyskaya,baltiyskaya_1,суббота,22,0,0.331828,16,вестибюль,
baltiyskaya,baltiyskaya_1,суббота,22,1,0.241214,16,вестибюль,
baltiyskaya,baltiyskaya_1,суббота,22,2,0.197918,16,вестибюль,
baltiyskaya,baltiyskaya_1,суббота,22,3,0.22904,16,вестибюль,
baltiyskaya,baltiyskaya_1,суббота,23,0,0.260499,16,вестибюль,
baltiyskaya,baltiyskaya_1,суббота,23,1,0.346585,16,вестибюль,
baltiyskaya,baltiyskaya_1,суббота,23,2,0.22799,16,вестибюль,
baltiyskaya,baltiyskaya_1,суббота,23,3,0.164927,16,вестибюль,
baltiyskaya,baltiyskaya_1,суббота,0,0,0.75374,16,вестибюль,
baltiyskaya,baltiyskaya_1,суббота,0,1,0.228423,16,вестибюль,
baltiyskaya,baltiyskaya_1,суббота,0,2,0.017261,16,вестибюль,
baltiyskaya,baltiyskaya_1,суббота,0,3,0.000575,16,вестибюль,
baltiyskaya,baltiyskaya_1,воскресенье,5,0,0.002784,17,вестибюль,
baltiyskaya,baltiyskaya_1,воскресенье,5,1,0.003479,17,вестибюль,
baltiyskaya,baltiyskaya_1,воскресенье,5,2,0.5762,17,вестибюль,
baltiyskaya,baltiyskaya_1,воскресенье,5,3,0.417537,17,вестибюль,
baltiyskaya,baltiyskaya_1,воскресенье,6,0,0.148647,17,вестибюль,
baltiyskaya,baltiyskaya_1,воскресенье,6,1,0.30321,17,вестибюль,
baltiyskaya,baltiyskaya_1,воскресенье,6,2,0.309717,17,вестибюль,
baltiyskaya,baltiyskaya_1,воскресенье,6,3,0.238426,17,вестибюль,
baltiyskaya,baltiyskaya_1,воскресенье,7,0,0.255787,17,вестибюль,
baltiyskaya,baltiyskaya_1,воскресенье,7,1,0.243145,17,вестибюль,
baltiyskaya,baltiyskaya_1,воскресенье,7,2,0.204505,17,вестибюль,
baltiyskaya,baltiyskaya_1,воскресенье,7,3,0.296563,17,вестибюль,
baltiyskaya,baltiyskaya_1,воскресенье,8,0,0.340423,17,вестибюль,
baltiyskaya,baltiyskaya_1,воскресенье,8,1,0.164468,17,вестибюль,
baltiyskaya,baltiyskaya_1,воскресенье,8,2,0.316188,17,вестибюль,
baltiyskaya,baltiyskaya_1,воскресенье,8,3,0.178921,17,вестибюль,
baltiyskaya,baltiyskaya_1,воскресенье,9,0,0.309586,17,вестибюль,
baltiyskaya,baltiyskaya_1,воскресенье,9,1,0.255411,17,вестибюль,
baltiyskaya,baltiyskaya_1,воскресенье,9,2,0.222257,17,вестибюль,
baltiyskaya,baltiyskaya_1,воскресенье,9,3,0.212746,17,вестибюль,
baltiyskaya,baltiyskaya_1,воскресенье,10,0,0.254663,17,вестибюль,
baltiyskaya,baltiyskaya_1,воскресенье,10,1,0.256523,17,вестибюль,
baltiyskaya,baltiyskaya_1,воскресенье,10,2,0.166169,17,вестибюль,
baltiyskaya,baltiyskaya_1,воскресенье,10,3,0.322645,17,вестибюль,
baltiyskaya,baltiyskaya_1,воскресенье,11,0,0.278322,17,вестибюль,
baltiyskaya,baltiyskaya_1,воскресенье,11,1,0.224102,17,вестибюль,
baltiyskaya,baltiyskaya_1,воскресенье,11,2,0.301771,17,вестибюль,
baltiyskaya,baltiyskaya_1,воскресенье,11,3,0.195805,17,вестибюль,
baltiyskaya,baltiyskaya_1,воскресенье,12,0,0.359261,17,вестибюль,
baltiyskaya,baltiyskaya_1,воскресенье,12,1,0.192728,17,вестибюль,
baltiyskaya,baltiyskaya_1,воскресенье,12,2,0.299524,17,вестибюль,
baltiyskaya,baltiyskaya_1,воскресенье,12,3,0.148487,17,вестибюль,
baltiyskaya,baltiyskaya_1,воскресенье,13,0,0.139459,17,вестибюль,
baltiyskaya,baltiyskaya_1,воскресенье,13,1,0.382812,17,вестибюль,
baltiyskaya,baltiyskaya_1,воскресенье,13,2,0.303055,17,вестибюль,
baltiyskaya,baltiyskaya_1,воскресенье,13,3,0.174674,17,вестибюль,
baltiyskaya,baltiyskaya_1,воскресенье,14,0,0.24262,17,вестибюль,
baltiyskaya,baltiyskaya_1,воскресенье,14,1,0.130813,17,вестибюль,
baltiyskaya,baltiyskaya_1,воскресенье,14,2,0.226319,17,вестибюль,
baltiyskaya,baltiyskaya_1,воскресенье,14,3,0.400248,17,вестибюль,
baltiyskaya,baltiyskaya_1,воскресенье,15,0,0.378575,17,вестибюль,
baltiyskaya,baltiyskaya_1,воскресенье,15,1,0.27774,17,вестибюль,
baltiyskaya,baltiyskaya_1,воскресенье,15,2,0.187546,17,вестибюль,
baltiyskaya,baltiyskaya_1,воскресенье,15,3,0.156139,17,вестибюль,
baltiyskaya,baltiyskaya_1,воскресенье,16,0,0.193244,17,вестибюль,
baltiyskaya,baltiyskaya_1,воскресенье,16,1,0.34903,17,вестибюль,
baltiyskaya,baltiyskaya_1,воскресенье,16,2,0.164869,17,вестибюль,
baltiyskaya,baltiyskaya_1,воскресенье,16,3,0.292858,17,вестибюль,
baltiyskaya,baltiyskaya_1,воскресенье,17,0,0.218929,17,вестибюль,
baltiyskaya,baltiyskaya_1,воскресенье,17,1,0.394769,17,вестибюль,
baltiyskaya,baltiyskaya_1,воскресенье,17,2,0.159188,17,вестибюль,
baltiyskaya,baltiyskaya_1,воскресенье,17,3,0.227113,17,вестибюль,
baltiyskaya,baltiyskaya_1,воскресенье,18,0,0.344121,17,вестибюль,
baltiyskaya,baltiyskaya_1,воскресенье,18,1,0.177674,17,вестибюль,
baltiyskaya,baltiyskaya_1,воскресенье,18,2,0.203703,17,вестибюль,
baltiyskaya,baltiyskaya_1,воскресенье,18,3,0.274501,17,вестибюль,
baltiyskaya,baltiyskaya_1,воскресенье,19,0,0.289028,17,вестибюль,
baltiyskaya,baltiyskaya_1,воскресенье,19,1,0.202324,17,вестибюль,
baltiyskaya,baltiyskaya_1,воскресенье,19,2,0.252082,17,вестибюль,
baltiyskaya,baltiyskaya_1,воскресенье,19,3,0.256566,17,вестибюль,
baltiyskaya,baltiyskaya_1,воскресенье,20,0,0.352348,17,вестибюль,
baltiyskaya,baltiyskaya_1,воскресенье,20,1,0.213027,17,вестибюль,
baltiyskaya,baltiyskaya_1,воскресенье,20,2,0.20528,17,вестибюль,
baltiyskaya,baltiyskaya_1,воскресенье,20,3,0.229345,17,вестибюль,
baltiyskaya,baltiyskaya_1,воскресенье,21,0,0.27065,17,вестибюль,
baltiyskaya,baltiyskaya_1,воскресенье,21,1,0.232483,17,вестибюль,
baltiyskaya,baltiyskaya_1,воскресенье,21,2,0.272375,17,вестибюль,
baltiyskaya,baltiyskaya_1,воскресенье,21,3,0.224492,17,вестибюль,
baltiyskaya,baltiyskaya_1,воскресенье,22,0,0.354742,17,вестибюль,
baltiyskaya,baltiyskaya_1,воскресенье,22,1,0.248127,17,вестибюль,
baltiyskaya,baltiyskaya_1,воскресенье,22,2,0.174233,17,вестибюль,
baltiyskaya,baltiyskaya_1,воскресенье,22,3,0.222898,17,вестибюль,
baltiyskaya,baltiyskaya_1,воскресенье,23,0,0.302602,17,вестибюль,
baltiyskaya,baltiyskaya_1,воскресенье,23,1,0.393183,17,вестибюль,
baltiyskaya,baltiyskaya_1,воскресенье,23,2,0.183107,17,вестибюль,
baltiyskaya,baltiyskaya_1,воскресенье,23,3,0.121108,17,вестибюль,
baltiyskaya,baltiyskaya_1,воскресенье,0,0,0.649901,17,вестибюль,
baltiyskaya,baltiyskaya_1,воскресенье,0,1,0.304734,17,вестибюль,
baltiyskaya,baltiyskaya_1,воскресенье,0,2,0.042406,17,вестибюль,
baltiyskaya,baltiyskaya_1,воскресенье,0,3,0.002959,17,вестибюль,
baltiyskaya,*,рабочий,5,0,0.007815,80,станция,
baltiyskaya,*,рабочий,5,1,0.006129,80,станция,
baltiyskaya,*,рабочий,5,2,0.465369,80,станция,
baltiyskaya,*,рабочий,5,3,0.520686,80,станция,
baltiyskaya,*,рабочий,6,0,0.091872,80,станция,
baltiyskaya,*,рабочий,6,1,0.289084,80,станция,
baltiyskaya,*,рабочий,6,2,0.257295,80,станция,
baltiyskaya,*,рабочий,6,3,0.361748,80,станция,
baltiyskaya,*,рабочий,7,0,0.158753,80,станция,
baltiyskaya,*,рабочий,7,1,0.18619,80,станция,
baltiyskaya,*,рабочий,7,2,0.308222,80,станция,
baltiyskaya,*,рабочий,7,3,0.346835,80,станция,
baltiyskaya,*,рабочий,8,0,0.293006,61,станция,
baltiyskaya,*,рабочий,8,1,0.278071,61,станция,
baltiyskaya,*,рабочий,8,2,0.233592,61,станция,
baltiyskaya,*,рабочий,8,3,0.195331,61,станция,
baltiyskaya,*,рабочий,9,0,0.243023,74,станция,
baltiyskaya,*,рабочий,9,1,0.303655,74,станция,
baltiyskaya,*,рабочий,9,2,0.242795,74,станция,
baltiyskaya,*,рабочий,9,3,0.210526,74,станция,
baltiyskaya,*,рабочий,10,0,0.309275,80,станция,
baltiyskaya,*,рабочий,10,1,0.277931,80,станция,
baltiyskaya,*,рабочий,10,2,0.183248,80,станция,
baltiyskaya,*,рабочий,10,3,0.229546,80,станция,
baltiyskaya,*,рабочий,11,0,0.302181,80,станция,
baltiyskaya,*,рабочий,11,1,0.257865,80,станция,
baltiyskaya,*,рабочий,11,2,0.286594,80,станция,
baltiyskaya,*,рабочий,11,3,0.15336,80,станция,
baltiyskaya,*,рабочий,12,0,0.359736,80,станция,
baltiyskaya,*,рабочий,12,1,0.287083,80,станция,
baltiyskaya,*,рабочий,12,2,0.179952,80,станция,
baltiyskaya,*,рабочий,12,3,0.173229,80,станция,
baltiyskaya,*,рабочий,13,0,0.246115,80,станция,
baltiyskaya,*,рабочий,13,1,0.257835,80,станция,
baltiyskaya,*,рабочий,13,2,0.248165,80,станция,
baltiyskaya,*,рабочий,13,3,0.247885,80,станция,
baltiyskaya,*,рабочий,14,0,0.166406,80,станция,
baltiyskaya,*,рабочий,14,1,0.182374,80,станция,
baltiyskaya,*,рабочий,14,2,0.251871,80,станция,
baltiyskaya,*,рабочий,14,3,0.399349,80,станция,
baltiyskaya,*,рабочий,15,0,0.288869,80,станция,
baltiyskaya,*,рабочий,15,1,0.241828,80,станция,
baltiyskaya,*,рабочий,15,2,0.234386,80,станция,
baltiyskaya,*,рабочий,15,3,0.234918,80,станция,
baltiyskaya,*,рабочий,16,0,0.198206,80,станция,
baltiyskaya,*,рабочий,16,1,0.265173,80,станция,
baltiyskaya,*,рабочий,16,2,0.239894,80,станция,
baltiyskaya,*,рабочий,16,3,0.296727,80,станция,
baltiyskaya,*,рабочий,17,0,0.245899,80,станция,
baltiyskaya,*,рабочий,17,1,0.285168,80,станция,
baltiyskaya,*,рабочий,17,2,0.2322,80,станция,
baltiyskaya,*,рабочий,17,3,0.236733,80,станция,
baltiyskaya,*,рабочий,18,0,0.298623,80,станция,
baltiyskaya,*,рабочий,18,1,0.28208,80,станция,
baltiyskaya,*,рабочий,18,2,0.220286,80,станция,
baltiyskaya,*,рабочий,18,3,0.199011,80,станция,
baltiyskaya,*,рабочий,19,0,0.318187,80,станция,
baltiyskaya,*,рабочий,19,1,0.249033,80,станция,
baltiyskaya,*,рабочий,19,2,0.234097,80,станция,
baltiyskaya,*,рабочий,19,3,0.198684,80,станция,
baltiyskaya,*,рабочий,20,0,0.305229,80,станция,
baltiyskaya,*,рабочий,20,1,0.282652,80,станция,
baltiyskaya,*,рабочий,20,2,0.206966,80,станция,
baltiyskaya,*,рабочий,20,3,0.205152,80,станция,
baltiyskaya,*,рабочий,21,0,0.285746,80,станция,
baltiyskaya,*,рабочий,21,1,0.27215,80,станция,
baltiyskaya,*,рабочий,21,2,0.252772,80,станция,
baltiyskaya,*,рабочий,21,3,0.189331,80,станция,
baltiyskaya,*,рабочий,22,0,0.30297,80,станция,
baltiyskaya,*,рабочий,22,1,0.310107,80,станция,
baltiyskaya,*,рабочий,22,2,0.192148,80,станция,
baltiyskaya,*,рабочий,22,3,0.194776,80,станция,
baltiyskaya,*,рабочий,23,0,0.27683,80,станция,
baltiyskaya,*,рабочий,23,1,0.388776,80,станция,
baltiyskaya,*,рабочий,23,2,0.193589,80,станция,
baltiyskaya,*,рабочий,23,3,0.140806,80,станция,
baltiyskaya,*,рабочий,0,0,0.667377,80,станция,
baltiyskaya,*,рабочий,0,1,0.296066,80,станция,
baltiyskaya,*,рабочий,0,2,0.034426,80,станция,
baltiyskaya,*,рабочий,0,3,0.002131,80,станция,
baltiyskaya,*,суббота,5,0,0.027778,16,станция,
baltiyskaya,*,суббота,5,1,0.01936,16,станция,
baltiyskaya,*,суббота,5,2,0.453704,16,станция,
baltiyskaya,*,суббота,5,3,0.499158,16,станция,
baltiyskaya,*,суббота,6,0,0.130886,16,станция,
baltiyskaya,*,суббота,6,1,0.339595,16,станция,
baltiyskaya,*,суббота,6,2,0.296048,16,станция,
baltiyskaya,*,суббота,6,3,0.233472,16,станция,
baltiyskaya,*,суббота,7,0,0.250098,16,станция,
baltiyskaya,*,суббота,7,1,0.25867,16,станция,
baltiyskaya,*,суббота,7,2,0.209069,16,станция,
baltiyskaya,*,суббота,7,3,0.282162,16,станция,
baltiyskaya,*,суббота,8,0,0.349048,16,станция,
baltiyskaya,*,суббота,8,1,0.171856,16,станция,
baltiyskaya,*,суббота,8,2,0.313289,16,станция,
baltiyskaya,*,суббота,8,3,0.165807,16,станция,
baltiyskaya,*,суббота,9,0,0.310845,16,станция,
baltiyskaya,*,суббота,9,1,0.265495,16,станция,
baltiyskaya,*,суббота,9,2,0.209575,16,станция,
baltiyskaya,*,суббота,9,3,0.214085,16,станция,
baltiyskaya,*,суббота,10,0,0.275561,16,станция,
baltiyskaya,*,суббота,10,1,0.272634,16,станция,
baltiyskaya,*,суббота,10,2,0.174729,16,станция,
baltiyskaya,*,суббота,10,3,0.277077,16,станция,
baltiyskaya,*,суббота,11,0,0.265331,16,станция,
baltiyskaya,*,суббота,11,1,0.231197,16,станция,
baltiyskaya,*,суббота,11,2,0.296516,16,станция,
baltiyskaya,*,суббота,11,3,0.206956,16,станция,
baltiyskaya,*,суббота,12,0,0.339349,16,станция,
baltiyskaya,*,суббота,12,1,0.20473,16,станция,
baltiyskaya,*,суббота,12,2,0.296323,16,станция,
baltiyskaya,*,суббота,12,3,0.159598,16,станция,
baltiyskaya,*,суббота,13,0,0.183405,16,станция,
baltiyskaya,*,суббота,13,1,0.352175,16,станция,
baltiyskaya,*,суббота,13,2,0.269032,16,станция,
baltiyskaya,*,суббота,13,3,0.195388,16,станция,
baltiyskaya,*,суббота,14,0,0.267789,16,станция,
baltiyskaya,*,суббота,14,1,0.166121,16,станция,
baltiyskaya,*,суббота,14,2,0.209934,16,станция,
baltiyskaya,*,суббота,14,3,0.356156,16,станция,
baltiyskaya,*,суббота,15,0,0.329374,16,станция,
baltiyskaya,*,суббота,15,1,0.274664,16,станция,
baltiyskaya,*,суббота,15,2,0.213447,16,станция,
baltiyskaya,*,суббота,15,3,0.182515,16,станция,
baltiyskaya,*,суббота,16,0,0.177012,16,станция,
baltiyskaya,*,суббота,16,1,0.324414,16,станция,
baltiyskaya,*,суббота,16,2,0.210161,16,станция,
baltiyskaya,*,суббота,16,3,0.288413,16,станция,
baltiyskaya,*,суббота,17,0,0.239973,16,станция,
baltiyskaya,*,суббота,17,1,0.372235,16,станция,
baltiyskaya,*,суббота,17,2,0.170457,16,станция,
baltiyskaya,*,суббота,17,3,0.217335,16,станция,
baltiyskaya,*,суббота,18,0,0.334401,16,станция,
baltiyskaya,*,суббота,18,1,0.197915,16,станция,
baltiyskaya,*,суббота,18,2,0.247054,16,станция,
baltiyskaya,*,суббота,18,3,0.22063,16,станция,
baltiyskaya,*,суббота,19,0,0.275448,16,станция,
baltiyskaya,*,суббота,19,1,0.246231,16,станция,
baltiyskaya,*,суббота,19,2,0.23714,16,станция,
baltiyskaya,*,суббота,19,3,0.241181,16,станция,
baltiyskaya,*,суббота,20,0,0.381584,16,станция,
baltiyskaya,*,суббота,20,1,0.23158,16,станция,
baltiyskaya,*,суббота,20,2,0.166829,16,станция,
baltiyskaya,*,суббота,20,3,0.220007,16,станция,
baltiyskaya,*,суббота,21,0,0.297602,16,станция,
baltiyskaya,*,суббота,21,1,0.234263,16,станция,
baltiyskaya,*,суббота,21,2,0.261134,16,станция,
baltiyskaya,*,суббота,21,3,0.207001,16,станция,
baltiyskaya,*,суббота,22,0,0.331828,16,станция,
baltiyskaya,*,суббота,22,1,0.241214,16,станция,
baltiyskaya,*,суббота,22,2,0.197918,16,станция,
baltiyskaya,*,суббота,22,3,0.22904,16,станция,
baltiyskaya,*,суббота,23,0,0.260499,16,станция,
baltiyskaya,*,суббота,23,1,0.346585,16,станция,
baltiyskaya,*,суббота,23,2,0.22799,16,станция,
baltiyskaya,*,суббота,23,3,0.164927,16,станция,
baltiyskaya,*,суббота,0,0,0.75374,16,станция,
baltiyskaya,*,суббота,0,1,0.228423,16,станция,
baltiyskaya,*,суббота,0,2,0.017261,16,станция,
baltiyskaya,*,суббота,0,3,0.000575,16,станция,
baltiyskaya,*,воскресенье,5,0,0.002784,17,станция,
baltiyskaya,*,воскресенье,5,1,0.003479,17,станция,
baltiyskaya,*,воскресенье,5,2,0.5762,17,станция,
baltiyskaya,*,воскресенье,5,3,0.417537,17,станция,
baltiyskaya,*,воскресенье,6,0,0.148647,17,станция,
baltiyskaya,*,воскресенье,6,1,0.30321,17,станция,
baltiyskaya,*,воскресенье,6,2,0.309717,17,станция,
baltiyskaya,*,воскресенье,6,3,0.238426,17,станция,
baltiyskaya,*,воскресенье,7,0,0.255787,17,станция,
baltiyskaya,*,воскресенье,7,1,0.243145,17,станция,
baltiyskaya,*,воскресенье,7,2,0.204505,17,станция,
baltiyskaya,*,воскресенье,7,3,0.296563,17,станция,
baltiyskaya,*,воскресенье,8,0,0.340423,17,станция,
baltiyskaya,*,воскресенье,8,1,0.164468,17,станция,
baltiyskaya,*,воскресенье,8,2,0.316188,17,станция,
baltiyskaya,*,воскресенье,8,3,0.178921,17,станция,
baltiyskaya,*,воскресенье,9,0,0.309586,17,станция,
baltiyskaya,*,воскресенье,9,1,0.255411,17,станция,
baltiyskaya,*,воскресенье,9,2,0.222257,17,станция,
baltiyskaya,*,воскресенье,9,3,0.212746,17,станция,
baltiyskaya,*,воскресенье,10,0,0.254663,17,станция,
baltiyskaya,*,воскресенье,10,1,0.256523,17,станция,
baltiyskaya,*,воскресенье,10,2,0.166169,17,станция,
baltiyskaya,*,воскресенье,10,3,0.322645,17,станция,
baltiyskaya,*,воскресенье,11,0,0.278322,17,станция,
baltiyskaya,*,воскресенье,11,1,0.224102,17,станция,
baltiyskaya,*,воскресенье,11,2,0.301771,17,станция,
baltiyskaya,*,воскресенье,11,3,0.195805,17,станция,
baltiyskaya,*,воскресенье,12,0,0.359261,17,станция,
baltiyskaya,*,воскресенье,12,1,0.192728,17,станция,
baltiyskaya,*,воскресенье,12,2,0.299524,17,станция,
baltiyskaya,*,воскресенье,12,3,0.148487,17,станция,
baltiyskaya,*,воскресенье,13,0,0.139459,17,станция,
baltiyskaya,*,воскресенье,13,1,0.382812,17,станция,
baltiyskaya,*,воскресенье,13,2,0.303055,17,станция,
baltiyskaya,*,воскресенье,13,3,0.174674,17,станция,
baltiyskaya,*,воскресенье,14,0,0.24262,17,станция,
baltiyskaya,*,воскресенье,14,1,0.130813,17,станция,
baltiyskaya,*,воскресенье,14,2,0.226319,17,станция,
baltiyskaya,*,воскресенье,14,3,0.400248,17,станция,
baltiyskaya,*,воскресенье,15,0,0.378575,17,станция,
baltiyskaya,*,воскресенье,15,1,0.27774,17,станция,
baltiyskaya,*,воскресенье,15,2,0.187546,17,станция,
baltiyskaya,*,воскресенье,15,3,0.156139,17,станция,
baltiyskaya,*,воскресенье,16,0,0.193244,17,станция,
baltiyskaya,*,воскресенье,16,1,0.34903,17,станция,
baltiyskaya,*,воскресенье,16,2,0.164869,17,станция,
baltiyskaya,*,воскресенье,16,3,0.292858,17,станция,
baltiyskaya,*,воскресенье,17,0,0.218929,17,станция,
baltiyskaya,*,воскресенье,17,1,0.394769,17,станция,
baltiyskaya,*,воскресенье,17,2,0.159188,17,станция,
baltiyskaya,*,воскресенье,17,3,0.227113,17,станция,
baltiyskaya,*,воскресенье,18,0,0.344121,17,станция,
baltiyskaya,*,воскресенье,18,1,0.177674,17,станция,
baltiyskaya,*,воскресенье,18,2,0.203703,17,станция,
baltiyskaya,*,воскресенье,18,3,0.274501,17,станция,
baltiyskaya,*,воскресенье,19,0,0.289028,17,станция,
baltiyskaya,*,воскресенье,19,1,0.202324,17,станция,
baltiyskaya,*,воскресенье,19,2,0.252082,17,станция,
baltiyskaya,*,воскресенье,19,3,0.256566,17,станция,
baltiyskaya,*,воскресенье,20,0,0.352348,17,станция,
baltiyskaya,*,воскресенье,20,1,0.213027,17,станция,
baltiyskaya,*,воскресенье,20,2,0.20528,17,станция,
baltiyskaya,*,воскресенье,20,3,0.229345,17,станция,
baltiyskaya,*,воскресенье,21,0,0.27065,17,станция,
baltiyskaya,*,воскресенье,21,1,0.232483,17,станция,
baltiyskaya,*,воскресенье,21,2,0.272375,17,станция,
baltiyskaya,*,воскресенье,21,3,0.224492,17,станция,
baltiyskaya,*,воскресенье,22,0,0.354742,17,станция,
baltiyskaya,*,воскресенье,22,1,0.248127,17,станция,
baltiyskaya,*,воскресенье,22,2,0.174233,17,станция,
baltiyskaya,*,воскресенье,22,3,0.222898,17,станция,
baltiyskaya,*,воскресенье,23,0,0.302602,17,станция,
baltiyskaya,*,воскресенье,23,1,0.393183,17,станция,
baltiyskaya,*,воскресенье,23,2,0.183107,17,станция,
baltiyskaya,*,воскресенье,23,3,0.121108,17,станция,
baltiyskaya,*,воскресенье,0,0,0.649901,17,станция,
baltiyskaya,*,воскресенье,0,1,0.304734,17,станция,
baltiyskaya,*,воскресенье,0,2,0.042406,17,станция,
baltiyskaya,*,воскресенье,0,3,0.002959,17,станция,
narvskaya,narvskaya_1,рабочий,5,0,0.000816,80,вестибюль,
narvskaya,narvskaya_1,рабочий,5,1,0.00204,80,вестибюль,
narvskaya,narvskaya_1,рабочий,5,2,0.506894,80,вестибюль,
narvskaya,narvskaya_1,рабочий,5,3,0.49025,80,вестибюль,
narvskaya,narvskaya_1,рабочий,6,0,0.17262,80,вестибюль,
narvskaya,narvskaya_1,рабочий,6,1,0.239851,80,вестибюль,
narvskaya,narvskaya_1,рабочий,6,2,0.264338,80,вестибюль,
narvskaya,narvskaya_1,рабочий,6,3,0.323191,80,вестибюль,
narvskaya,narvskaya_1,рабочий,7,0,0.213901,80,вестибюль,
narvskaya,narvskaya_1,рабочий,7,1,0.227081,80,вестибюль,
narvskaya,narvskaya_1,рабочий,7,2,0.252657,80,вестибюль,
narvskaya,narvskaya_1,рабочий,7,3,0.30636,80,вестибюль,
narvskaya,narvskaya_1,рабочий,8,0,0.270245,57,вестибюль,
narvskaya,narvskaya_1,рабочий,8,1,0.293401,57,вестибюль,
narvskaya,narvskaya_1,рабочий,8,2,0.250468,57,вестибюль,
narvskaya,narvskaya_1,рабочий,8,3,0.185886,57,вестибюль,
narvskaya,narvskaya_1,рабочий,9,0,0.249856,80,вестибюль,
narvskaya,narvskaya_1,рабочий,9,1,0.295574,80,вестибюль,
narvskaya,narvskaya_1,рабочий,9,2,0.242853,80,вестибюль,
narvskaya,narvskaya_1,рабочий,9,3,0.211717,80,вестибюль,
narvskaya,narvskaya_1,рабочий,10,0,0.242939,80,вестибюль,
narvskaya,narvskaya_1,рабочий,10,1,0.266087,80,вестибюль,
narvskaya,narvskaya_1,рабочий,10,2,0.253682,80,вестибюль,
narvskaya,narvskaya_1,рабочий,10,3,0.237293,80,вестибюль,
narvskaya,narvskaya_1,рабочий,11,0,0.238851,80,вестибюль,
narvskaya,narvskaya_1,рабочий,11,1,0.251988,80,вестибюль,
narvskaya,narvskaya_1,рабочий,11,2,0.260363,80,вестибюль,
narvskaya,narvskaya_1,рабочий,11,3,0.248798,80,вестибюль,
narvskaya,narvskaya_1,рабочий,12,0,0.222816,80,вестибюль,
narvskaya,narvskaya_1,рабочий,12,1,0.237457,80,вестибюль,
narvskaya,narvskaya_1,рабочий,12,2,0.274136,80,вестибюль,
narvskaya,narvskaya_1,рабочий,12,3,0.265591,80,вестибюль,
narvskaya,narvskaya_1,рабочий,13,0,0.247126,80,вестибюль,
narvskaya,narvskaya_1,рабочий,13,1,0.256351,80,вестибюль,
narvskaya,narvskaya_1,рабочий,13,2,0.26532,80,вестибюль,
narvskaya,narvskaya_1,рабочий,13,3,0.231203,80,вестибюль,
narvskaya,narvskaya_1,рабочий,14,0,0.220293,80,вестибюль,
narvskaya,narvskaya_1,рабочий,14,1,0.250554,80,вестибюль,
narvskaya,narvskaya_1,рабочий,14,2,0.243933,80,вестибюль,
narvskaya,narvskaya_1,рабочий,14,3,0.285221,80,вестибюль,
narvskaya,narvskaya_1,рабочий,15,0,0.222632,80,вестибюль,
narvskaya,narvskaya_1,рабочий,15,1,0.222104,80,вестибюль,
narvskaya,narvskaya_1,рабочий,15,2,0.258933,80,вестибюль,
narvskaya,narvskaya_1,рабочий,15,3,0.296331,80,вестибюль,
narvskaya,narvskaya_1,рабочий,16,0,0.19756,80,вестибюль,
narvskaya,narvskaya_1,рабочий,16,1,0.218688,80,вестибюль,
narvskaya,narvskaya_1,рабочий,16,2,0.282113,80,вестибюль,
narvskaya,narvskaya_1,рабочий,16,3,0.301639,80,вестибюль,
narvskaya,narvskaya_1,рабочий,17,0,0.262591,80,вестибюль,
narvskaya,narvskaya_1,рабочий,17,1,0.273979,80,вестибюль,
narvskaya,narvskaya_1,рабочий,17,2,0.237424,80,вестибюль,
narvskaya,narvskaya_1,рабочий,17,3,0.226006,80,вестибюль,
narvskaya,narvskaya_1,рабочий,18,0,0.305493,80,вестибюль,
narvskaya,narvskaya_1,рабочий,18,1,0.3255,80,вестибюль,
narvskaya,narvskaya_1,рабочий,18,2,0.210897,80,вестибюль,
narvskaya,narvskaya_1,рабочий,18,3,0.158109,80,вестибюль,
narvskaya,narvskaya_1,рабочий,19,0,0.288353,80,вестибюль,
narvskaya,narvskaya_1,рабочий,19,1,0.278903,80,вестибюль,
narvskaya,narvskaya_1,рабочий,19,2,0.22686,80,вестибюль,
narvskaya,narvskaya_1,рабочий,19,3,0.205884,80,вестибюль,
narvskaya,narvskaya_1,рабочий,20,0,0.296899,80,вестибюль,
narvskaya,narvskaya_1,рабочий,20,1,0.284086,80,вестибюль,
narvskaya,narvskaya_1,рабочий,20,2,0.225253,80,вестибюль,
narvskaya,narvskaya_1,рабочий,20,3,0.193762,80,вестибюль,
narvskaya,narvskaya_1,рабочий,21,0,0.288029,80,вестибюль,
narvskaya,narvskaya_1,рабочий,21,1,0.273032,80,вестибюль,
narvskaya,narvskaya_1,рабочий,21,2,0.221793,80,вестибюль,
narvskaya,narvskaya_1,рабочий,21,3,0.217147,80,вестибюль,
narvskaya,narvskaya_1,рабочий,22,0,0.34667,80,вестибюль,
narvskaya,narvskaya_1,рабочий,22,1,0.290195,80,вестибюль,
narvskaya,narvskaya_1,рабочий,22,2,0.208628,80,вестибюль,
narvskaya,narvskaya_1,рабочий,22,3,0.154507,80,вестибюль,
narvskaya,narvskaya_1,рабочий,23,0,0.318276,80,вестибюль,
narvskaya,narvskaya_1,рабочий,23,1,0.278509,80,вестибюль,
narvskaya,narvskaya_1,рабочий,23,2,0.211567,80,вестибюль,
narvskaya,narvskaya_1,рабочий,23,3,0.191648,80,вестибюль,
narvskaya,narvskaya_1,рабочий,0,0,0.742943,80,вестибюль,
narvskaya,narvskaya_1,рабочий,0,1,0.208569,80,вестибюль,
narvskaya,narvskaya_1,рабочий,0,2,0.046164,80,вестибюль,
narvskaya,narvskaya_1,рабочий,0,3,0.002325,80,вестибюль,
narvskaya,narvskaya_1,суббота,5,0,0.006897,16,вестибюль,
narvskaya,narvskaya_1,суббота,5,1,0.008429,16,вестибюль,
narvskaya,narvskaya_1,суббота,5,2,0.469732,16,вестибюль,
narvskaya,narvskaya_1,суббота,5,3,0.514943,16,вестибюль,
narvskaya,narvskaya_1,суббота,6,0,0.17528,16,вестибюль,
narvskaya,narvskaya_1,суббота,6,1,0.244068,16,вестибюль,
narvskaya,narvskaya_1,суббота,6,2,0.262829,16,вестибюль,
narvskaya,narvskaya_1,суббота,6,3,0.317822,16,вестибюль,
narvskaya,narvskaya_1,суббота,7,0,0.222767,16,вестибюль,
narvskaya,narvskaya_1,суббота,7,1,0.239087,16,вестибюль,
narvskaya,narvskaya_1,суббота,7,2,0.256908,16,вестибюль,
narvskaya,narvskaya_1,суббота,7,3,0.281237,16,вестибюль,
narvskaya,narvskaya_1,суббота,8,0,0.282685,16,вестибюль,
narvskaya,narvskaya_1,суббота,8,1,0.273156,16,вестибюль,
narvskaya,narvskaya_1,суббота,8,2,0.234612,16,вестибюль,
narvskaya,narvskaya_1,суббота,8,3,0.209546,16,вестибюль,
narvskaya,narvskaya_1,суббота,9,0,0.246137,16,вестибюль,
narvskaya,narvskaya_1,суббота,9,1,0.297304,16,вестибюль,
narvskaya,narvskaya_1,суббота,9,2,0.255752,16,вестибюль,
narvskaya,narvskaya_1,суббота,9,3,0.200807,16,вестибюль,
narvskaya,narvskaya_1,суббота,10,0,0.232095,16,вестибюль,
narvskaya,narvskaya_1,суббота,10,1,0.259751,16,вестибюль,
narvskaya,narvskaya_1,суббота,10,2,0.252606,16,вестибюль,
narvskaya,narvskaya_1,суббота,10,3,0.255548,16,вестибюль,
narvskaya,narvskaya_1,суббота,11,0,0.237459,16,вестибюль,
narvskaya,narvskaya_1,суббота,11,1,0.25353,16,вестибюль,
narvskaya,narvskaya_1,суббота,11,2,0.264794,16,вестибюль,
narvskaya,narvskaya_1,суббота,11,3,0.244217,16,вестибюль,
narvskaya,narvskaya_1,суббота,12,0,0.222292,16,вестибюль,
narvskaya,narvskaya_1,суббота,12,1,0.245661,16,вестибюль,
narvskaya,narvskaya_1,суббота,12,2,0.277301,16,вестибюль,
narvskaya,narvskaya_1,суббота,12,3,0.254746,16,вестибюль,
narvskaya,narvskaya_1,суббота,13,0,0.220616,16,вестибюль,
narvskaya,narvskaya_1,суббота,13,1,0.247941,16,вестибюль,
narvskaya,narvskaya_1,суббота,13,2,0.263976,16,вестибюль,
narvskaya,narvskaya_1,суббота,13,3,0.267467,16,вестибюль,
narvskaya,narvskaya_1,суббота,14,0,0.240038,16,вестибюль,
narvskaya,narvskaya_1,суббота,14,1,0.260416,16,вестибюль,
narvskaya,narvskaya_1,суббота,14,2,0.260819,16,вестибюль,
narvskaya,narvskaya_1,суббота,14,3,0.238727,16,вестибюль,
narvskaya,narvskaya_1,суббота,15,0,0.253824,16,вестибюль,
narvskaya,narvskaya_1,суббота,15,1,0.272799,16,вестибюль,
narvskaya,narvskaya_1,суббота,15,2,0.238331,16,вестибюль,
narvskaya,narvskaya_1,суббота,15,3,0.235046,16,вестибюль,
narvskaya,narvskaya_1,суббота,16,0,0.255772,16,вестибюль,
narvskaya,narvskaya_1,суббота,16,1,0.273487,16,вестибюль,
narvskaya,narvskaya_1,суббота,16,2,0.250697,16,вестибюль,
narvskaya,narvskaya_1,суббота,16,3,0.220044,16,вестибюль,
narvskaya,narvskaya_1,суббота,17,0,0.251477,16,вестибюль,
narvskaya,narvskaya_1,суббота,17,1,0.253179,16,вестибюль,
narvskaya,narvskaya_1,суббота,17,2,0.244932,16,вестибюль,
narvskaya,narvskaya_1,суббота,17,3,0.250412,16,вестибюль,
narvskaya,narvskaya_1,суббота,18,0,0.262256,16,вестибюль,
narvskaya,narvskaya_1,суббота,18,1,0.269283,16,вестибюль,
narvskaya,narvskaya_1,суббота,18,2,0.238528,16,вестибюль,
narvskaya,narvskaya_1,суббота,18,3,0.229934,16,вестибюль,
narvskaya,narvskaya_1,суббота,19,0,0.265752,16,вестибюль,
narvskaya,narvskaya_1,суббота,19,1,0.259763,16,вестибюль,
narvskaya,narvskaya_1,суббота,19,2,0.223893,16,вестибюль,
narvskaya,narvskaya_1,суббота,19,3,0.250593,16,вестибюль,
narvskaya,narvskaya_1,суббота,20,0,0.264018,16,вестибюль,
narvskaya,narvskaya_1,суббота,20,1,0.261691,16,вестибюль,
narvskaya,narvskaya_1,суббота,20,2,0.250872,16,вестибюль,
narvskaya,narvskaya_1,суббота,20,3,0.223418,16,вестибюль,
narvskaya,narvskaya_1,суббота,21,0,0.282459,16,вестибюль,
narvskaya,narvskaya_1,суббота,21,1,0.273435,16,вестибюль,
narvskaya,narvskaya_1,суббота,21,2,0.21845,16,вестибюль,
narvskaya,narvskaya_1,суббота,21,3,0.225656,16,вестибюль,
narvskaya,narvskaya_1,суббота,22,0,0.383159,16,вестибюль,
narvskaya,narvskaya_1,суббота,22,1,0.259884,16,вестибюль,
narvskaya,narvskaya_1,суббота,22,2,0.192372,16,вестибюль,
narvskaya,narvskaya_1,суббота,22,3,0.164584,16,вестибюль,
narvskaya,narvskaya_1,суббота,23,0,0.290391,16,вестибюль,
narvskaya,narvskaya_1,суббота,23,1,0.275801,16,вестибюль,
narvskaya,narvskaya_1,суббота,23,2,0.231495,16,вестибюль,
narvskaya,narvskaya_1,суббота,23,3,0.202313,16,вестибюль,
narvskaya,narvskaya_1,суббота,0,0,0.760902,16,вестибюль,
narvskaya,narvskaya_1,суббота,0,1,0.18797,16,вестибюль,
narvskaya,narvskaya_1,суббота,0,2,0.04812,16,вестибюль,
narvskaya,narvskaya_1,суббота,0,3,0.003008,16,вестибюль,
narvskaya,narvskaya_1,воскресенье,5,0,0.001843,17,вестибюль,
narvskaya,narvskaya_1,воскресенье,5,1,0.001843,17,вестибюль,
narvskaya,narvskaya_1,воскресенье,5,2,0.474654,17,вестибюль,
narvskaya,narvskaya_1,воскресенье,5,3,0.521659,17,вестибюль,
narvskaya,narvskaya_1,воскресенье,6,0,0.190069,17,вестибюль,
narvskaya,narvskaya_1,воскресенье,6,1,0.256831,17,вестибюль,
narvskaya,narvskaya_1,воскресенье,6,2,0.248515,17,вестибюль,
narvskaya,narvskaya_1,воскресенье,6,3,0.304585,17,вестибюль,
narvskaya,narvskaya_1,воскресенье,7,0,0.221538,17,вестибюль,
narvskaya,narvskaya_1,воскресенье,7,1,0.237001,17,вестибюль,
narvskaya,narvskaya_1,воскресенье,7,2,0.261357,17,вестибюль,
narvskaya,narvskaya_1,воскресенье,7,3,0.280104,17,вестибюль,
narvskaya,narvskaya_1,воскресенье,8,0,0.253687,17,вестибюль,
narvskaya,narvskaya_1,воскресенье,8,1,0.27812,17,вестибюль,
narvskaya,narvskaya_1,воскресенье,8,2,0.245983,17,вестибюль,
narvskaya,narvskaya_1,воскресенье,8,3,0.22221,17,вестибюль,
narvskaya,narvskaya_1,воскресенье,9,0,0.232469,17,вестибюль,
narvskaya,narvskaya_1,воскресенье,9,1,0.305128,17,вестибюль,
narvskaya,narvskaya_1,воскресенье,9,2,0.248277,17,вестибюль,
narvskaya,narvskaya_1,воскресенье,9,3,0.214126,17,вестибюль,
narvskaya,narvskaya_1,воскресенье,10,0,0.241489,17,вестибюль,
narvskaya,narvskaya_1,воскресенье,10,1,0.270939,17,вестибюль,
narvskaya,narvskaya_1,воскресенье,10,2,0.250474,17,вестибюль,
narvskaya,narvskaya_1,воскресенье,10,3,0.237097,17,вестибюль,
narvskaya,narvskaya_1,воскресенье,11,0,0.228485,17,вестибюль,
narvskaya,narvskaya_1,воскресенье,11,1,0.273509,17,вестибюль,
narvskaya,narvskaya_1,воскресенье,11,2,0.258176,17,вестибюль,
narvskaya,narvskaya_1,воскресенье,11,3,0.23983,17,вестибюль,
narvskaya,narvskaya_1,воскресенье,12,0,0.246391,17,вестибюль,
narvskaya,narvskaya_1,воскресенье,12,1,0.251967,17,вестибюль,
narvskaya,narvskaya_1,воскресенье,12,2,0.255022,17,вестибюль,
narvskaya,narvskaya_1,воскресенье,12,3,0.24662,17,вестибюль,
narvskaya,narvskaya_1,воскресенье,13,0,0.229892,17,вестибюль,
narvskaya,narvskaya_1,воскресенье,13,1,0.255961,17,вестибюль,
narvskaya,narvskaya_1,воскресенье,13,2,0.263677,17,вестибюль,
narvskaya,narvskaya_1,воскресенье,13,3,0.250469,17,вестибюль,
narvskaya,narvskaya_1,воскресенье,14,0,0.231624,17,вестибюль,
narvskaya,narvskaya_1,воскресенье,14,1,0.24585,17,вестибюль,
narvskaya,narvskaya_1,воскресенье,14,2,0.25365,17,вестибюль,
narvskaya,narvskaya_1,воскресенье,14,3,0.268876,17,вестибюль,
narvskaya,narvskaya_1,воскресенье,15,0,0.240801,17,вестибюль,
narvskaya,narvskaya_1,воскресенье,15,1,0.248352,17,вестибюль,
narvskaya,narvskaya_1,воскресенье,15,2,0.27568,17,вестибюль,
narvskaya,narvskaya_1,воскресенье,15,3,0.235167,17,вестибюль,
narvskaya,narvskaya_1,воскресенье,16,0,0.248098,17,вестибюль,
narvskaya,narvskaya_1,воскресенье,16,1,0.255329,17,вестибюль,
narvskaya,narvskaya_1,воскресенье,16,2,0.263628,17,вестибюль,
narvskaya,narvskaya_1,воскресенье,16,3,0.232946,17,вестибюль,
narvskaya,narvskaya_1,воскресенье,17,0,0.236836,17,вестибюль,
narvskaya,narvskaya_1,воскресенье,17,1,0.265246,17,вестибюль,
narvskaya,narvskaya_1,воскресенье,17,2,0.260164,17,вестибюль,
narvskaya,narvskaya_1,воскресенье,17,3,0.237754,17,вестибюль,
narvskaya,narvskaya_1,воскресенье,18,0,0.258319,17,вестибюль,
narvskaya,narvskaya_1,воскресенье,18,1,0.264235,17,вестибюль,
narvskaya,narvskaya_1,воскресенье,18,2,0.253821,17,вестибюль,
narvskaya,narvskaya_1,воскресенье,18,3,0.223626,17,вестибюль,
narvskaya,narvskaya_1,воскресенье,19,0,0.245976,17,вестибюль,
narvskaya,narvskaya_1,воскресенье,19,1,0.265887,17,вестибюль,
narvskaya,narvskaya_1,воскресенье,19,2,0.246428,17,вестибюль,
narvskaya,narvskaya_1,воскресенье,19,3,0.241709,17,вестибюль,
narvskaya,narvskaya_1,воскресенье,20,0,0.276056,17,вестибюль,
narvskaya,narvskaya_1,воскресенье,20,1,0.275338,17,вестибюль,
narvskaya,narvskaya_1,воскресенье,20,2,0.238073,17,вестибюль,
narvskaya,narvskaya_1,воскресенье,20,3,0.210533,17,вестибюль,
narvskaya,narvskaya_1,воскресенье,21,0,0.287709,17,вестибюль,
narvskaya,narvskaya_1,воскресенье,21,1,0.274896,17,вестибюль,
narvskaya,narvskaya_1,воскресенье,21,2,0.209419,17,вестибюль,
narvskaya,narvskaya_1,воскресенье,21,3,0.227976,17,вестибюль,
narvskaya,narvskaya_1,воскресенье,22,0,0.338818,17,вестибюль,
narvskaya,narvskaya_1,воскресенье,22,1,0.271435,17,вестибюль,
narvskaya,narvskaya_1,воскресенье,22,2,0.211999,17,вестибюль,
narvskaya,narvskaya_1,воскресенье,22,3,0.177748,17,вестибюль,
narvskaya,narvskaya_1,воскресенье,23,0,0.346306,17,вестибюль,
narvskaya,narvskaya_1,воскресенье,23,1,0.252858,17,вестибюль,
narvskaya,narvskaya_1,воскресенье,23,2,0.205365,17,вестибюль,
narvskaya,narvskaya_1,воскресенье,23,3,0.195471,17,вестибюль,
narvskaya,narvskaya_1,воскресенье,0,0,0.707006,17,вестибюль,
narvskaya,narvskaya_1,воскресенье,0,1,0.235669,17,вестибюль,
narvskaya,narvskaya_1,воскресенье,0,2,0.055202,17,вестибюль,
narvskaya,narvskaya_1,воскресенье,0,3,0.002123,17,вестибюль,
narvskaya,*,рабочий,5,0,0.000816,80,станция,
narvskaya,*,рабочий,5,1,0.00204,80,станция,
narvskaya,*,рабочий,5,2,0.506894,80,станция,
narvskaya,*,рабочий,5,3,0.49025,80,станция,
narvskaya,*,рабочий,6,0,0.17262,80,станция,
narvskaya,*,рабочий,6,1,0.239851,80,станция,
narvskaya,*,рабочий,6,2,0.264338,80,станция,
narvskaya,*,рабочий,6,3,0.323191,80,станция,
narvskaya,*,рабочий,7,0,0.213901,80,станция,
narvskaya,*,рабочий,7,1,0.227081,80,станция,
narvskaya,*,рабочий,7,2,0.252657,80,станция,
narvskaya,*,рабочий,7,3,0.30636,80,станция,
narvskaya,*,рабочий,8,0,0.270245,57,станция,
narvskaya,*,рабочий,8,1,0.293401,57,станция,
narvskaya,*,рабочий,8,2,0.250468,57,станция,
narvskaya,*,рабочий,8,3,0.185886,57,станция,
narvskaya,*,рабочий,9,0,0.249856,80,станция,
narvskaya,*,рабочий,9,1,0.295574,80,станция,
narvskaya,*,рабочий,9,2,0.242853,80,станция,
narvskaya,*,рабочий,9,3,0.211717,80,станция,
narvskaya,*,рабочий,10,0,0.242939,80,станция,
narvskaya,*,рабочий,10,1,0.266087,80,станция,
narvskaya,*,рабочий,10,2,0.253682,80,станция,
narvskaya,*,рабочий,10,3,0.237293,80,станция,
narvskaya,*,рабочий,11,0,0.238851,80,станция,
narvskaya,*,рабочий,11,1,0.251988,80,станция,
narvskaya,*,рабочий,11,2,0.260363,80,станция,
narvskaya,*,рабочий,11,3,0.248798,80,станция,
narvskaya,*,рабочий,12,0,0.222816,80,станция,
narvskaya,*,рабочий,12,1,0.237457,80,станция,
narvskaya,*,рабочий,12,2,0.274136,80,станция,
narvskaya,*,рабочий,12,3,0.265591,80,станция,
narvskaya,*,рабочий,13,0,0.247126,80,станция,
narvskaya,*,рабочий,13,1,0.256351,80,станция,
narvskaya,*,рабочий,13,2,0.26532,80,станция,
narvskaya,*,рабочий,13,3,0.231203,80,станция,
narvskaya,*,рабочий,14,0,0.220293,80,станция,
narvskaya,*,рабочий,14,1,0.250554,80,станция,
narvskaya,*,рабочий,14,2,0.243933,80,станция,
narvskaya,*,рабочий,14,3,0.285221,80,станция,
narvskaya,*,рабочий,15,0,0.222632,80,станция,
narvskaya,*,рабочий,15,1,0.222104,80,станция,
narvskaya,*,рабочий,15,2,0.258933,80,станция,
narvskaya,*,рабочий,15,3,0.296331,80,станция,
narvskaya,*,рабочий,16,0,0.19756,80,станция,
narvskaya,*,рабочий,16,1,0.218688,80,станция,
narvskaya,*,рабочий,16,2,0.282113,80,станция,
narvskaya,*,рабочий,16,3,0.301639,80,станция,
narvskaya,*,рабочий,17,0,0.262591,80,станция,
narvskaya,*,рабочий,17,1,0.273979,80,станция,
narvskaya,*,рабочий,17,2,0.237424,80,станция,
narvskaya,*,рабочий,17,3,0.226006,80,станция,
narvskaya,*,рабочий,18,0,0.305493,80,станция,
narvskaya,*,рабочий,18,1,0.3255,80,станция,
narvskaya,*,рабочий,18,2,0.210897,80,станция,
narvskaya,*,рабочий,18,3,0.158109,80,станция,
narvskaya,*,рабочий,19,0,0.288353,80,станция,
narvskaya,*,рабочий,19,1,0.278903,80,станция,
narvskaya,*,рабочий,19,2,0.22686,80,станция,
narvskaya,*,рабочий,19,3,0.205884,80,станция,
narvskaya,*,рабочий,20,0,0.296899,80,станция,
narvskaya,*,рабочий,20,1,0.284086,80,станция,
narvskaya,*,рабочий,20,2,0.225253,80,станция,
narvskaya,*,рабочий,20,3,0.193762,80,станция,
narvskaya,*,рабочий,21,0,0.288029,80,станция,
narvskaya,*,рабочий,21,1,0.273032,80,станция,
narvskaya,*,рабочий,21,2,0.221793,80,станция,
narvskaya,*,рабочий,21,3,0.217147,80,станция,
narvskaya,*,рабочий,22,0,0.34667,80,станция,
narvskaya,*,рабочий,22,1,0.290195,80,станция,
narvskaya,*,рабочий,22,2,0.208628,80,станция,
narvskaya,*,рабочий,22,3,0.154507,80,станция,
narvskaya,*,рабочий,23,0,0.318276,80,станция,
narvskaya,*,рабочий,23,1,0.278509,80,станция,
narvskaya,*,рабочий,23,2,0.211567,80,станция,
narvskaya,*,рабочий,23,3,0.191648,80,станция,
narvskaya,*,рабочий,0,0,0.742943,80,станция,
narvskaya,*,рабочий,0,1,0.208569,80,станция,
narvskaya,*,рабочий,0,2,0.046164,80,станция,
narvskaya,*,рабочий,0,3,0.002325,80,станция,
narvskaya,*,суббота,5,0,0.006897,16,станция,
narvskaya,*,суббота,5,1,0.008429,16,станция,
narvskaya,*,суббота,5,2,0.469732,16,станция,
narvskaya,*,суббота,5,3,0.514943,16,станция,
narvskaya,*,суббота,6,0,0.17528,16,станция,
narvskaya,*,суббота,6,1,0.244068,16,станция,
narvskaya,*,суббота,6,2,0.262829,16,станция,
narvskaya,*,суббота,6,3,0.317822,16,станция,
narvskaya,*,суббота,7,0,0.222767,16,станция,
narvskaya,*,суббота,7,1,0.239087,16,станция,
narvskaya,*,суббота,7,2,0.256908,16,станция,
narvskaya,*,суббота,7,3,0.281237,16,станция,
narvskaya,*,суббота,8,0,0.282685,16,станция,
narvskaya,*,суббота,8,1,0.273156,16,станция,
narvskaya,*,суббота,8,2,0.234612,16,станция,
narvskaya,*,суббота,8,3,0.209546,16,станция,
narvskaya,*,суббота,9,0,0.246137,16,станция,
narvskaya,*,суббота,9,1,0.297304,16,станция,
narvskaya,*,суббота,9,2,0.255752,16,станция,
narvskaya,*,суббота,9,3,0.200807,16,станция,
narvskaya,*,суббота,10,0,0.232095,16,станция,
narvskaya,*,суббота,10,1,0.259751,16,станция,
narvskaya,*,суббота,10,2,0.252606,16,станция,
narvskaya,*,суббота,10,3,0.255548,16,станция,
narvskaya,*,суббота,11,0,0.237459,16,станция,
narvskaya,*,суббота,11,1,0.25353,16,станция,
narvskaya,*,суббота,11,2,0.264794,16,станция,
narvskaya,*,суббота,11,3,0.244217,16,станция,
narvskaya,*,суббота,12,0,0.222292,16,станция,
narvskaya,*,суббота,12,1,0.245661,16,станция,
narvskaya,*,суббота,12,2,0.277301,16,станция,
narvskaya,*,суббота,12,3,0.254746,16,станция,
narvskaya,*,суббота,13,0,0.220616,16,станция,
narvskaya,*,суббота,13,1,0.247941,16,станция,
narvskaya,*,суббота,13,2,0.263976,16,станция,
narvskaya,*,суббота,13,3,0.267467,16,станция,
narvskaya,*,суббота,14,0,0.240038,16,станция,
narvskaya,*,суббота,14,1,0.260416,16,станция,
narvskaya,*,суббота,14,2,0.260819,16,станция,
narvskaya,*,суббота,14,3,0.238727,16,станция,
narvskaya,*,суббота,15,0,0.253824,16,станция,
narvskaya,*,суббота,15,1,0.272799,16,станция,
narvskaya,*,суббота,15,2,0.238331,16,станция,
narvskaya,*,суббота,15,3,0.235046,16,станция,
narvskaya,*,суббота,16,0,0.255772,16,станция,
narvskaya,*,суббота,16,1,0.273487,16,станция,
narvskaya,*,суббота,16,2,0.250697,16,станция,
narvskaya,*,суббота,16,3,0.220044,16,станция,
narvskaya,*,суббота,17,0,0.251477,16,станция,
narvskaya,*,суббота,17,1,0.253179,16,станция,
narvskaya,*,суббота,17,2,0.244932,16,станция,
narvskaya,*,суббота,17,3,0.250412,16,станция,
narvskaya,*,суббота,18,0,0.262256,16,станция,
narvskaya,*,суббота,18,1,0.269283,16,станция,
narvskaya,*,суббота,18,2,0.238528,16,станция,
narvskaya,*,суббота,18,3,0.229934,16,станция,
narvskaya,*,суббота,19,0,0.265752,16,станция,
narvskaya,*,суббота,19,1,0.259763,16,станция,
narvskaya,*,суббота,19,2,0.223893,16,станция,
narvskaya,*,суббота,19,3,0.250593,16,станция,
narvskaya,*,суббота,20,0,0.264018,16,станция,
narvskaya,*,суббота,20,1,0.261691,16,станция,
narvskaya,*,суббота,20,2,0.250872,16,станция,
narvskaya,*,суббота,20,3,0.223418,16,станция,
narvskaya,*,суббота,21,0,0.282459,16,станция,
narvskaya,*,суббота,21,1,0.273435,16,станция,
narvskaya,*,суббота,21,2,0.21845,16,станция,
narvskaya,*,суббота,21,3,0.225656,16,станция,
narvskaya,*,суббота,22,0,0.383159,16,станция,
narvskaya,*,суббота,22,1,0.259884,16,станция,
narvskaya,*,суббота,22,2,0.192372,16,станция,
narvskaya,*,суббота,22,3,0.164584,16,станция,
narvskaya,*,суббота,23,0,0.290391,16,станция,
narvskaya,*,суббота,23,1,0.275801,16,станция,
narvskaya,*,суббота,23,2,0.231495,16,станция,
narvskaya,*,суббота,23,3,0.202313,16,станция,
narvskaya,*,суббота,0,0,0.760902,16,станция,
narvskaya,*,суббота,0,1,0.18797,16,станция,
narvskaya,*,суббота,0,2,0.04812,16,станция,
narvskaya,*,суббота,0,3,0.003008,16,станция,
narvskaya,*,воскресенье,5,0,0.001843,17,станция,
narvskaya,*,воскресенье,5,1,0.001843,17,станция,
narvskaya,*,воскресенье,5,2,0.474654,17,станция,
narvskaya,*,воскресенье,5,3,0.521659,17,станция,
narvskaya,*,воскресенье,6,0,0.190069,17,станция,
narvskaya,*,воскресенье,6,1,0.256831,17,станция,
narvskaya,*,воскресенье,6,2,0.248515,17,станция,
narvskaya,*,воскресенье,6,3,0.304585,17,станция,
narvskaya,*,воскресенье,7,0,0.221538,17,станция,
narvskaya,*,воскресенье,7,1,0.237001,17,станция,
narvskaya,*,воскресенье,7,2,0.261357,17,станция,
narvskaya,*,воскресенье,7,3,0.280104,17,станция,
narvskaya,*,воскресенье,8,0,0.253687,17,станция,
narvskaya,*,воскресенье,8,1,0.27812,17,станция,
narvskaya,*,воскресенье,8,2,0.245983,17,станция,
narvskaya,*,воскресенье,8,3,0.22221,17,станция,
narvskaya,*,воскресенье,9,0,0.232469,17,станция,
narvskaya,*,воскресенье,9,1,0.305128,17,станция,
narvskaya,*,воскресенье,9,2,0.248277,17,станция,
narvskaya,*,воскресенье,9,3,0.214126,17,станция,
narvskaya,*,воскресенье,10,0,0.241489,17,станция,
narvskaya,*,воскресенье,10,1,0.270939,17,станция,
narvskaya,*,воскресенье,10,2,0.250474,17,станция,
narvskaya,*,воскресенье,10,3,0.237097,17,станция,
narvskaya,*,воскресенье,11,0,0.228485,17,станция,
narvskaya,*,воскресенье,11,1,0.273509,17,станция,
narvskaya,*,воскресенье,11,2,0.258176,17,станция,
narvskaya,*,воскресенье,11,3,0.23983,17,станция,
narvskaya,*,воскресенье,12,0,0.246391,17,станция,
narvskaya,*,воскресенье,12,1,0.251967,17,станция,
narvskaya,*,воскресенье,12,2,0.255022,17,станция,
narvskaya,*,воскресенье,12,3,0.24662,17,станция,
narvskaya,*,воскресенье,13,0,0.229892,17,станция,
narvskaya,*,воскресенье,13,1,0.255961,17,станция,
narvskaya,*,воскресенье,13,2,0.263677,17,станция,
narvskaya,*,воскресенье,13,3,0.250469,17,станция,
narvskaya,*,воскресенье,14,0,0.231624,17,станция,
narvskaya,*,воскресенье,14,1,0.24585,17,станция,
narvskaya,*,воскресенье,14,2,0.25365,17,станция,
narvskaya,*,воскресенье,14,3,0.268876,17,станция,
narvskaya,*,воскресенье,15,0,0.240801,17,станция,
narvskaya,*,воскресенье,15,1,0.248352,17,станция,
narvskaya,*,воскресенье,15,2,0.27568,17,станция,
narvskaya,*,воскресенье,15,3,0.235167,17,станция,
narvskaya,*,воскресенье,16,0,0.248098,17,станция,
narvskaya,*,воскресенье,16,1,0.255329,17,станция,
narvskaya,*,воскресенье,16,2,0.263628,17,станция,
narvskaya,*,воскресенье,16,3,0.232946,17,станция,
narvskaya,*,воскресенье,17,0,0.236836,17,станция,
narvskaya,*,воскресенье,17,1,0.265246,17,станция,
narvskaya,*,воскресенье,17,2,0.260164,17,станция,
narvskaya,*,воскресенье,17,3,0.237754,17,станция,
narvskaya,*,воскресенье,18,0,0.258319,17,станция,
narvskaya,*,воскресенье,18,1,0.264235,17,станция,
narvskaya,*,воскресенье,18,2,0.253821,17,станция,
narvskaya,*,воскресенье,18,3,0.223626,17,станция,
narvskaya,*,воскресенье,19,0,0.245976,17,станция,
narvskaya,*,воскресенье,19,1,0.265887,17,станция,
narvskaya,*,воскресенье,19,2,0.246428,17,станция,
narvskaya,*,воскресенье,19,3,0.241709,17,станция,
narvskaya,*,воскресенье,20,0,0.276056,17,станция,
narvskaya,*,воскресенье,20,1,0.275338,17,станция,
narvskaya,*,воскресенье,20,2,0.238073,17,станция,
narvskaya,*,воскресенье,20,3,0.210533,17,станция,
narvskaya,*,воскресенье,21,0,0.287709,17,станция,
narvskaya,*,воскресенье,21,1,0.274896,17,станция,
narvskaya,*,воскресенье,21,2,0.209419,17,станция,
narvskaya,*,воскресенье,21,3,0.227976,17,станция,
narvskaya,*,воскресенье,22,0,0.338818,17,станция,
narvskaya,*,воскресенье,22,1,0.271435,17,станция,
narvskaya,*,воскресенье,22,2,0.211999,17,станция,
narvskaya,*,воскресенье,22,3,0.177748,17,станция,
narvskaya,*,воскресенье,23,0,0.346306,17,станция,
narvskaya,*,воскресенье,23,1,0.252858,17,станция,
narvskaya,*,воскресенье,23,2,0.205365,17,станция,
narvskaya,*,воскресенье,23,3,0.195471,17,станция,
narvskaya,*,воскресенье,0,0,0.707006,17,станция,
narvskaya,*,воскресенье,0,1,0.235669,17,станция,
narvskaya,*,воскресенье,0,2,0.055202,17,станция,
narvskaya,*,воскресенье,0,3,0.002123,17,станция,
kirovsky_zavod,kirovsky_zavod_1,рабочий,5,0,0.009365,80,вестибюль,
kirovsky_zavod,kirovsky_zavod_1,рабочий,5,1,0.074488,80,вестибюль,
kirovsky_zavod,kirovsky_zavod_1,рабочий,5,2,0.519164,80,вестибюль,
kirovsky_zavod,kirovsky_zavod_1,рабочий,5,3,0.396982,80,вестибюль,
kirovsky_zavod,kirovsky_zavod_1,рабочий,6,0,0.162322,80,вестибюль,
kirovsky_zavod,kirovsky_zavod_1,рабочий,6,1,0.224219,80,вестибюль,
kirovsky_zavod,kirovsky_zavod_1,рабочий,6,2,0.268766,80,вестибюль,
kirovsky_zavod,kirovsky_zavod_1,рабочий,6,3,0.344693,80,вестибюль,
kirovsky_zavod,kirovsky_zavod_1,рабочий,7,0,0.234247,80,вестибюль,
kirovsky_zavod,kirovsky_zavod_1,рабочий,7,1,0.230626,80,вестибюль,
kirovsky_zavod,kirovsky_zavod_1,рабочий,7,2,0.240378,80,вестибюль,
kirovsky_zavod,kirovsky_zavod_1,рабочий,7,3,0.294749,80,вестибюль,
kirovsky_zavod,kirovsky_zavod_1,рабочий,8,0,0.276012,80,вестибюль,
kirovsky_zavod,kirovsky_zavod_1,рабочий,8,1,0.290047,80,вестибюль,
kirovsky_zavod,kirovsky_zavod_1,рабочий,8,2,0.242707,80,вестибюль,
kirovsky_zavod,kirovsky_zavod_1,рабочий,8,3,0.191234,80,вестибюль,
kirovsky_zavod,kirovsky_zavod_1,рабочий,9,0,0.28868,80,вестибюль,
kirovsky_zavod,kirovsky_zavod_1,рабочий,9,1,0.278739,80,вестибюль,
kirovsky_zavod,kirovsky_zavod_1,рабочий,9,2,0.237522,80,вестибюль,
kirovsky_zavod,kirovsky_zavod_1,рабочий,9,3,0.195059,80,вестибюль,
kirovsky_zavod,kirovsky_zavod_1,рабочий,10,0,0.257978,80,вестибюль,
kirovsky_zavod,kirovsky_zavod_1,рабочий,10,1,0.268543,80,вестибюль,
kirovsky_zavod,kirovsky_zavod_1,рабочий,10,2,0.248071,80,вестибюль,
kirovsky_zavod,kirovsky_zavod_1,рабочий,10,3,0.225408,80,вестибюль,
kirovsky_zavod,kirovsky_zavod_1,рабочий,11,0,0.247681,80,вестибюль,
kirovsky_zavod,kirovsky_zavod_1,рабочий,11,1,0.260713,80,вестибюль,
kirovsky_zavod,kirovsky_zavod_1,рабочий,11,2,0.248833,80,вестибюль,
kirovsky_zavod,kirovsky_zavod_1,рабочий,11,3,0.242773,80,вестибюль,
kirovsky_zavod,kirovsky_zavod_1,рабочий,12,0,0.239994,80,вестибюль,
kirovsky_zavod,kirovsky_zavod_1,рабочий,12,1,0.261882,80,вестибюль,
kirovsky_zavod,kirovsky_zavod_1,рабочий,12,2,0.251693,80,вестибюль,
kirovsky_zavod,kirovsky_zavod_1,рабочий,12,3,0.246431,80,вестибюль,
kirovsky_zavod,kirovsky_zavod_1,рабочий,13,0,0.254587,80,вестибюль,
kirovsky_zavod,kirovsky_zavod_1,рабочий,13,1,0.254207,80,вестибюль,
kirovsky_zavod,kirovsky_zavod_1,рабочий,13,2,0.244991,80,вестибюль,
kirovsky_zavod,kirovsky_zavod_1,рабочий,13,3,0.246215,80,вестибюль,
kirovsky_zavod,kirovsky_zavod_1,рабочий,14,0,0.230762,80,вестибюль,
kirovsky_zavod,kirovsky_zavod_1,рабочий,14,1,0.277048,80,вестибюль,
kirovsky_zavod,kirovsky_zavod_1,рабочий,14,2,0.236352,80,вестибюль,
kirovsky_zavod,kirovsky_zavod_1,рабочий,14,3,0.255838,80,вестибюль,
kirovsky_zavod,kirovsky_zavod_1,рабочий,15,0,0.211519,80,вестибюль,
kirovsky_zavod,kirovsky_zavod_1,рабочий,15,1,0.211545,80,вестибюль,
kirovsky_zavod,kirovsky_zavod_1,рабочий,15,2,0.243026,80,вестибюль,
kirovsky_zavod,kirovsky_zavod_1,рабочий,15,3,0.333911,80,вестибюль,
kirovsky_zavod,kirovsky_zavod_1,рабочий,16,0,0.241362,80,вестибюль,
kirovsky_zavod,kirovsky_zavod_1,рабочий,16,1,0.229635,80,вестибюль,
kirovsky_zavod,kirovsky_zavod_1,рабочий,16,2,0.233394,80,вестибюль,
kirovsky_zavod,kirovsky_zavod_1,рабочий,16,3,0.29561,80,вестибюль,
kirovsky_zavod,kirovsky_zavod_1,рабочий,17,0,0.302674,80,вестибюль,
kirovsky_zavod,kirovsky_zavod_1,рабочий,17,1,0.30662,80,вестибюль,
kirovsky_zavod,kirovsky_zavod_1,рабочий,17,2,0.210052,80,вестибюль,
kirovsky_zavod,kirovsky_zavod_1,рабочий,17,3,0.180654,80,вестибюль,
kirovsky_zavod,kirovsky_zavod_1,рабочий,18,0,0.337355,80,вестибюль,
kirovsky_zavod,kirovsky_zavod_1,рабочий,18,1,0.296411,80,вестибюль,
kirovsky_zavod,kirovsky_zavod_1,рабочий,18,2,0.20147,80,вестибюль,
kirovsky_zavod,kirovsky_zavod_1,рабочий,18,3,0.164764,80,вестибюль,
kirovsky_zavod,kirovsky_zavod_1,рабочий,19,0,0.285882,80,вестибюль,
kirovsky_zavod,kirovsky_zavod_1,рабочий,19,1,0.282301,80,вестибюль,
kirovsky_zavod,kirovsky_zavod_1,рабочий,19,2,0.234563,80,вестибюль,
kirovsky_zavod,kirovsky_zavod_1,рабочий,19,3,0.197254,80,вестибюль,
kirovsky_zavod,kirovsky_zavod_1,рабочий,20,0,0.317596,80,вестибюль,
kirovsky_zavod,kirovsky_zavod_1,рабочий,20,1,0.305316,80,вестибюль,
kirovsky_zavod,kirovsky_zavod_1,рабочий,20,2,0.20528,80,вестибюль,
kirovsky_zavod,kirovsky_zavod_1,рабочий,20,3,0.171808,80,вестибюль,
kirovsky_zavod,kirovsky_zavod_1,рабочий,21,0,0.306611,80,вестибюль,
kirovsky_zavod,kirovsky_zavod_1,рабочий,21,1,0.278471,80,вестибюль,
kirovsky_zavod,kirovsky_zavod_1,рабочий,21,2,0.209135,80,вестибюль,
kirovsky_zavod,kirovsky_zavod_1,рабочий,21,3,0.205783,80,вестибюль,
kirovsky_zavod,kirovsky_zavod_1,рабочий,22,0,0.31805,80,вестибюль,
kirovsky_zavod,kirovsky_zavod_1,рабочий,22,1,0.292336,80,вестибюль,
kirovsky_zavod,kirovsky_zavod_1,рабочий,22,2,0.212636,80,вестибюль,
kirovsky_zavod,kirovsky_zavod_1,рабочий,22,3,0.176978,80,вестибюль,
kirovsky_zavod,kirovsky_zavod_1,рабочий,23,0,0.342367,80,вестибюль,
kirovsky_zavod,kirovsky_zavod_1,рабочий,23,1,0.279131,80,вестибюль,
kirovsky_zavod,kirovsky_zavod_1,рабочий,23,2,0.178045,80,вестибюль,
kirovsky_zavod,kirovsky_zavod_1,рабочий,23,3,0.200457,80,вестибюль,
kirovsky_zavod,kirovsky_zavod_1,рабочий,0,0,0.48708,80,вестибюль,
kirovsky_zavod,kirovsky_zavod_1,рабочий,0,1,0.28531,80,вестибюль,
kirovsky_zavod,kirovsky_zavod_1,рабочий,0,2,0.152566,80,вестибюль,
kirovsky_zavod,kirovsky_zavod_1,рабочий,0,3,0.075044,80,вестибюль,
kirovsky_zavod,kirovsky_zavod_1,суббота,5,0,0.020636,16,вестибюль,
kirovsky_zavod,kirovsky_zavod_1,суббота,5,1,0.075666,16,вестибюль,
kirovsky_zavod,kirovsky_zavod_1,суббота,5,2,0.527945,16,вестибюль,
kirovsky_zavod,kirovsky_zavod_1,суббота,5,3,0.375752,16,вестибюль,
kirovsky_zavod,kirovsky_zavod_1,суббота,6,0,0.172345,16,вестибюль,
kirovsky_zavod,kirovsky_zavod_1,суббота,6,1,0.255088,16,вестибюль,
kirovsky_zavod,kirovsky_zavod_1,суббота,6,2,0.276106,16,вестибюль,
kirovsky_zavod,kirovsky_zavod_1,суббота,6,3,0.29646,16,вестибюль,
kirovsky_zavod,kirovsky_zavod_1,суббота,7,0,0.236558,16,вестибюль,
kirovsky_zavod,kirovsky_zavod_1,суббота,7,1,0.234801,16,вестибюль,
kirovsky_zavod,kirovsky_zavod_1,суббота,7,2,0.233991,16,вестибюль,
kirovsky_zavod,kirovsky_zavod_1,суббота,7,3,0.29465,16,вестибюль,
kirovsky_zavod,kirovsky_zavod_1,суббота,8,0,0.28413,16,вестибюль,
kirovsky_zavod,kirovsky_zavod_1,суббота,8,1,0.279858,16,вестибюль,
kirovsky_zavod,kirovsky_zavod_1,суббота,8,2,0.230824,16,вестибюль,
kirovsky_zavod,kirovsky_zavod_1,суббота,8,3,0.205188,16,вестибюль,
kirovsky_zavod,kirovsky_zavod_1,суббота,9,0,0.259217,16,вестибюль,
kirovsky_zavod,kirovsky_zavod_1,суббота,9,1,0.281543,16,вестибюль,
kirovsky_zavod,kirovsky_zavod_1,суббота,9,2,0.241012,16,вестибюль,
kirovsky_zavod,kirovsky_zavod_1,суббота,9,3,0.218228,16,вестибюль,
kirovsky_zavod,kirovsky_zavod_1,суббота,10,0,0.227235,16,вестибюль,
kirovsky_zavod,kirovsky_zavod_1,суббота,10,1,0.263799,16,вестибюль,
kirovsky_zavod,kirovsky_zavod_1,суббота,10,2,0.263565,16,вестибюль,
kirovsky_zavod,kirovsky_zavod_1,суббота,10,3,0.2454,16,вестибюль,
kirovsky_zavod,kirovsky_zavod_1,суббота,11,0,0.243739,16,вестибюль,
kirovsky_zavod,kirovsky_zavod_1,суббота,11,1,0.256847,16,вестибюль,
kirovsky_zavod,kirovsky_zavod_1,суббота,11,2,0.257807,16,вестибюль,
kirovsky_zavod,kirovsky_zavod_1,суббота,11,3,0.241607,16,вестибюль,
kirovsky_zavod,kirovsky_zavod_1,суббота,12,0,0.25928,16,вестибюль,
kirovsky_zavod,kirovsky_zavod_1,суббота,12,1,0.240163,16,вестибюль,
kirovsky_zavod,kirovsky_zavod_1,суббота,12,2,0.249072,16,вестибюль,
kirovsky_zavod,kirovsky_zavod_1,суббота,12,3,0.251485,16,вестибюль,
kirovsky_zavod,kirovsky_zavod_1,суббота,13,0,0.237796,16,вестибюль,
kirovsky_zavod,kirovsky_zavod_1,суббота,13,1,0.251366,16,вестибюль,
kirovsky_zavod,kirovsky_zavod_1,суббота,13,2,0.250364,16,вестибюль,
kirovsky_zavod,kirovsky_zavod_1,суббота,13,3,0.260474,16,вестибюль,
kirovsky_zavod,kirovsky_zavod_1,суббота,14,0,0.247165,16,вестибюль,
kirovsky_zavod,kirovsky_zavod_1,суббота,14,1,0.264426,16,вестибюль,
kirovsky_zavod,kirovsky_zavod_1,суббота,14,2,0.252001,16,вестибюль,
kirovsky_zavod,kirovsky_zavod_1,суббота,14,3,0.236408,16,вестибюль,
kirovsky_zavod,kirovsky_zavod_1,суббота,15,0,0.255108,16,вестибюль,
kirovsky_zavod,kirovsky_zavod_1,суббота,15,1,0.245425,16,вестибюль,
kirovsky_zavod,kirovsky_zavod_1,суббота,15,2,0.261665,16,вестибюль,
kirovsky_zavod,kirovsky_zavod_1,суббота,15,3,0.237801,16,вестибюль,
kirovsky_zavod,kirovsky_zavod_1,суббота,16,0,0.256338,16,вестибюль,
kirovsky_zavod,kirovsky_zavod_1,суббота,16,1,0.252246,16,вестибюль,
kirovsky_zavod,kirovsky_zavod_1,суббота,16,2,0.239891,16,вестибюль,
kirovsky_zavod,kirovsky_zavod_1,суббота,16,3,0.251524,16,вестибюль,
kirovsky_zavod,kirovsky_zavod_1,суббота,17,0,0.272922,16,вестибюль,
kirovsky_zavod,kirovsky_zavod_1,суббота,17,1,0.269918,16,вестибюль,
kirovsky_zavod,kirovsky_zavod_1,суббота,17,2,0.234461,16,вестибюль,
kirovsky_zavod,kirovsky_zavod_1,суббота,17,3,0.222699,16,вестибюль,
kirovsky_zavod,kirovsky_zavod_1,суббота,18,0,0.275782,16,вестибюль,
kirovsky_zavod,kirovsky_zavod_1,суббота,18,1,0.243154,16,вестибюль,
kirovsky_zavod,kirovsky_zavod_1,суббота,18,2,0.240726,16,вестибюль,
kirovsky_zavod,kirovsky_zavod_1,суббота,18,3,0.240338,16,вестибюль,
kirovsky_zavod,kirovsky_zavod_1,суббота,19,0,0.254894,16,вестибюль,
kirovsky_zavod,kirovsky_zavod_1,суббота,19,1,0.274868,16,вестибюль,
kirovsky_zavod,kirovsky_zavod_1,суббота,19,2,0.24923,16,вестибюль,
kirovsky_zavod,kirovsky_zavod_1,суббота,19,3,0.221008,16,вестибюль,
kirovsky_zavod,kirovsky_zavod_1,суббота,20,0,0.299073,16,вестибюль,
kirovsky_zavod,kirovsky_zavod_1,суббота,20,1,0.282828,16,вестибюль,
kirovsky_zavod,kirovsky_zavod_1,суббота,20,2,0.207643,16,вестибюль,
kirovsky_zavod,kirovsky_zavod_1,суббота,20,3,0.210455,16,вестибюль,
kirovsky_zavod,kirovsky_zavod_1,суббота,21,0,0.265811,16,вестибюль,
kirovsky_zavod,kirovsky_zavod_1,суббота,21,1,0.312012,16,вестибюль,
kirovsky_zavod,kirovsky_zavod_1,суббота,21,2,0.24865,16,вестибюль,
kirovsky_zavod,kirovsky_zavod_1,суббота,21,3,0.173527,16,вестибюль,
kirovsky_zavod,kirovsky_zavod_1,суббота,22,0,0.352326,16,вестибюль,
kirovsky_zavod,kirovsky_zavod_1,суббота,22,1,0.254057,16,вестибюль,
kirovsky_zavod,kirovsky_zavod_1,суббота,22,2,0.225929,16,вестибюль,
kirovsky_zavod,kirovsky_zavod_1,суббота,22,3,0.167688,16,вестибюль,
kirovsky_zavod,kirovsky_zavod_1,суббота,23,0,0.29706,16,вестибюль,
kirovsky_zavod,kirovsky_zavod_1,суббота,23,1,0.256506,16,вестибюль,
kirovsky_zavod,kirovsky_zavod_1,суббота,23,2,0.225076,16,вестибюль,
kirovsky_zavod,kirovsky_zavod_1,суббота,23,3,0.221359,16,вестибюль,
kirovsky_zavod,kirovsky_zavod_1,суббота,0,0,0.623832,16,вестибюль,
kirovsky_zavod,kirovsky_zavod_1,суббота,0,1,0.165888,16,вестибюль,
kirovsky_zavod,kirovsky_zavod_1,суббота,0,2,0.14486,16,вестибюль,
kirovsky_zavod,kirovsky_zavod_1,суббота,0,3,0.065421,16,вестибюль,
kirovsky_zavod,kirovsky_zavod_1,воскресенье,5,0,0.028129,17,вестибюль,
kirovsky_zavod,kirovsky_zavod_1,воскресенье,5,1,0.060478,17,вестибюль,
kirovsky_zavod,kirovsky_zavod_1,воскресенье,5,2,0.544304,17,вестибюль,
kirovsky_zavod,kirovsky_zavod_1,воскресенье,5,3,0.367089,17,вестибюль,
kirovsky_zavod,kirovsky_zavod_1,воскресенье,6,0,0.163594,17,вестибюль,
kirovsky_zavod,kirovsky_zavod_1,воскресенье,6,1,0.266417,17,вестибюль,
kirovsky_zavod,kirovsky_zavod_1,воскресенье,6,2,0.255184,17,вестибюль,
kirovsky_zavod,kirovsky_zavod_1,воскресенье,6,3,0.314804,17,вестибюль,
kirovsky_zavod,kirovsky_zavod_1,воскресенье,7,0,0.231723,17,вестибюль,
kirovsky_zavod,kirovsky_zavod_1,воскресенье,7,1,0.236752,17,вестибюль,
kirovsky_zavod,kirovsky_zavod_1,воскресенье,7,2,0.238908,17,вестибюль,
kirovsky_zavod,kirovsky_zavod_1,воскресенье,7,3,0.292617,17,вестибюль,
kirovsky_zavod,kirovsky_zavod_1,воскресенье,8,0,0.287317,17,вестибюль,
kirovsky_zavod,kirovsky_zavod_1,воскресенье,8,1,0.274608,17,вестибюль,
kirovsky_zavod,kirovsky_zavod_1,воскресенье,8,2,0.231206,17,вестибюль,
kirovsky_zavod,kirovsky_zavod_1,воскресенье,8,3,0.206869,17,вестибюль,
kirovsky_zavod,kirovsky_zavod_1,воскресенье,9,0,0.265067,17,вестибюль,
kirovsky_zavod,kirovsky_zavod_1,воскресенье,9,1,0.263274,17,вестибюль,
kirovsky_zavod,kirovsky_zavod_1,воскресенье,9,2,0.251552,17,вестибюль,
kirovsky_zavod,kirovsky_zavod_1,воскресенье,9,3,0.220108,17,вестибюль,
kirovsky_zavod,kirovsky_zavod_1,воскресенье,10,0,0.242067,17,вестибюль,
kirovsky_zavod,kirovsky_zavod_1,воскресенье,10,1,0.277547,17,вестибюль,
kirovsky_zavod,kirovsky_zavod_1,воскресенье,10,2,0.257732,17,вестибюль,
kirovsky_zavod,kirovsky_zavod_1,воскресенье,10,3,0.222654,17,вестибюль,
kirovsky_zavod,kirovsky_zavod_1,воскресенье,11,0,0.240889,17,вестибюль,
kirovsky_zavod,kirovsky_zavod_1,воскресенье,11,1,0.258139,17,вестибюль,
kirovsky_zavod,kirovsky_zavod_1,воскресенье,11,2,0.262755,17,вестибюль,
kirovsky_zavod,kirovsky_zavod_1,воскресенье,11,3,0.238217,17,вестибюль,
kirovsky_zavod,kirovsky_zavod_1,воскресенье,12,0,0.267979,17,вестибюль,
kirovsky_zavod,kirovsky_zavod_1,воскресенье,12,1,0.2368,17,вестибюль,
kirovsky_zavod,kirovsky_zavod_1,воскресенье,12,2,0.25421,17,вестибюль,
kirovsky_zavod,kirovsky_zavod_1,воскресенье,12,3,0.24101,17,вестибюль,
kirovsky_zavod,kirovsky_zavod_1,воскресенье,13,0,0.249818,17,вестибюль,
kirovsky_zavod,kirovsky_zavod_1,воскресенье,13,1,0.255739,17,вестибюль,
kirovsky_zavod,kirovsky_zavod_1,воскресенье,13,2,0.26166,17,вестибюль,
kirovsky_zavod,kirovsky_zavod_1,воскресенье,13,3,0.232783,17,вестибюль,
kirovsky_zavod,kirovsky_zavod_1,воскресенье,14,0,0.239614,17,вестибюль,
kirovsky_zavod,kirovsky_zavod_1,воскресенье,14,1,0.269443,17,вестибюль,
kirovsky_zavod,kirovsky_zavod_1,воскресенье,14,2,0.258122,17,вестибюль,
kirovsky_zavod,kirovsky_zavod_1,воскресенье,14,3,0.232821,17,вестибюль,
kirovsky_zavod,kirovsky_zavod_1,воскресенье,15,0,0.257432,17,вестибюль,
kirovsky_zavod,kirovsky_zavod_1,воскресенье,15,1,0.249071,17,вестибюль,
kirovsky_zavod,kirovsky_zavod_1,воскресенье,15,2,0.25353,17,вестибюль,
kirovsky_zavod,kirovsky_zavod_1,воскресенье,15,3,0.239967,17,вестибюль,
kirovsky_zavod,kirovsky_zavod_1,воскресенье,16,0,0.2542,17,вестибюль,
kirovsky_zavod,kirovsky_zavod_1,воскресенье,16,1,0.276507,17,вестибюль,
kirovsky_zavod,kirovsky_zavod_1,воскресенье,16,2,0.229236,17,вестибюль,
kirovsky_zavod,kirovsky_zavod_1,воскресенье,16,3,0.240057,17,вестибюль,
kirovsky_zavod,kirovsky_zavod_1,воскресенье,17,0,0.253819,17,вестибюль,
kirovsky_zavod,kirovsky_zavod_1,воскресенье,17,1,0.257402,17,вестибюль,
kirovsky_zavod,kirovsky_zavod_1,воскресенье,17,2,0.250869,17,вестибюль,
kirovsky_zavod,kirovsky_zavod_1,воскресенье,17,3,0.23791,17,вестибюль,
kirovsky_zavod,kirovsky_zavod_1,воскресенье,18,0,0.26845,17,вестибюль,
kirovsky_zavod,kirovsky_zavod_1,воскресенье,18,1,0.255667,17,вестибюль,
kirovsky_zavod,kirovsky_zavod_1,воскресенье,18,2,0.236975,17,вестибюль,
kirovsky_zavod,kirovsky_zavod_1,воскресенье,18,3,0.238909,17,вестибюль,
kirovsky_zavod,kirovsky_zavod_1,воскресенье,19,0,0.249947,17,вестибюль,
kirovsky_zavod,kirovsky_zavod_1,воскресенье,19,1,0.277208,17,вестибюль,
kirovsky_zavod,kirovsky_zavod_1,воскресенье,19,2,0.242142,17,вестибюль,
kirovsky_zavod,kirovsky_zavod_1,воскресенье,19,3,0.230703,17,вестибюль,
kirovsky_zavod,kirovsky_zavod_1,воскресенье,20,0,0.291506,17,вестибюль,
kirovsky_zavod,kirovsky_zavod_1,воскресенье,20,1,0.320849,17,вестибюль,
kirovsky_zavod,kirovsky_zavod_1,воскресенье,20,2,0.231564,17,вестибюль,
kirovsky_zavod,kirovsky_zavod_1,воскресенье,20,3,0.156081,17,вестибюль,
kirovsky_zavod,kirovsky_zavod_1,воскресенье,21,0,0.315894,17,вестибюль,
kirovsky_zavod,kirovsky_zavod_1,воскресенье,21,1,0.29922,17,вестибюль,
kirovsky_zavod,kirovsky_zavod_1,воскресенье,21,2,0.198103,17,вестибюль,
kirovsky_zavod,kirovsky_zavod_1,воскресенье,21,3,0.186783,17,вестибюль,
kirovsky_zavod,kirovsky_zavod_1,воскресенье,22,0,0.340412,17,вестибюль,
kirovsky_zavod,kirovsky_zavod_1,воскресенье,22,1,0.248606,17,вестибюль,
kirovsky_zavod,kirovsky_zavod_1,воскресенье,22,2,0.228872,17,вестибюль,
kirovsky_zavod,kirovsky_zavod_1,воскресенье,22,3,0.182111,17,вестибюль,
kirovsky_zavod,kirovsky_zavod_1,воскресенье,23,0,0.316748,17,вестибюль,
kirovsky_zavod,kirovsky_zavod_1,воскресенье,23,1,0.237228,17,вестибюль,
kirovsky_zavod,kirovsky_zavod_1,воскресенье,23,2,0.187916,17,вестибюль,
kirovsky_zavod,kirovsky_zavod_1,воскресенье,23,3,0.258108,17,вестибюль,
kirovsky_zavod,kirovsky_zavod_1,воскресенье,0,0,0.488665,17,вестибюль,
kirovsky_zavod,kirovsky_zavod_1,воскресенье,0,1,0.274559,17,вестибюль,
kirovsky_zavod,kirovsky_zavod_1,воскресенье,0,2,0.130982,17,вестибюль,
kirovsky_zavod,kirovsky_zavod_1,воскресенье,0,3,0.105793,17,вестибюль,
kirovsky_zavod,*,рабочий,5,0,0.009365,80,станция,
kirovsky_zavod,*,рабочий,5,1,0.074488,80,станция,
kirovsky_zavod,*,рабочий,5,2,0.519164,80,станция,
kirovsky_zavod,*,рабочий,5,3,0.396982,80,станция,
kirovsky_zavod,*,рабочий,6,0,0.162322,80,станция,
kirovsky_zavod,*,рабочий,6,1,0.224219,80,станция,
kirovsky_zavod,*,рабочий,6,2,0.268766,80,станция,
kirovsky_zavod,*,рабочий,6,3,0.344693,80,станция,
kirovsky_zavod,*,рабочий,7,0,0.234247,80,станция,
kirovsky_zavod,*,рабочий,7,1,0.230626,80,станция,
kirovsky_zavod,*,рабочий,7,2,0.240378,80,станция,
kirovsky_zavod,*,рабочий,7,3,0.294749,80,станция,
kirovsky_zavod,*,рабочий,8,0,0.276012,80,станция,
kirovsky_zavod,*,рабочий,8,1,0.290047,80,станция,
kirovsky_zavod,*,рабочий,8,2,0.242707,80,станция,
kirovsky_zavod,*,рабочий,8,3,0.191234,80,станция,
kirovsky_zavod,*,рабочий,9,0,0.28868,80,станция,
kirovsky_zavod,*,рабочий,9,1,0.278739,80,станция,
kirovsky_zavod,*,рабочий,9,2,0.237522,80,станция,
kirovsky_zavod,*,рабочий,9,3,0.195059,80,станция,
kirovsky_zavod,*,рабочий,10,0,0.257978,80,станция,
kirovsky_zavod,*,рабочий,10,1,0.268543,80,станция,
kirovsky_zavod,*,рабочий,10,2,0.248071,80,станция,
kirovsky_zavod,*,рабочий,10,3,0.225408,80,станция,
kirovsky_zavod,*,рабочий,11,0,0.247681,80,станция,
kirovsky_zavod,*,рабочий,11,1,0.260713,80,станция,
kirovsky_zavod,*,рабочий,11,2,0.248833,80,станция,
kirovsky_zavod,*,рабочий,11,3,0.242773,80,станция,
kirovsky_zavod,*,рабочий,12,0,0.239994,80,станция,
kirovsky_zavod,*,рабочий,12,1,0.261882,80,станция,
kirovsky_zavod,*,рабочий,12,2,0.251693,80,станция,
kirovsky_zavod,*,рабочий,12,3,0.246431,80,станция,
kirovsky_zavod,*,рабочий,13,0,0.254587,80,станция,
kirovsky_zavod,*,рабочий,13,1,0.254207,80,станция,
kirovsky_zavod,*,рабочий,13,2,0.244991,80,станция,
kirovsky_zavod,*,рабочий,13,3,0.246215,80,станция,
kirovsky_zavod,*,рабочий,14,0,0.230762,80,станция,
kirovsky_zavod,*,рабочий,14,1,0.277048,80,станция,
kirovsky_zavod,*,рабочий,14,2,0.236352,80,станция,
kirovsky_zavod,*,рабочий,14,3,0.255838,80,станция,
kirovsky_zavod,*,рабочий,15,0,0.211519,80,станция,
kirovsky_zavod,*,рабочий,15,1,0.211545,80,станция,
kirovsky_zavod,*,рабочий,15,2,0.243026,80,станция,
kirovsky_zavod,*,рабочий,15,3,0.333911,80,станция,
kirovsky_zavod,*,рабочий,16,0,0.241362,80,станция,
kirovsky_zavod,*,рабочий,16,1,0.229635,80,станция,
kirovsky_zavod,*,рабочий,16,2,0.233394,80,станция,
kirovsky_zavod,*,рабочий,16,3,0.29561,80,станция,
kirovsky_zavod,*,рабочий,17,0,0.302674,80,станция,
kirovsky_zavod,*,рабочий,17,1,0.30662,80,станция,
kirovsky_zavod,*,рабочий,17,2,0.210052,80,станция,
kirovsky_zavod,*,рабочий,17,3,0.180654,80,станция,
kirovsky_zavod,*,рабочий,18,0,0.337355,80,станция,
kirovsky_zavod,*,рабочий,18,1,0.296411,80,станция,
kirovsky_zavod,*,рабочий,18,2,0.20147,80,станция,
kirovsky_zavod,*,рабочий,18,3,0.164764,80,станция,
kirovsky_zavod,*,рабочий,19,0,0.285882,80,станция,
kirovsky_zavod,*,рабочий,19,1,0.282301,80,станция,
kirovsky_zavod,*,рабочий,19,2,0.234563,80,станция,
kirovsky_zavod,*,рабочий,19,3,0.197254,80,станция,
kirovsky_zavod,*,рабочий,20,0,0.317596,80,станция,
kirovsky_zavod,*,рабочий,20,1,0.305316,80,станция,
kirovsky_zavod,*,рабочий,20,2,0.20528,80,станция,
kirovsky_zavod,*,рабочий,20,3,0.171808,80,станция,
kirovsky_zavod,*,рабочий,21,0,0.306611,80,станция,
kirovsky_zavod,*,рабочий,21,1,0.278471,80,станция,
kirovsky_zavod,*,рабочий,21,2,0.209135,80,станция,
kirovsky_zavod,*,рабочий,21,3,0.205783,80,станция,
kirovsky_zavod,*,рабочий,22,0,0.31805,80,станция,
kirovsky_zavod,*,рабочий,22,1,0.292336,80,станция,
kirovsky_zavod,*,рабочий,22,2,0.212636,80,станция,
kirovsky_zavod,*,рабочий,22,3,0.176978,80,станция,
kirovsky_zavod,*,рабочий,23,0,0.342367,80,станция,
kirovsky_zavod,*,рабочий,23,1,0.279131,80,станция,
kirovsky_zavod,*,рабочий,23,2,0.178045,80,станция,
kirovsky_zavod,*,рабочий,23,3,0.200457,80,станция,
kirovsky_zavod,*,рабочий,0,0,0.48708,80,станция,
kirovsky_zavod,*,рабочий,0,1,0.28531,80,станция,
kirovsky_zavod,*,рабочий,0,2,0.152566,80,станция,
kirovsky_zavod,*,рабочий,0,3,0.075044,80,станция,
kirovsky_zavod,*,суббота,5,0,0.020636,16,станция,
kirovsky_zavod,*,суббота,5,1,0.075666,16,станция,
kirovsky_zavod,*,суббота,5,2,0.527945,16,станция,
kirovsky_zavod,*,суббота,5,3,0.375752,16,станция,
kirovsky_zavod,*,суббота,6,0,0.172345,16,станция,
kirovsky_zavod,*,суббота,6,1,0.255088,16,станция,
kirovsky_zavod,*,суббота,6,2,0.276106,16,станция,
kirovsky_zavod,*,суббота,6,3,0.29646,16,станция,
kirovsky_zavod,*,суббота,7,0,0.236558,16,станция,
kirovsky_zavod,*,суббота,7,1,0.234801,16,станция,
kirovsky_zavod,*,суббота,7,2,0.233991,16,станция,
kirovsky_zavod,*,суббота,7,3,0.29465,16,станция,
kirovsky_zavod,*,суббота,8,0,0.28413,16,станция,
kirovsky_zavod,*,суббота,8,1,0.279858,16,станция,
kirovsky_zavod,*,суббота,8,2,0.230824,16,станция,
kirovsky_zavod,*,суббота,8,3,0.205188,16,станция,
kirovsky_zavod,*,суббота,9,0,0.259217,16,станция,
kirovsky_zavod,*,суббота,9,1,0.281543,16,станция,
kirovsky_zavod,*,суббота,9,2,0.241012,16,станция,
kirovsky_zavod,*,суббота,9,3,0.218228,16,станция,
kirovsky_zavod,*,суббота,10,0,0.227235,16,станция,
kirovsky_zavod,*,суббота,10,1,0.263799,16,станция,
kirovsky_zavod,*,суббота,10,2,0.263565,16,станция,
kirovsky_zavod,*,суббота,10,3,0.2454,16,станция,
kirovsky_zavod,*,суббота,11,0,0.243739,16,станция,
kirovsky_zavod,*,суббота,11,1,0.256847,16,станция,
kirovsky_zavod,*,суббота,11,2,0.257807,16,станция,
kirovsky_zavod,*,суббота,11,3,0.241607,16,станция,
kirovsky_zavod,*,суббота,12,0,0.25928,16,станция,
kirovsky_zavod,*,суббота,12,1,0.240163,16,станция,
kirovsky_zavod,*,суббота,12,2,0.249072,16,станция,
kirovsky_zavod,*,суббота,12,3,0.251485,16,станция,
kirovsky_zavod,*,суббота,13,0,0.237796,16,станция,
kirovsky_zavod,*,суббота,13,1,0.251366,16,станция,
kirovsky_zavod,*,суббота,13,2,0.250364,16,станция,
kirovsky_zavod,*,суббота,13,3,0.260474,16,станция,
kirovsky_zavod,*,суббота,14,0,0.247165,16,станция,
kirovsky_zavod,*,суббота,14,1,0.264426,16,станция,
kirovsky_zavod,*,суббота,14,2,0.252001,16,станция,
kirovsky_zavod,*,суббота,14,3,0.236408,16,станция,
kirovsky_zavod,*,суббота,15,0,0.255108,16,станция,
kirovsky_zavod,*,суббота,15,1,0.245425,16,станция,
kirovsky_zavod,*,суббота,15,2,0.261665,16,станция,
kirovsky_zavod,*,суббота,15,3,0.237801,16,станция,
kirovsky_zavod,*,суббота,16,0,0.256338,16,станция,
kirovsky_zavod,*,суббота,16,1,0.252246,16,станция,
kirovsky_zavod,*,суббота,16,2,0.239891,16,станция,
kirovsky_zavod,*,суббота,16,3,0.251524,16,станция,
kirovsky_zavod,*,суббота,17,0,0.272922,16,станция,
kirovsky_zavod,*,суббота,17,1,0.269918,16,станция,
kirovsky_zavod,*,суббота,17,2,0.234461,16,станция,
kirovsky_zavod,*,суббота,17,3,0.222699,16,станция,
kirovsky_zavod,*,суббота,18,0,0.275782,16,станция,
kirovsky_zavod,*,суббота,18,1,0.243154,16,станция,
kirovsky_zavod,*,суббота,18,2,0.240726,16,станция,
kirovsky_zavod,*,суббота,18,3,0.240338,16,станция,
kirovsky_zavod,*,суббота,19,0,0.254894,16,станция,
kirovsky_zavod,*,суббота,19,1,0.274868,16,станция,
kirovsky_zavod,*,суббота,19,2,0.24923,16,станция,
kirovsky_zavod,*,суббота,19,3,0.221008,16,станция,
kirovsky_zavod,*,суббота,20,0,0.299073,16,станция,
kirovsky_zavod,*,суббота,20,1,0.282828,16,станция,
kirovsky_zavod,*,суббота,20,2,0.207643,16,станция,
kirovsky_zavod,*,суббота,20,3,0.210455,16,станция,
kirovsky_zavod,*,суббота,21,0,0.265811,16,станция,
kirovsky_zavod,*,суббота,21,1,0.312012,16,станция,
kirovsky_zavod,*,суббота,21,2,0.24865,16,станция,
kirovsky_zavod,*,суббота,21,3,0.173527,16,станция,
kirovsky_zavod,*,суббота,22,0,0.352326,16,станция,
kirovsky_zavod,*,суббота,22,1,0.254057,16,станция,
kirovsky_zavod,*,суббота,22,2,0.225929,16,станция,
kirovsky_zavod,*,суббота,22,3,0.167688,16,станция,
kirovsky_zavod,*,суббота,23,0,0.29706,16,станция,
kirovsky_zavod,*,суббота,23,1,0.256506,16,станция,
kirovsky_zavod,*,суббота,23,2,0.225076,16,станция,
kirovsky_zavod,*,суббота,23,3,0.221359,16,станция,
kirovsky_zavod,*,суббота,0,0,0.623832,16,станция,
kirovsky_zavod,*,суббота,0,1,0.165888,16,станция,
kirovsky_zavod,*,суббота,0,2,0.14486,16,станция,
kirovsky_zavod,*,суббота,0,3,0.065421,16,станция,
kirovsky_zavod,*,воскресенье,5,0,0.028129,17,станция,
kirovsky_zavod,*,воскресенье,5,1,0.060478,17,станция,
kirovsky_zavod,*,воскресенье,5,2,0.544304,17,станция,
kirovsky_zavod,*,воскресенье,5,3,0.367089,17,станция,
kirovsky_zavod,*,воскресенье,6,0,0.163594,17,станция,
kirovsky_zavod,*,воскресенье,6,1,0.266417,17,станция,
kirovsky_zavod,*,воскресенье,6,2,0.255184,17,станция,
kirovsky_zavod,*,воскресенье,6,3,0.314804,17,станция,
kirovsky_zavod,*,воскресенье,7,0,0.231723,17,станция,
kirovsky_zavod,*,воскресенье,7,1,0.236752,17,станция,
kirovsky_zavod,*,воскресенье,7,2,0.238908,17,станция,
kirovsky_zavod,*,воскресенье,7,3,0.292617,17,станция,
kirovsky_zavod,*,воскресенье,8,0,0.287317,17,станция,
kirovsky_zavod,*,воскресенье,8,1,0.274608,17,станция,
kirovsky_zavod,*,воскресенье,8,2,0.231206,17,станция,
kirovsky_zavod,*,воскресенье,8,3,0.206869,17,станция,
kirovsky_zavod,*,воскресенье,9,0,0.265067,17,станция,
kirovsky_zavod,*,воскресенье,9,1,0.263274,17,станция,
kirovsky_zavod,*,воскресенье,9,2,0.251552,17,станция,
kirovsky_zavod,*,воскресенье,9,3,0.220108,17,станция,
kirovsky_zavod,*,воскресенье,10,0,0.242067,17,станция,
kirovsky_zavod,*,воскресенье,10,1,0.277547,17,станция,
kirovsky_zavod,*,воскресенье,10,2,0.257732,17,станция,
kirovsky_zavod,*,воскресенье,10,3,0.222654,17,станция,
kirovsky_zavod,*,воскресенье,11,0,0.240889,17,станция,
kirovsky_zavod,*,воскресенье,11,1,0.258139,17,станция,
kirovsky_zavod,*,воскресенье,11,2,0.262755,17,станция,
kirovsky_zavod,*,воскресенье,11,3,0.238217,17,станция,
kirovsky_zavod,*,воскресенье,12,0,0.267979,17,станция,
kirovsky_zavod,*,воскресенье,12,1,0.2368,17,станция,
kirovsky_zavod,*,воскресенье,12,2,0.25421,17,станция,
kirovsky_zavod,*,воскресенье,12,3,0.24101,17,станция,
kirovsky_zavod,*,воскресенье,13,0,0.249818,17,станция,
kirovsky_zavod,*,воскресенье,13,1,0.255739,17,станция,
kirovsky_zavod,*,воскресенье,13,2,0.26166,17,станция,
kirovsky_zavod,*,воскресенье,13,3,0.232783,17,станция,
kirovsky_zavod,*,воскресенье,14,0,0.239614,17,станция,
kirovsky_zavod,*,воскресенье,14,1,0.269443,17,станция,
kirovsky_zavod,*,воскресенье,14,2,0.258122,17,станция,
kirovsky_zavod,*,воскресенье,14,3,0.232821,17,станция,
kirovsky_zavod,*,воскресенье,15,0,0.257432,17,станция,
kirovsky_zavod,*,воскресенье,15,1,0.249071,17,станция,
kirovsky_zavod,*,воскресенье,15,2,0.25353,17,станция,
kirovsky_zavod,*,воскресенье,15,3,0.239967,17,станция,
kirovsky_zavod,*,воскресенье,16,0,0.2542,17,станция,
kirovsky_zavod,*,воскресенье,16,1,0.276507,17,станция,
kirovsky_zavod,*,воскресенье,16,2,0.229236,17,станция,
kirovsky_zavod,*,воскресенье,16,3,0.240057,17,станция,
kirovsky_zavod,*,воскресенье,17,0,0.253819,17,станция,
kirovsky_zavod,*,воскресенье,17,1,0.257402,17,станция,
kirovsky_zavod,*,воскресенье,17,2,0.250869,17,станция,
kirovsky_zavod,*,воскресенье,17,3,0.23791,17,станция,
kirovsky_zavod,*,воскресенье,18,0,0.26845,17,станция,
kirovsky_zavod,*,воскресенье,18,1,0.255667,17,станция,
kirovsky_zavod,*,воскресенье,18,2,0.236975,17,станция,
kirovsky_zavod,*,воскресенье,18,3,0.238909,17,станция,
kirovsky_zavod,*,воскресенье,19,0,0.249947,17,станция,
kirovsky_zavod,*,воскресенье,19,1,0.277208,17,станция,
kirovsky_zavod,*,воскресенье,19,2,0.242142,17,станция,
kirovsky_zavod,*,воскресенье,19,3,0.230703,17,станция,
kirovsky_zavod,*,воскресенье,20,0,0.291506,17,станция,
kirovsky_zavod,*,воскресенье,20,1,0.320849,17,станция,
kirovsky_zavod,*,воскресенье,20,2,0.231564,17,станция,
kirovsky_zavod,*,воскресенье,20,3,0.156081,17,станция,
kirovsky_zavod,*,воскресенье,21,0,0.315894,17,станция,
kirovsky_zavod,*,воскресенье,21,1,0.29922,17,станция,
kirovsky_zavod,*,воскресенье,21,2,0.198103,17,станция,
kirovsky_zavod,*,воскресенье,21,3,0.186783,17,станция,
kirovsky_zavod,*,воскресенье,22,0,0.340412,17,станция,
kirovsky_zavod,*,воскресенье,22,1,0.248606,17,станция,
kirovsky_zavod,*,воскресенье,22,2,0.228872,17,станция,
kirovsky_zavod,*,воскресенье,22,3,0.182111,17,станция,
kirovsky_zavod,*,воскресенье,23,0,0.316748,17,станция,
kirovsky_zavod,*,воскресенье,23,1,0.237228,17,станция,
kirovsky_zavod,*,воскресенье,23,2,0.187916,17,станция,
kirovsky_zavod,*,воскресенье,23,3,0.258108,17,станция,
kirovsky_zavod,*,воскресенье,0,0,0.488665,17,станция,
kirovsky_zavod,*,воскресенье,0,1,0.274559,17,станция,
kirovsky_zavod,*,воскресенье,0,2,0.130982,17,станция,
kirovsky_zavod,*,воскресенье,0,3,0.105793,17,станция,
avtovo,avtovo_1,рабочий,5,0,0.002632,80,вестибюль,
avtovo,avtovo_1,рабочий,5,1,0.068853,80,вестибюль,
avtovo,avtovo_1,рабочий,5,2,0.604389,80,вестибюль,
avtovo,avtovo_1,рабочий,5,3,0.324125,80,вестибюль,
avtovo,avtovo_1,рабочий,6,0,0.157584,80,вестибюль,
avtovo,avtovo_1,рабочий,6,1,0.216058,80,вестибюль,
avtovo,avtovo_1,рабочий,6,2,0.26838,80,вестибюль,
avtovo,avtovo_1,рабочий,6,3,0.357978,80,вестибюль,
avtovo,avtovo_1,рабочий,7,0,0.206455,80,вестибюль,
avtovo,avtovo_1,рабочий,7,1,0.218583,80,вестибюль,
avtovo,avtovo_1,рабочий,7,2,0.253167,80,вестибюль,
avtovo,avtovo_1,рабочий,7,3,0.321795,80,вестибюль,
avtovo,avtovo_1,рабочий,8,0,0.283735,80,вестибюль,
avtovo,avtovo_1,рабочий,8,1,0.282203,80,вестибюль,
avtovo,avtovo_1,рабочий,8,2,0.235547,80,вестибюль,
avtovo,avtovo_1,рабочий,8,3,0.198515,80,вестибюль,
avtovo,avtovo_1,рабочий,9,0,0.297845,80,вестибюль,
avtovo,avtovo_1,рабочий,9,1,0.280903,80,вестибюль,
avtovo,avtovo_1,рабочий,9,2,0.230885,80,вестибюль,
avtovo,avtovo_1,рабочий,9,3,0.190366,80,вестибюль,
avtovo,avtovo_1,рабочий,10,0,0.272949,80,вестибюль,
avtovo,avtovo_1,рабочий,10,1,0.267776,80,вестибюль,
avtovo,avtovo_1,рабочий,10,2,0.246393,80,вестибюль,
avtovo,avtovo_1,рабочий,10,3,0.212883,80,вестибюль,
avtovo,avtovo_1,рабочий,11,0,0.26726,80,вестибюль,
avtovo,avtovo_1,рабочий,11,1,0.255685,80,вестибюль,
avtovo,avtovo_1,рабочий,11,2,0.247843,80,вестибюль,
avtovo,avtovo_1,рабочий,11,3,0.229212,80,вестибюль,
avtovo,avtovo_1,рабочий,12,0,0.237327,80,вестибюль,
avtovo,avtovo_1,рабочий,12,1,0.237477,80,вестибюль,
avtovo,avtovo_1,рабочий,12,2,0.25655,80,вестибюль,
avtovo,avtovo_1,рабочий,12,3,0.268646,80,вестибюль,
avtovo,avtovo_1,рабочий,13,0,0.255016,80,вестибюль,
avtovo,avtovo_1,рабочий,13,1,0.250039,80,вестибюль,
avtovo,avtovo_1,рабочий,13,2,0.255522,80,вестибюль,
avtovo,avtovo_1,рабочий,13,3,0.239422,80,вестибюль,
avtovo,avtovo_1,рабочий,14,0,0.26621,80,вестибюль,
avtovo,avtovo_1,рабочий,14,1,0.254781,80,вестибюль,
avtovo,avtovo_1,рабочий,14,2,0.24195,80,вестибюль,
avtovo,avtovo_1,рабочий,14,3,0.237058,80,вестибюль,
avtovo,avtovo_1,рабочий,15,0,0.262288,80,вестибюль,
avtovo,avtovo_1,рабочий,15,1,0.243582,80,вестибюль,
avtovo,avtovo_1,рабочий,15,2,0.230458,80,вестибюль,
avtovo,avtovo_1,рабочий,15,3,0.263672,80,вестибюль,
avtovo,avtovo_1,рабочий,16,0,0.225535,80,вестибюль,
avtovo,avtovo_1,рабочий,16,1,0.24599,80,вестибюль,
avtovo,avtovo_1,рабочий,16,2,0.256101,80,вестибюль,
avtovo,avtovo_1,рабочий,16,3,0.272374,80,вестибюль,
avtovo,avtovo_1,рабочий,17,0,0.234015,80,вестибюль,
avtovo,avtovo_1,рабочий,17,1,0.279583,80,вестибюль,
avtovo,avtovo_1,рабочий,17,2,0.246998,80,вестибюль,
avtovo,avtovo_1,рабочий,17,3,0.239404,80,вестибюль,
avtovo,avtovo_1,рабочий,18,0,0.282169,80,вестибюль,
avtovo,avtovo_1,рабочий,18,1,0.28618,80,вестибюль,
avtovo,avtovo_1,рабочий,18,2,0.227358,80,вестибюль,
avtovo,avtovo_1,рабочий,18,3,0.204292,80,вестибюль,
avtovo,avtovo_1,рабочий,19,0,0.279937,80,вестибюль,
avtovo,avtovo_1,рабочий,19,1,0.278986,80,вестибюль,
avtovo,avtovo_1,рабочий,19,2,0.234572,80,вестибюль,
avtovo,avtovo_1,рабочий,19,3,0.206505,80,вестибюль,
avtovo,avtovo_1,рабочий,20,0,0.285128,80,вестибюль,
avtovo,avtovo_1,рабочий,20,1,0.284645,80,вестибюль,
avtovo,avtovo_1,рабочий,20,2,0.228921,80,вестибюль,
avtovo,avtovo_1,рабочий,20,3,0.201306,80,вестибюль,
avtovo,avtovo_1,рабочий,21,0,0.31342,80,вестибюль,
avtovo,avtovo_1,рабочий,21,1,0.288568,80,вестибюль,
avtovo,avtovo_1,рабочий,21,2,0.21725,80,вестибюль,
avtovo,avtovo_1,рабочий,21,3,0.180762,80,вестибюль,
avtovo,avtovo_1,рабочий,22,0,0.28189,80,вестибюль,
avtovo,avtovo_1,рабочий,22,1,0.280099,80,вестибюль,
avtovo,avtovo_1,рабочий,22,2,0.245628,80,вестибюль,
avtovo,avtovo_1,рабочий,22,3,0.192382,80,вестибюль,
avtovo,avtovo_1,рабочий,23,0,0.324843,80,вестибюль,
avtovo,avtovo_1,рабочий,23,1,0.263072,80,вестибюль,
avtovo,avtovo_1,рабочий,23,2,0.213189,80,вестибюль,
avtovo,avtovo_1,рабочий,23,3,0.198896,80,вестибюль,
avtovo,avtovo_1,рабочий,0,0,0.444828,80,вестибюль,
avtovo,avtovo_1,рабочий,0,1,0.321839,80,вестибюль,
avtovo,avtovo_1,рабочий,0,2,0.144061,80,вестибюль,
avtovo,avtovo_1,рабочий,0,3,0.089272,80,вестибюль,
avtovo,avtovo_1,суббота,5,0,0.009284,16,вестибюль,
avtovo,avtovo_1,суббота,5,1,0.060124,16,вестибюль,
avtovo,avtovo_1,суббота,5,2,0.495579,16,вестибюль,
avtovo,avtovo_1,суббота,5,3,0.435013,16,вестибюль,
avtovo,avtovo_1,суббота,6,0,0.155428,16,вестибюль,
avtovo,avtovo_1,суббота,6,1,0.228478,16,вестибюль,
avtovo,avtovo_1,суббота,6,2,0.280962,16,вестибюль,
avtovo,avtovo_1,суббота,6,3,0.335131,16,вестибюль,
avtovo,avtovo_1,суббота,7,0,0.223258,16,вестибюль,
avtovo,avtovo_1,суббота,7,1,0.213939,16,вестибюль,
avtovo,avtovo_1,суббота,7,2,0.251213,16,вестибюль,
avtovo,avtovo_1,суббота,7,3,0.31159,16,вестибюль,
avtovo,avtovo_1,суббота,8,0,0.261439,16,вестибюль,
avtovo,avtovo_1,суббота,8,1,0.252996,16,вестибюль,
avtovo,avtovo_1,суббота,8,2,0.248445,16,вестибюль,
avtovo,avtovo_1,суббота,8,3,0.23712,16,вестибюль,
avtovo,avtovo_1,суббота,9,0,0.261414,16,вестибюль,
avtovo,avtovo_1,суббота,9,1,0.27133,16,вестибюль,
avtovo,avtovo_1,суббота,9,2,0.23677,16,вестибюль,
avtovo,avtovo_1,суббота,9,3,0.230486,16,вестибюль,
avtovo,avtovo_1,суббота,10,0,0.247748,16,вестибюль,
avtovo,avtovo_1,суббота,10,1,0.277151,16,вестибюль,
avtovo,avtovo_1,суббота,10,2,0.227898,16,вестибюль,
avtovo,avtovo_1,суббота,10,3,0.247203,16,вестибюль,
avtovo,avtovo_1,суббота,11,0,0.245089,16,вестибюль,
avtovo,avtovo_1,суббота,11,1,0.267194,16,вестибюль,
avtovo,avtovo_1,суббота,11,2,0.250205,16,вестибюль,
avtovo,avtovo_1,суббота,11,3,0.237511,16,вестибюль,
avtovo,avtovo_1,суббота,12,0,0.249919,16,вестибюль,
avtovo,avtovo_1,суббота,12,1,0.250104,16,вестибюль,
avtovo,avtovo_1,суббота,12,2,0.250518,16,вестибюль,
avtovo,avtovo_1,суббота,12,3,0.249459,16,вестибюль,
avtovo,avtovo_1,суббота,13,0,0.25431,16,вестибюль,
avtovo,avtovo_1,суббота,13,1,0.244915,16,вестибюль,
avtovo,avtovo_1,суббота,13,2,0.257843,16,вестибюль,
avtovo,avtovo_1,суббота,13,3,0.242932,16,вестибюль,
avtovo,avtovo_1,суббота,14,0,0.24438,16,вестибюль,
avtovo,avtovo_1,суббота,14,1,0.262022,16,вестибюль,
avtovo,avtovo_1,суббота,14,2,0.248662,16,вестибюль,
avtovo,avtovo_1,суббота,14,3,0.244936,16,вестибюль,
avtovo,avtovo_1,суббота,15,0,0.270878,16,вестибюль,
avtovo,avtovo_1,суббота,15,1,0.251052,16,вестибюль,
avtovo,avtovo_1,суббота,15,2,0.231659,16,вестибюль,
avtovo,avtovo_1,суббота,15,3,0.24641,16,вестибюль,
avtovo,avtovo_1,суббота,16,0,0.254182,16,вестибюль,
avtovo,avtovo_1,суббота,16,1,0.258682,16,вестибюль,
avtovo,avtovo_1,суббота,16,2,0.259955,16,вестибюль,
avtovo,avtovo_1,суббота,16,3,0.227182,16,вестибюль,
avtovo,avtovo_1,суббота,17,0,0.260084,16,вестибюль,
avtovo,avtovo_1,суббота,17,1,0.252966,16,вестибюль,
avtovo,avtovo_1,суббота,17,2,0.23942,16,вестибюль,
avtovo,avtovo_1,суббота,17,3,0.24753,16,вестибюль,
avtovo,avtovo_1,суббота,18,0,0.254474,16,вестибюль,
avtovo,avtovo_1,суббота,18,1,0.265854,16,вестибюль,
avtovo,avtovo_1,суббота,18,2,0.255183,16,вестибюль,
avtovo,avtovo_1,суббота,18,3,0.224489,16,вестибюль,
avtovo,avtovo_1,суббота,19,0,0.279495,16,вестибюль,
avtovo,avtovo_1,суббота,19,1,0.247283,16,вестибюль,
avtovo,avtovo_1,суббота,19,2,0.240637,16,вестибюль,
avtovo,avtovo_1,суббота,19,3,0.232584,16,вестибюль,
avtovo,avtovo_1,суббота,20,0,0.296755,16,вестибюль,
avtovo,avtovo_1,суббота,20,1,0.271437,16,вестибюль,
avtovo,avtovo_1,суббота,20,2,0.229063,16,вестибюль,
avtovo,avtovo_1,суббота,20,3,0.202745,16,вестибюль,
avtovo,avtovo_1,суббота,21,0,0.321061,16,вестибюль,
avtovo,avtovo_1,суббота,21,1,0.285728,16,вестибюль,
avtovo,avtovo_1,суббота,21,2,0.214412,16,вестибюль,
avtovo,avtovo_1,суббота,21,3,0.1788,16,вестибюль,
avtovo,avtovo_1,суббота,22,0,0.277945,16,вестибюль,
avtovo,avtovo_1,суббота,22,1,0.264536,16,вестибюль,
avtovo,avtovo_1,суббота,22,2,0.2401,16,вестибюль,
avtovo,avtovo_1,суббота,22,3,0.217419,16,вестибюль,
avtovo,avtovo_1,суббота,23,0,0.311276,16,вестибюль,
avtovo,avtovo_1,суббота,23,1,0.271697,16,вестибюль,
avtovo,avtovo_1,суббота,23,2,0.226964,16,вестибюль,
avtovo,avtovo_1,суббота,23,3,0.190064,16,вестибюль,
avtovo,avtovo_1,суббота,0,0,0.647668,16,вестибюль,
avtovo,avtovo_1,суббота,0,1,0.142487,16,вестибюль,
avtovo,avtovo_1,суббота,0,2,0.101036,16,вестибюль,
avtovo,avtovo_1,суббота,0,3,0.108808,16,вестибюль,
avtovo,avtovo_1,воскресенье,5,0,0.010545,17,вестибюль,
avtovo,avtovo_1,воскресенье,5,1,0.037493,17,вестибюль,
avtovo,avtovo_1,воскресенье,5,2,0.503222,17,вестибюль,
avtovo,avtovo_1,воскресенье,5,3,0.44874,17,вестибюль,
avtovo,avtovo_1,воскресенье,6,0,0.15643,17,вестибюль,
avtovo,avtovo_1,воскресенье,6,1,0.24525,17,вестибюль,
avtovo,avtovo_1,воскресенье,6,2,0.278539,17,вестибюль,
avtovo,avtovo_1,воскресенье,6,3,0.319782,17,вестибюль,
avtovo,avtovo_1,воскресенье,7,0,0.248193,17,вестибюль,
avtovo,avtovo_1,воскресенье,7,1,0.221965,17,вестибюль,
avtovo,avtovo_1,воскресенье,7,2,0.250139,17,вестибюль,
avtovo,avtovo_1,воскресенье,7,3,0.279703,17,вестибюль,
avtovo,avtovo_1,воскресенье,8,0,0.242586,17,вестибюль,
avtovo,avtovo_1,воскресенье,8,1,0.242514,17,вестибюль,
avtovo,avtovo_1,воскресенье,8,2,0.265045,17,вестибюль,
avtovo,avtovo_1,воскресенье,8,3,0.249856,17,вестибюль,
avtovo,avtovo_1,воскресенье,9,0,0.252471,17,вестибюль,
avtovo,avtovo_1,воскресенье,9,1,0.275142,17,вестибюль,
avtovo,avtovo_1,воскресенье,9,2,0.240178,17,вестибюль,
avtovo,avtovo_1,воскресенье,9,3,0.232209,17,вестибюль,
avtovo,avtovo_1,воскресенье,10,0,0.246591,17,вестибюль,
avtovo,avtovo_1,воскресенье,10,1,0.266455,17,вестибюль,
avtovo,avtovo_1,воскресенье,10,2,0.22902,17,вестибюль,
avtovo,avtovo_1,воскресенье,10,3,0.257934,17,вестибюль,
avtovo,avtovo_1,воскресенье,11,0,0.231178,17,вестибюль,
avtovo,avtovo_1,воскресенье,11,1,0.274109,17,вестибюль,
avtovo,avtovo_1,воскресенье,11,2,0.256309,17,вестибюль,
avtovo,avtovo_1,воскресенье,11,3,0.238404,17,вестибюль,
avtovo,avtovo_1,воскресенье,12,0,0.248433,17,вестибюль,
avtovo,avtovo_1,воскресенье,12,1,0.245859,17,вестибюль,
avtovo,avtovo_1,воскресенье,12,2,0.241244,17,вестибюль,
avtovo,avtovo_1,воскресенье,12,3,0.264464,17,вестибюль,
avtovo,avtovo_1,воскресенье,13,0,0.238773,17,вестибюль,
avtovo,avtovo_1,воскресенье,13,1,0.253387,17,вестибюль,
avtovo,avtovo_1,воскресенье,13,2,0.2635,17,вестибюль,
avtovo,avtovo_1,воскресенье,13,3,0.24434,17,вестибюль,
avtovo,avtovo_1,воскресенье,14,0,0.262606,17,вестибюль,
avtovo,avtovo_1,воскресенье,14,1,0.25267,17,вестибюль,
avtovo,avtovo_1,воскресенье,14,2,0.247866,17,вестибюль,
avtovo,avtovo_1,воскресенье,14,3,0.236858,17,вестибюль,
avtovo,avtovo_1,воскресенье,15,0,0.272082,17,вестибюль,
avtovo,avtovo_1,воскресенье,15,1,0.24442,17,вестибюль,
avtovo,avtovo_1,воскресенье,15,2,0.243758,17,вестибюль,
avtovo,avtovo_1,воскресенье,15,3,0.239739,17,вестибюль,
avtovo,avtovo_1,воскресенье,16,0,0.237285,17,вестибюль,
avtovo,avtovo_1,воскресенье,16,1,0.26702,17,вестибюль,
avtovo,avtovo_1,воскресенье,16,2,0.250891,17,вестибюль,
avtovo,avtovo_1,воскресенье,16,3,0.244805,17,вестибюль,
avtovo,avtovo_1,воскресенье,17,0,0.257642,17,вестибюль,
avtovo,avtovo_1,воскресенье,17,1,0.248671,17,вестибюль,
avtovo,avtovo_1,воскресенье,17,2,0.251092,17,вестибюль,
avtovo,avtovo_1,воскресенье,17,3,0.242595,17,вестибюль,
avtovo,avtovo_1,воскресенье,18,0,0.25461,17,вестибюль,
avtovo,avtovo_1,воскресенье,18,1,0.245086,17,вестибюль,
avtovo,avtovo_1,воскресенье,18,2,0.257852,17,вестибюль,
avtovo,avtovo_1,воскресенье,18,3,0.242452,17,вестибюль,
avtovo,avtovo_1,воскресенье,19,0,0.270727,17,вестибюль,
avtovo,avtovo_1,воскресенье,19,1,0.266913,17,вестибюль,
avtovo,avtovo_1,воскресенье,19,2,0.240803,17,вестибюль,
avtovo,avtovo_1,воскресенье,19,3,0.221557,17,вестибюль,
avtovo,avtovo_1,воскресенье,20,0,0.265505,17,вестибюль,
avtovo,avtovo_1,воскресенье,20,1,0.289687,17,вестибюль,
avtovo,avtovo_1,воскресенье,20,2,0.234922,17,вестибюль,
avtovo,avtovo_1,воскресенье,20,3,0.209886,17,вестибюль,
avtovo,avtovo_1,воскресенье,21,0,0.298386,17,вестибюль,
avtovo,avtovo_1,воскресенье,21,1,0.288155,17,вестибюль,
avtovo,avtovo_1,воскресенье,21,2,0.227802,17,вестибюль,
avtovo,avtovo_1,воскресенье,21,3,0.185658,17,вестибюль,
avtovo,avtovo_1,воскресенье,22,0,0.276618,17,вестибюль,
avtovo,avtovo_1,воскресенье,22,1,0.275441,17,вестибюль,
avtovo,avtovo_1,воскресенье,22,2,0.227794,17,вестибюль,
avtovo,avtovo_1,воскресенье,22,3,0.220147,17,вестибюль,
avtovo,avtovo_1,воскресенье,23,0,0.35947,17,вестибюль,
avtovo,avtovo_1,воскресенье,23,1,0.276367,17,вестибюль,
avtovo,avtovo_1,воскресенье,23,2,0.186361,17,вестибюль,
avtovo,avtovo_1,воскресенье,23,3,0.177802,17,вестибюль,
avtovo,avtovo_1,воскресенье,0,0,0.6759,17,вестибюль,
avtovo,avtovo_1,воскресенье,0,1,0.119114,17,вестибюль,
avtovo,avtovo_1,воскресенье,0,2,0.110803,17,вестибюль,
avtovo,avtovo_1,воскресенье,0,3,0.094183,17,вестибюль,
avtovo,*,рабочий,5,0,0.002632,80,станция,
avtovo,*,рабочий,5,1,0.068853,80,станция,
avtovo,*,рабочий,5,2,0.604389,80,станция,
avtovo,*,рабочий,5,3,0.324125,80,станция,
avtovo,*,рабочий,6,0,0.157584,80,станция,
avtovo,*,рабочий,6,1,0.216058,80,станция,
avtovo,*,рабочий,6,2,0.26838,80,станция,
avtovo,*,рабочий,6,3,0.357978,80,станция,
avtovo,*,рабочий,7,0,0.206455,80,станция,
avtovo,*,рабочий,7,1,0.218583,80,станция,
avtovo,*,рабочий,7,2,0.253167,80,станция,
avtovo,*,рабочий,7,3,0.321795,80,станция,
avtovo,*,рабочий,8,0,0.283735,80,станция,
avtovo,*,рабочий,8,1,0.282203,80,станция,
avtovo,*,рабочий,8,2,0.235547,80,станция,
avtovo,*,рабочий,8,3,0.198515,80,станция,
avtovo,*,рабочий,9,0,0.297845,80,станция,
avtovo,*,рабочий,9,1,0.280903,80,станция,
avtovo,*,рабочий,9,2,0.230885,80,станция,
avtovo,*,рабочий,9,3,0.190366,80,станция,
avtovo,*,рабочий,10,0,0.272949,80,станция,
avtovo,*,рабочий,10,1,0.267776,80,станция,
avtovo,*,рабочий,10,2,0.246393,80,станция,
avtovo,*,рабочий,10,3,0.212883,80,станция,
avtovo,*,рабочий,11,0,0.26726,80,станция,
avtovo,*,рабочий,11,1,0.255685,80,станция,
avtovo,*,рабочий,11,2,0.247843,80,станция,
avtovo,*,рабочий,11,3,0.229212,80,станция,
avtovo,*,рабочий,12,0,0.237327,80,станция,
avtovo,*,рабочий,12,1,0.237477,80,станция,
avtovo,*,рабочий,12,2,0.25655,80,станция,
avtovo,*,рабочий,12,3,0.268646,80,станция,
avtovo,*,рабочий,13,0,0.255016,80,станция,
avtovo,*,рабочий,13,1,0.250039,80,станция,
avtovo,*,рабочий,13,2,0.255522,80,станция,
avtovo,*,рабочий,13,3,0.239422,80,станция,
avtovo,*,рабочий,14,0,0.26621,80,станция,
avtovo,*,рабочий,14,1,0.254781,80,станция,
avtovo,*,рабочий,14,2,0.24195,80,станция,
avtovo,*,рабочий,14,3,0.237058,80,станция,
avtovo,*,рабочий,15,0,0.262288,80,станция,
avtovo,*,рабочий,15,1,0.243582,80,станция,
avtovo,*,рабочий,15,2,0.230458,80,станция,
avtovo,*,рабочий,15,3,0.263672,80,станция,
avtovo,*,рабочий,16,0,0.225535,80,станция,
avtovo,*,рабочий,16,1,0.24599,80,станция,
avtovo,*,рабочий,16,2,0.256101,80,станция,
avtovo,*,рабочий,16,3,0.272374,80,станция,
avtovo,*,рабочий,17,0,0.234015,80,станция,
avtovo,*,рабочий,17,1,0.279583,80,станция,
avtovo,*,рабочий,17,2,0.246998,80,станция,
avtovo,*,рабочий,17,3,0.239404,80,станция,
avtovo,*,рабочий,18,0,0.282169,80,станция,
avtovo,*,рабочий,18,1,0.28618,80,станция,
avtovo,*,рабочий,18,2,0.227358,80,станция,
avtovo,*,рабочий,18,3,0.204292,80,станция,
avtovo,*,рабочий,19,0,0.279937,80,станция,
avtovo,*,рабочий,19,1,0.278986,80,станция,
avtovo,*,рабочий,19,2,0.234572,80,станция,
avtovo,*,рабочий,19,3,0.206505,80,станция,
avtovo,*,рабочий,20,0,0.285128,80,станция,
avtovo,*,рабочий,20,1,0.284645,80,станция,
avtovo,*,рабочий,20,2,0.228921,80,станция,
avtovo,*,рабочий,20,3,0.201306,80,станция,
avtovo,*,рабочий,21,0,0.31342,80,станция,
avtovo,*,рабочий,21,1,0.288568,80,станция,
avtovo,*,рабочий,21,2,0.21725,80,станция,
avtovo,*,рабочий,21,3,0.180762,80,станция,
avtovo,*,рабочий,22,0,0.28189,80,станция,
avtovo,*,рабочий,22,1,0.280099,80,станция,
avtovo,*,рабочий,22,2,0.245628,80,станция,
avtovo,*,рабочий,22,3,0.192382,80,станция,
avtovo,*,рабочий,23,0,0.324843,80,станция,
avtovo,*,рабочий,23,1,0.263072,80,станция,
avtovo,*,рабочий,23,2,0.213189,80,станция,
avtovo,*,рабочий,23,3,0.198896,80,станция,
avtovo,*,рабочий,0,0,0.444828,80,станция,
avtovo,*,рабочий,0,1,0.321839,80,станция,
avtovo,*,рабочий,0,2,0.144061,80,станция,
avtovo,*,рабочий,0,3,0.089272,80,станция,
avtovo,*,суббота,5,0,0.009284,16,станция,
avtovo,*,суббота,5,1,0.060124,16,станция,
avtovo,*,суббота,5,2,0.495579,16,станция,
avtovo,*,суббота,5,3,0.435013,16,станция,
avtovo,*,суббота,6,0,0.155428,16,станция,
avtovo,*,суббота,6,1,0.228478,16,станция,
avtovo,*,суббота,6,2,0.280962,16,станция,
avtovo,*,суббота,6,3,0.335131,16,станция,
avtovo,*,суббота,7,0,0.223258,16,станция,
avtovo,*,суббота,7,1,0.213939,16,станция,
avtovo,*,суббота,7,2,0.251213,16,станция,
avtovo,*,суббота,7,3,0.31159,16,станция,
avtovo,*,суббота,8,0,0.261439,16,станция,
avtovo,*,суббота,8,1,0.252996,16,станция,
avtovo,*,суббота,8,2,0.248445,16,станция,
avtovo,*,суббота,8,3,0.23712,16,станция,
avtovo,*,суббота,9,0,0.261414,16,станция,
avtovo,*,суббота,9,1,0.27133,16,станция,
avtovo,*,суббота,9,2,0.23677,16,станция,
avtovo,*,суббота,9,3,0.230486,16,станция,
avtovo,*,суббота,10,0,0.247748,16,станция,
avtovo,*,суббота,10,1,0.277151,16,станция,
avtovo,*,суббота,10,2,0.227898,16,станция,
avtovo,*,суббота,10,3,0.247203,16,станция,
avtovo,*,суббота,11,0,0.245089,16,станция,
avtovo,*,суббота,11,1,0.267194,16,станция,
avtovo,*,суббота,11,2,0.250205,16,станция,
avtovo,*,суббота,11,3,0.237511,16,станция,
avtovo,*,суббота,12,0,0.249919,16,станция,
avtovo,*,суббота,12,1,0.250104,16,станция,
avtovo,*,суббота,12,2,0.250518,16,станция,
avtovo,*,суббота,12,3,0.249459,16,станция,
avtovo,*,суббота,13,0,0.25431,16,станция,
avtovo,*,суббота,13,1,0.244915,16,станция,
avtovo,*,суббота,13,2,0.257843,16,станция,
avtovo,*,суббота,13,3,0.242932,16,станция,
avtovo,*,суббота,14,0,0.24438,16,станция,
avtovo,*,суббота,14,1,0.262022,16,станция,
avtovo,*,суббота,14,2,0.248662,16,станция,
avtovo,*,суббота,14,3,0.244936,16,станция,
avtovo,*,суббота,15,0,0.270878,16,станция,
avtovo,*,суббота,15,1,0.251052,16,станция,
avtovo,*,суббота,15,2,0.231659,16,станция,
avtovo,*,суббота,15,3,0.24641,16,станция,
avtovo,*,суббота,16,0,0.254182,16,станция,
avtovo,*,суббота,16,1,0.258682,16,станция,
avtovo,*,суббота,16,2,0.259955,16,станция,
avtovo,*,суббота,16,3,0.227182,16,станция,
avtovo,*,суббота,17,0,0.260084,16,станция,
avtovo,*,суббота,17,1,0.252966,16,станция,
avtovo,*,суббота,17,2,0.23942,16,станция,
avtovo,*,суббота,17,3,0.24753,16,станция,
avtovo,*,суббота,18,0,0.254474,16,станция,
avtovo,*,суббота,18,1,0.265854,16,станция,
avtovo,*,суббота,18,2,0.255183,16,станция,
avtovo,*,суббота,18,3,0.224489,16,станция,
avtovo,*,суббота,19,0,0.279495,16,станция,
avtovo,*,суббота,19,1,0.247283,16,станция,
avtovo,*,суббота,19,2,0.240637,16,станция,
avtovo,*,суббота,19,3,0.232584,16,станция,
avtovo,*,суббота,20,0,0.296755,16,станция,
avtovo,*,суббота,20,1,0.271437,16,станция,
avtovo,*,суббота,20,2,0.229063,16,станция,
avtovo,*,суббота,20,3,0.202745,16,станция,
avtovo,*,суббота,21,0,0.321061,16,станция,
avtovo,*,суббота,21,1,0.285728,16,станция,
avtovo,*,суббота,21,2,0.214412,16,станция,
avtovo,*,суббота,21,3,0.1788,16,станция,
avtovo,*,суббота,22,0,0.277945,16,станция,
avtovo,*,суббота,22,1,0.264536,16,станция,
avtovo,*,суббота,22,2,0.2401,16,станция,
avtovo,*,суббота,22,3,0.217419,16,станция,
avtovo,*,суббота,23,0,0.311276,16,станция,
avtovo,*,суббота,23,1,0.271697,16,станция,
avtovo,*,суббота,23,2,0.226964,16,станция,
avtovo,*,суббота,23,3,0.190064,16,станция,
avtovo,*,суббота,0,0,0.647668,16,станция,
avtovo,*,суббота,0,1,0.142487,16,станция,
avtovo,*,суббота,0,2,0.101036,16,станция,
avtovo,*,суббота,0,3,0.108808,16,станция,
avtovo,*,воскресенье,5,0,0.010545,17,станция,
avtovo,*,воскресенье,5,1,0.037493,17,станция,
avtovo,*,воскресенье,5,2,0.503222,17,станция,
avtovo,*,воскресенье,5,3,0.44874,17,станция,
avtovo,*,воскресенье,6,0,0.15643,17,станция,
avtovo,*,воскресенье,6,1,0.24525,17,станция,
avtovo,*,воскресенье,6,2,0.278539,17,станция,
avtovo,*,воскресенье,6,3,0.319782,17,станция,
avtovo,*,воскресенье,7,0,0.248193,17,станция,
avtovo,*,воскресенье,7,1,0.221965,17,станция,
avtovo,*,воскресенье,7,2,0.250139,17,станция,
avtovo,*,воскресенье,7,3,0.279703,17,станция,
avtovo,*,воскресенье,8,0,0.242586,17,станция,
avtovo,*,воскресенье,8,1,0.242514,17,станция,
avtovo,*,воскресенье,8,2,0.265045,17,станция,
avtovo,*,воскресенье,8,3,0.249856,17,станция,
avtovo,*,воскресенье,9,0,0.252471,17,станция,
avtovo,*,воскресенье,9,1,0.275142,17,станция,
avtovo,*,воскресенье,9,2,0.240178,17,станция,
avtovo,*,воскресенье,9,3,0.232209,17,станция,
avtovo,*,воскресенье,10,0,0.246591,17,станция,
avtovo,*,воскресенье,10,1,0.266455,17,станция,
avtovo,*,воскресенье,10,2,0.22902,17,станция,
avtovo,*,воскресенье,10,3,0.257934,17,станция,
avtovo,*,воскресенье,11,0,0.231178,17,станция,
avtovo,*,воскресенье,11,1,0.274109,17,станция,
avtovo,*,воскресенье,11,2,0.256309,17,станция,
avtovo,*,воскресенье,11,3,0.238404,17,станция,
avtovo,*,воскресенье,12,0,0.248433,17,станция,
avtovo,*,воскресенье,12,1,0.245859,17,станция,
avtovo,*,воскресенье,12,2,0.241244,17,станция,
avtovo,*,воскресенье,12,3,0.264464,17,станция,
avtovo,*,воскресенье,13,0,0.238773,17,станция,
avtovo,*,воскресенье,13,1,0.253387,17,станция,
avtovo,*,воскресенье,13,2,0.2635,17,станция,
avtovo,*,воскресенье,13,3,0.24434,17,станция,
avtovo,*,воскресенье,14,0,0.262606,17,станция,
avtovo,*,воскресенье,14,1,0.25267,17,станция,
avtovo,*,воскресенье,14,2,0.247866,17,станция,
avtovo,*,воскресенье,14,3,0.236858,17,станция,
avtovo,*,воскресенье,15,0,0.272082,17,станция,
avtovo,*,воскресенье,15,1,0.24442,17,станция,
avtovo,*,воскресенье,15,2,0.243758,17,станция,
avtovo,*,воскресенье,15,3,0.239739,17,станция,
avtovo,*,воскресенье,16,0,0.237285,17,станция,
avtovo,*,воскресенье,16,1,0.26702,17,станция,
avtovo,*,воскресенье,16,2,0.250891,17,станция,
avtovo,*,воскресенье,16,3,0.244805,17,станция,
avtovo,*,воскресенье,17,0,0.257642,17,станция,
avtovo,*,воскресенье,17,1,0.248671,17,станция,
avtovo,*,воскресенье,17,2,0.251092,17,станция,
avtovo,*,воскресенье,17,3,0.242595,17,станция,
avtovo,*,воскресенье,18,0,0.25461,17,станция,
avtovo,*,воскресенье,18,1,0.245086,17,станция,
avtovo,*,воскресенье,18,2,0.257852,17,станция,
avtovo,*,воскресенье,18,3,0.242452,17,станция,
avtovo,*,воскресенье,19,0,0.270727,17,станция,
avtovo,*,воскресенье,19,1,0.266913,17,станция,
avtovo,*,воскресенье,19,2,0.240803,17,станция,
avtovo,*,воскресенье,19,3,0.221557,17,станция,
avtovo,*,воскресенье,20,0,0.265505,17,станция,
avtovo,*,воскресенье,20,1,0.289687,17,станция,
avtovo,*,воскресенье,20,2,0.234922,17,станция,
avtovo,*,воскресенье,20,3,0.209886,17,станция,
avtovo,*,воскресенье,21,0,0.298386,17,станция,
avtovo,*,воскресенье,21,1,0.288155,17,станция,
avtovo,*,воскресенье,21,2,0.227802,17,станция,
avtovo,*,воскресенье,21,3,0.185658,17,станция,
avtovo,*,воскресенье,22,0,0.276618,17,станция,
avtovo,*,воскресенье,22,1,0.275441,17,станция,
avtovo,*,воскресенье,22,2,0.227794,17,станция,
avtovo,*,воскресенье,22,3,0.220147,17,станция,
avtovo,*,воскресенье,23,0,0.35947,17,станция,
avtovo,*,воскресенье,23,1,0.276367,17,станция,
avtovo,*,воскресенье,23,2,0.186361,17,станция,
avtovo,*,воскресенье,23,3,0.177802,17,станция,
avtovo,*,воскресенье,0,0,0.6759,17,станция,
avtovo,*,воскресенье,0,1,0.119114,17,станция,
avtovo,*,воскресенье,0,2,0.110803,17,станция,
avtovo,*,воскресенье,0,3,0.094183,17,станция,
leninsky_prospekt,leninsky_prospekt_1,рабочий,5,0,0.007135,80,вестибюль,
leninsky_prospekt,leninsky_prospekt_1,рабочий,5,1,0.004164,80,вестибюль,
leninsky_prospekt,leninsky_prospekt_1,рабочий,5,2,0.434996,80,вестибюль,
leninsky_prospekt,leninsky_prospekt_1,рабочий,5,3,0.553705,80,вестибюль,
leninsky_prospekt,leninsky_prospekt_1,рабочий,6,0,0.196632,80,вестибюль,
leninsky_prospekt,leninsky_prospekt_1,рабочий,6,1,0.258439,80,вестибюль,
leninsky_prospekt,leninsky_prospekt_1,рабочий,6,2,0.23455,80,вестибюль,
leninsky_prospekt,leninsky_prospekt_1,рабочий,6,3,0.310379,80,вестибюль,
leninsky_prospekt,leninsky_prospekt_1,рабочий,7,0,0.213592,80,вестибюль,
leninsky_prospekt,leninsky_prospekt_1,рабочий,7,1,0.214001,80,вестибюль,
leninsky_prospekt,leninsky_prospekt_1,рабочий,7,2,0.259663,80,вестибюль,
leninsky_prospekt,leninsky_prospekt_1,рабочий,7,3,0.312744,80,вестибюль,
leninsky_prospekt,leninsky_prospekt_1,рабочий,8,0,0.276607,80,вестибюль,
leninsky_prospekt,leninsky_prospekt_1,рабочий,8,1,0.285673,80,вестибюль,
leninsky_prospekt,leninsky_prospekt_1,рабочий,8,2,0.238754,80,вестибюль,
leninsky_prospekt,leninsky_prospekt_1,рабочий,8,3,0.198966,80,вестибюль,
leninsky_prospekt,leninsky_prospekt_1,рабочий,9,0,0.303905,80,вестибюль,
leninsky_prospekt,leninsky_prospekt_1,рабочий,9,1,0.276362,80,вестибюль,
leninsky_prospekt,leninsky_prospekt_1,рабочий,9,2,0.227186,80,вестибюль,
leninsky_prospekt,leninsky_prospekt_1,рабочий,9,3,0.192547,80,вестибюль,
leninsky_prospekt,leninsky_prospekt_1,рабочий,10,0,0.283643,80,вестибюль,
leninsky_prospekt,leninsky_prospekt_1,рабочий,10,1,0.266594,80,вестибюль,
leninsky_prospekt,leninsky_prospekt_1,рабочий,10,2,0.231757,80,вестибюль,
leninsky_prospekt,leninsky_prospekt_1,рабочий,10,3,0.218006,80,вестибюль,
leninsky_prospekt,leninsky_prospekt_1,рабочий,11,0,0.26201,80,вестибюль,
leninsky_prospekt,leninsky_prospekt_1,рабочий,11,1,0.261263,80,вестибюль,
leninsky_prospekt,leninsky_prospekt_1,рабочий,11,2,0.239345,80,вестибюль,
leninsky_prospekt,leninsky_prospekt_1,рабочий,11,3,0.237382,80,вестибюль,
leninsky_prospekt,leninsky_prospekt_1,рабочий,12,0,0.263961,80,вестибюль,
leninsky_prospekt,leninsky_prospekt_1,рабочий,12,1,0.251083,80,вестибюль,
leninsky_prospekt,leninsky_prospekt_1,рабочий,12,2,0.247964,80,вестибюль,
leninsky_prospekt,leninsky_prospekt_1,рабочий,12,3,0.236992,80,вестибюль,
leninsky_prospekt,leninsky_prospekt_1,рабочий,13,0,0.247958,80,вестибюль,
leninsky_prospekt,leninsky_prospekt_1,рабочий,13,1,0.255874,80,вестибюль,
leninsky_prospekt,leninsky_prospekt_1,рабочий,13,2,0.259779,80,вестибюль,
leninsky_prospekt,leninsky_prospekt_1,рабочий,13,3,0.236389,80,вестибюль,
leninsky_prospekt,leninsky_prospekt_1,рабочий,14,0,0.254537,80,вестибюль,
leninsky_prospekt,leninsky_prospekt_1,рабочий,14,1,0.263377,80,вестибюль,
leninsky_prospekt,leninsky_prospekt_1,рабочий,14,2,0.24362,80,вестибюль,
leninsky_prospekt,leninsky_prospekt_1,рабочий,14,3,0.238466,80,вестибюль,
leninsky_prospekt,leninsky_prospekt_1,рабочий,15,0,0.244095,80,вестибюль,
leninsky_prospekt,leninsky_prospekt_1,рабочий,15,1,0.23922,80,вестибюль,
leninsky_prospekt,leninsky_prospekt_1,рабочий,15,2,0.249502,80,вестибюль,
leninsky_prospekt,leninsky_prospekt_1,рабочий,15,3,0.267182,80,вестибюль,
leninsky_prospekt,leninsky_prospekt_1,рабочий,16,0,0.259041,80,вестибюль,
leninsky_prospekt,leninsky_prospekt_1,рабочий,16,1,0.250802,80,вестибюль,
leninsky_prospekt,leninsky_prospekt_1,рабочий,16,2,0.249028,80,вестибюль,
leninsky_prospekt,leninsky_prospekt_1,рабочий,16,3,0.241129,80,вестибюль,
leninsky_prospekt,leninsky_prospekt_1,рабочий,17,0,0.257824,80,вестибюль,
leninsky_prospekt,leninsky_prospekt_1,рабочий,17,1,0.278387,80,вестибюль,
leninsky_prospekt,leninsky_prospekt_1,рабочий,17,2,0.238051,80,вестибюль,
leninsky_prospekt,leninsky_prospekt_1,рабочий,17,3,0.225738,80,вестибюль,
leninsky_prospekt,leninsky_prospekt_1,рабочий,18,0,0.294191,80,вестибюль,
leninsky_prospekt,leninsky_prospekt_1,рабочий,18,1,0.29771,80,вестибюль,
leninsky_prospekt,leninsky_prospekt_1,рабочий,18,2,0.219108,80,вестибюль,
leninsky_prospekt,leninsky_prospekt_1,рабочий,18,3,0.18899,80,вестибюль,
leninsky_prospekt,leninsky_prospekt_1,рабочий,19,0,0.300757,80,вестибюль,
leninsky_prospekt,leninsky_prospekt_1,рабочий,19,1,0.264141,80,вестибюль,
leninsky_prospekt,leninsky_prospekt_1,рабочий,19,2,0.231373,80,вестибюль,
leninsky_prospekt,leninsky_prospekt_1,рабочий,19,3,0.203729,80,вестибюль,
leninsky_prospekt,leninsky_prospekt_1,рабочий,20,0,0.301659,80,вестибюль,
leninsky_prospekt,leninsky_prospekt_1,рабочий,20,1,0.276499,80,вестибюль,
leninsky_prospekt,leninsky_prospekt_1,рабочий,20,2,0.224335,80,вестибюль,
leninsky_prospekt,leninsky_prospekt_1,рабочий,20,3,0.197506,80,вестибюль,
leninsky_prospekt,leninsky_prospekt_1,рабочий,21,0,0.309681,80,вестибюль,
leninsky_prospekt,leninsky_prospekt_1,рабочий,21,1,0.259278,80,вестибюль,
leninsky_prospekt,leninsky_prospekt_1,рабочий,21,2,0.224774,80,вестибюль,
leninsky_prospekt,leninsky_prospekt_1,рабочий,21,3,0.206267,80,вестибюль,
leninsky_prospekt,leninsky_prospekt_1,рабочий,22,0,0.317913,80,вестибюль,
leninsky_prospekt,leninsky_prospekt_1,рабочий,22,1,0.28067,80,вестибюль,
leninsky_prospekt,leninsky_prospekt_1,рабочий,22,2,0.226371,80,вестибюль,
leninsky_prospekt,leninsky_prospekt_1,рабочий,22,3,0.175047,80,вестибюль,
leninsky_prospekt,leninsky_prospekt_1,рабочий,23,0,0.309791,80,вестибюль,
leninsky_prospekt,leninsky_prospekt_1,рабочий,23,1,0.258312,80,вестибюль,
leninsky_prospekt,leninsky_prospekt_1,рабочий,23,2,0.223171,80,вестибюль,
leninsky_prospekt,leninsky_prospekt_1,рабочий,23,3,0.208725,80,вестибюль,
leninsky_prospekt,leninsky_prospekt_1,рабочий,0,0,0.511954,80,вестибюль,
leninsky_prospekt,leninsky_prospekt_1,рабочий,0,1,0.180873,80,вестибюль,
leninsky_prospekt,leninsky_prospekt_1,рабочий,0,2,0.122661,80,вестибюль,
leninsky_prospekt,leninsky_prospekt_1,рабочий,0,3,0.184511,80,вестибюль,
leninsky_prospekt,leninsky_prospekt_1,суббота,5,0,0.01407,16,вестибюль,
leninsky_prospekt,leninsky_prospekt_1,суббота,5,1,0.017845,16,вестибюль,
leninsky_prospekt,leninsky_prospekt_1,суббота,5,2,0.434111,16,вестибюль,
leninsky_prospekt,leninsky_prospekt_1,суббота,5,3,0.533974,16,вестибюль,
leninsky_prospekt,leninsky_prospekt_1,суббота,6,0,0.20686,16,вестибюль,
leninsky_prospekt,leninsky_prospekt_1,суббота,6,1,0.258211,16,вестибюль,
leninsky_prospekt,leninsky_prospekt_1,суббота,6,2,0.250751,16,вестибюль,
leninsky_prospekt,leninsky_prospekt_1,суббота,6,3,0.284178,16,вестибюль,
leninsky_prospekt,leninsky_prospekt_1,суббота,7,0,0.228798,16,вестибюль,
leninsky_prospekt,leninsky_prospekt_1,суббота,7,1,0.222011,16,вестибюль,
leninsky_prospekt,leninsky_prospekt_1,суббота,7,2,0.241865,16,вестибюль,
leninsky_prospekt,leninsky_prospekt_1,суббота,7,3,0.307326,16,вестибюль,
leninsky_prospekt,leninsky_prospekt_1,суббота,8,0,0.260934,16,вестибюль,
leninsky_prospekt,leninsky_prospekt_1,суббота,8,1,0.256719,16,вестибюль,
leninsky_prospekt,leninsky_prospekt_1,суббота,8,2,0.245562,16,вестибюль,
leninsky_prospekt,leninsky_prospekt_1,суббота,8,3,0.236785,16,вестибюль,
leninsky_prospekt,leninsky_prospekt_1,суббота,9,0,0.275115,16,вестибюль,
leninsky_prospekt,leninsky_prospekt_1,суббота,9,1,0.271969,16,вестибюль,
leninsky_prospekt,leninsky_prospekt_1,суббота,9,2,0.239042,16,вестибюль,
leninsky_prospekt,leninsky_prospekt_1,суббота,9,3,0.213874,16,вестибюль,
leninsky_prospekt,leninsky_prospekt_1,суббота,10,0,0.246155,16,вестибюль,
leninsky_prospekt,leninsky_prospekt_1,суббота,10,1,0.257613,16,вестибюль,
leninsky_prospekt,leninsky_prospekt_1,суббота,10,2,0.246104,16,вестибюль,
leninsky_prospekt,leninsky_prospekt_1,суббота,10,3,0.250127,16,вестибюль,
leninsky_prospekt,leninsky_prospekt_1,суббота,11,0,0.245348,16,вестибюль,
leninsky_prospekt,leninsky_prospekt_1,суббота,11,1,0.264477,16,вестибюль,
leninsky_prospekt,leninsky_prospekt_1,суббота,11,2,0.243941,16,вестибюль,
leninsky_prospekt,leninsky_prospekt_1,суббота,11,3,0.246234,16,вестибюль,
leninsky_prospekt,leninsky_prospekt_1,суббота,12,0,0.244145,16,вестибюль,
leninsky_prospekt,leninsky_prospekt_1,суббота,12,1,0.259498,16,вестибюль,
leninsky_prospekt,leninsky_prospekt_1,суббота,12,2,0.244536,16,вестибюль,
leninsky_prospekt,leninsky_prospekt_1,суббота,12,3,0.251821,16,вестибюль,
leninsky_prospekt,leninsky_prospekt_1,суббота,13,0,0.246232,16,вестибюль,
leninsky_prospekt,leninsky_prospekt_1,суббота,13,1,0.248461,16,вестибюль,
leninsky_prospekt,leninsky_prospekt_1,суббота,13,2,0.265714,16,вестибюль,
leninsky_prospekt,leninsky_prospekt_1,суббота,13,3,0.239593,16,вестибюль,
leninsky_prospekt,leninsky_prospekt_1,суббота,14,0,0.250527,16,вестибюль,
leninsky_prospekt,leninsky_prospekt_1,суббота,14,1,0.263798,16,вестибюль,
leninsky_prospekt,leninsky_prospekt_1,суббота,14,2,0.245017,16,вестибюль,
leninsky_prospekt,leninsky_prospekt_1,суббота,14,3,0.240657,16,вестибюль,
leninsky_prospekt,leninsky_prospekt_1,суббота,15,0,0.250388,16,вестибюль,
leninsky_prospekt,leninsky_prospekt_1,суббота,15,1,0.259959,16,вестибюль,
leninsky_prospekt,leninsky_prospekt_1,суббота,15,2,0.247532,16,вестибюль,
leninsky_prospekt,leninsky_prospekt_1,суббота,15,3,0.242121,16,вестибюль,
leninsky_prospekt,leninsky_prospekt_1,суббота,16,0,0.25166,16,вестибюль,
leninsky_prospekt,leninsky_prospekt_1,суббота,16,1,0.256281,16,вестибюль,
leninsky_prospekt,leninsky_prospekt_1,суббота,16,2,0.251235,16,вестибюль,
leninsky_prospekt,leninsky_prospekt_1,суббота,16,3,0.240824,16,вестибюль,
leninsky_prospekt,leninsky_prospekt_1,суббота,17,0,0.266258,16,вестибюль,
leninsky_prospekt,leninsky_prospekt_1,суббота,17,1,0.259424,16,вестибюль,
leninsky_prospekt,leninsky_prospekt_1,суббота,17,2,0.234528,16,вестибюль,
leninsky_prospekt,leninsky_prospekt_1,суббота,17,3,0.23979,16,вестибюль,
leninsky_prospekt,leninsky_prospekt_1,суббота,18,0,0.283669,16,вестибюль,
leninsky_prospekt,leninsky_prospekt_1,суббота,18,1,0.24929,16,вестибюль,
leninsky_prospekt,leninsky_prospekt_1,суббота,18,2,0.241575,16,вестибюль,
leninsky_prospekt,leninsky_prospekt_1,суббота,18,3,0.225466,16,вестибюль,
leninsky_prospekt,leninsky_prospekt_1,суббота,19,0,0.279877,16,вестибюль,
leninsky_prospekt,leninsky_prospekt_1,суббота,19,1,0.25717,16,вестибюль,
leninsky_prospekt,leninsky_prospekt_1,суббота,19,2,0.236505,16,вестибюль,
leninsky_prospekt,leninsky_prospekt_1,суббота,19,3,0.226448,16,вестибюль,
leninsky_prospekt,leninsky_prospekt_1,суббота,20,0,0.303626,16,вестибюль,
leninsky_prospekt,leninsky_prospekt_1,суббота,20,1,0.26616,16,вестибюль,
leninsky_prospekt,leninsky_prospekt_1,суббота,20,2,0.230641,16,вестибюль,
leninsky_prospekt,leninsky_prospekt_1,суббота,20,3,0.199573,16,вестибюль,
leninsky_prospekt,leninsky_prospekt_1,суббота,21,0,0.308225,16,вестибюль,
leninsky_prospekt,leninsky_prospekt_1,суббота,21,1,0.242053,16,вестибюль,
leninsky_prospekt,leninsky_prospekt_1,суббота,21,2,0.234756,16,вестибюль,
leninsky_prospekt,leninsky_prospekt_1,суббота,21,3,0.214966,16,вестибюль,
leninsky_prospekt,leninsky_prospekt_1,суббота,22,0,0.318786,16,вестибюль,
leninsky_prospekt,leninsky_prospekt_1,суббота,22,1,0.271559,16,вестибюль,
leninsky_prospekt,leninsky_prospekt_1,суббота,22,2,0.230309,16,вестибюль,
leninsky_prospekt,leninsky_prospekt_1,суббота,22,3,0.179345,16,вестибюль,
leninsky_prospekt,leninsky_prospekt_1,суббота,23,0,0.291587,16,вестибюль,
leninsky_prospekt,leninsky_prospekt_1,суббота,23,1,0.262981,16,вестибюль,
leninsky_prospekt,leninsky_prospekt_1,суббота,23,2,0.226683,16,вестибюль,
leninsky_prospekt,leninsky_prospekt_1,суббота,23,3,0.21875,16,вестибюль,
leninsky_prospekt,leninsky_prospekt_1,суббота,0,0,0.692958,16,вестибюль,
leninsky_prospekt,leninsky_prospekt_1,суббота,0,1,0.073239,16,вестибюль,
leninsky_prospekt,leninsky_prospekt_1,суббота,0,2,0.061972,16,вестибюль,
leninsky_prospekt,leninsky_prospekt_1,суббота,0,3,0.171831,16,вестибюль,
leninsky_prospekt,leninsky_prospekt_1,воскресенье,5,0,0.027205,17,вестибюль,
leninsky_prospekt,leninsky_prospekt_1,воскресенье,5,1,0.016417,17,вестибюль,
leninsky_prospekt,leninsky_prospekt_1,воскресенье,5,2,0.426829,17,вестибюль,
leninsky_prospekt,leninsky_prospekt_1,воскресенье,5,3,0.52955,17,вестибюль,
leninsky_prospekt,leninsky_prospekt_1,воскресенье,6,0,0.220492,17,вестибюль,
leninsky_prospekt,leninsky_prospekt_1,воскресенье,6,1,0.253759,17,вестибюль,
leninsky_prospekt,leninsky_prospekt_1,воскресенье,6,2,0.262941,17,вестибюль,
leninsky_prospekt,leninsky_prospekt_1,воскресенье,6,3,0.262808,17,вестибюль,
leninsky_prospekt,leninsky_prospekt_1,воскресенье,7,0,0.251576,17,вестибюль,
leninsky_prospekt,leninsky_prospekt_1,воскресенье,7,1,0.227467,17,вестибюль,
leninsky_prospekt,leninsky_prospekt_1,воскресенье,7,2,0.228116,17,вестибюль,
leninsky_prospekt,leninsky_prospekt_1,воскресенье,7,3,0.292841,17,вестибюль,
leninsky_prospekt,leninsky_prospekt_1,воскресенье,8,0,0.256137,17,вестибюль,
leninsky_prospekt,leninsky_prospekt_1,воскресенье,8,1,0.229702,17,вестибюль,
leninsky_prospekt,leninsky_prospekt_1,воскресенье,8,2,0.256572,17,вестибюль,
leninsky_prospekt,leninsky_prospekt_1,воскресенье,8,3,0.257589,17,вестибюль,
leninsky_prospekt,leninsky_prospekt_1,воскресенье,9,0,0.255446,17,вестибюль,
leninsky_prospekt,leninsky_prospekt_1,воскресенье,9,1,0.270542,17,вестибюль,
leninsky_prospekt,leninsky_prospekt_1,воскресенье,9,2,0.239423,17,вестибюль,
leninsky_prospekt,leninsky_prospekt_1,воскресенье,9,3,0.234589,17,вестибюль,
leninsky_prospekt,leninsky_prospekt_1,воскресенье,10,0,0.240445,17,вестибюль,
leninsky_prospekt,leninsky_prospekt_1,воскресенье,10,1,0.264052,17,вестибюль,
leninsky_prospekt,leninsky_prospekt_1,воскресенье,10,2,0.243005,17,вестибюль,
leninsky_prospekt,leninsky_prospekt_1,воскресенье,10,3,0.252498,17,вестибюль,
leninsky_prospekt,leninsky_prospekt_1,воскресенье,11,0,0.226749,17,вестибюль,
leninsky_prospekt,leninsky_prospekt_1,воскресенье,11,1,0.273575,17,вестибюль,
leninsky_prospekt,leninsky_prospekt_1,воскресенье,11,2,0.254148,17,вестибюль,
leninsky_prospekt,leninsky_prospekt_1,воскресенье,11,3,0.245527,17,вестибюль,
leninsky_prospekt,leninsky_prospekt_1,воскресенье,12,0,0.241701,17,вестибюль,
leninsky_prospekt,leninsky_prospekt_1,воскресенье,12,1,0.262941,17,вестибюль,
leninsky_prospekt,leninsky_prospekt_1,воскресенье,12,2,0.260217,17,вестибюль,
leninsky_prospekt,leninsky_prospekt_1,воскресенье,12,3,0.23514,17,вестибюль,
leninsky_prospekt,leninsky_prospekt_1,воскресенье,13,0,0.24439,17,вестибюль,
leninsky_prospekt,leninsky_prospekt_1,воскресенье,13,1,0.25505,17,вестибюль,
leninsky_prospekt,leninsky_prospekt_1,воскресенье,13,2,0.252598,17,вестибюль,
leninsky_prospekt,leninsky_prospekt_1,воскресенье,13,3,0.247961,17,вестибюль,
leninsky_prospekt,leninsky_prospekt_1,воскресенье,14,0,0.247387,17,вестибюль,
leninsky_prospekt,leninsky_prospekt_1,воскресенье,14,1,0.269704,17,вестибюль,
leninsky_prospekt,leninsky_prospekt_1,воскресенье,14,2,0.24668,17,вестибюль,
leninsky_prospekt,leninsky_prospekt_1,воскресенье,14,3,0.236229,17,вестибюль,
leninsky_prospekt,leninsky_prospekt_1,воскресенье,15,0,0.264716,17,вестибюль,
leninsky_prospekt,leninsky_prospekt_1,воскресенье,15,1,0.252792,17,вестибюль,
leninsky_prospekt,leninsky_prospekt_1,воскресенье,15,2,0.242613,17,вестибюль,
leninsky_prospekt,leninsky_prospekt_1,воскресенье,15,3,0.239879,17,вестибюль,
leninsky_prospekt,leninsky_prospekt_1,воскресенье,16,0,0.251466,17,вестибюль,
leninsky_prospekt,leninsky_prospekt_1,воскресенье,16,1,0.253212,17,вестибюль,
leninsky_prospekt,leninsky_prospekt_1,воскресенье,16,2,0.26001,17,вестибюль,
leninsky_prospekt,leninsky_prospekt_1,воскресенье,16,3,0.235312,17,вестибюль,
leninsky_prospekt,leninsky_prospekt_1,воскресенье,17,0,0.256584,17,вестибюль,
leninsky_prospekt,leninsky_prospekt_1,воскресенье,17,1,0.2476,17,вестибюль,
leninsky_prospekt,leninsky_prospekt_1,воскресенье,17,2,0.249569,17,вестибюль,
leninsky_prospekt,leninsky_prospekt_1,воскресенье,17,3,0.246247,17,вестибюль,
leninsky_prospekt,leninsky_prospekt_1,воскресенье,18,0,0.280724,17,вестибюль,
leninsky_prospekt,leninsky_prospekt_1,воскресенье,18,1,0.251447,17,вестибюль,
leninsky_prospekt,leninsky_prospekt_1,воскресенье,18,2,0.235174,17,вестибюль,
leninsky_prospekt,leninsky_prospekt_1,воскресенье,18,3,0.232655,17,вестибюль,
leninsky_prospekt,leninsky_prospekt_1,воскресенье,19,0,0.271426,17,вестибюль,
leninsky_prospekt,leninsky_prospekt_1,воскресенье,19,1,0.273686,17,вестибюль,
leninsky_prospekt,leninsky_prospekt_1,воскресенье,19,2,0.239873,17,вестибюль,
leninsky_prospekt,leninsky_prospekt_1,воскресенье,19,3,0.215015,17,вестибюль,
leninsky_prospekt,leninsky_prospekt_1,воскресенье,20,0,0.292396,17,вестибюль,
leninsky_prospekt,leninsky_prospekt_1,воскресенье,20,1,0.265669,17,вестибюль,
leninsky_prospekt,leninsky_prospekt_1,воскресенье,20,2,0.230002,17,вестибюль,
leninsky_prospekt,leninsky_prospekt_1,воскресенье,20,3,0.211933,17,вестибюль,
leninsky_prospekt,leninsky_prospekt_1,воскресенье,21,0,0.304708,17,вестибюль,
leninsky_prospekt,leninsky_prospekt_1,воскресенье,21,1,0.257889,17,вестибюль,
leninsky_prospekt,leninsky_prospekt_1,воскресенье,21,2,0.234221,17,вестибюль,
leninsky_prospekt,leninsky_prospekt_1,воскресенье,21,3,0.203182,17,вестибюль,
leninsky_prospekt,leninsky_prospekt_1,воскресенье,22,0,0.319738,17,вестибюль,
leninsky_prospekt,leninsky_prospekt_1,воскресенье,22,1,0.280158,17,вестибюль,
leninsky_prospekt,leninsky_prospekt_1,воскресенье,22,2,0.228704,17,вестибюль,
leninsky_prospekt,leninsky_prospekt_1,воскресенье,22,3,0.171399,17,вестибюль,
leninsky_prospekt,leninsky_prospekt_1,воскресенье,23,0,0.298469,17,вестибюль,
leninsky_prospekt,leninsky_prospekt_1,воскресенье,23,1,0.2928,17,вестибюль,
leninsky_prospekt,leninsky_prospekt_1,воскресенье,23,2,0.210317,17,вестибюль,
leninsky_prospekt,leninsky_prospekt_1,воскресенье,23,3,0.198413,17,вестибюль,
leninsky_prospekt,leninsky_prospekt_1,воскресенье,0,0,0.55291,17,вестибюль,
leninsky_prospekt,leninsky_prospekt_1,воскресенье,0,1,0.113757,17,вестибюль,
leninsky_prospekt,leninsky_prospekt_1,воскресенье,0,2,0.145503,17,вестибюль,
leninsky_prospekt,leninsky_prospekt_1,воскресенье,0,3,0.187831,17,вестибюль,
leninsky_prospekt,leninsky_prospekt_2,рабочий,6,0,0.004143,80,вестибюль,
leninsky_prospekt,leninsky_prospekt_2,рабочий,6,1,0.113643,80,вестибюль,
leninsky_prospekt,leninsky_prospekt_2,рабочий,6,2,0.419482,80,вестибюль,
leninsky_prospekt,leninsky_prospekt_2,рабочий,6,3,0.462732,80,вестибюль,
leninsky_prospekt,leninsky_prospekt_2,рабочий,7,0,0.203272,80,вестибюль,
leninsky_prospekt,leninsky_prospekt_2,рабочий,7,1,0.233863,80,вестибюль,
leninsky_prospekt,leninsky_prospekt_2,рабочий,7,2,0.251615,80,вестибюль,
leninsky_prospekt,leninsky_prospekt_2,рабочий,7,3,0.31125,80,вестибюль,
leninsky_prospekt,leninsky_prospekt_2,рабочий,8,0,0.290891,80,вестибюль,
leninsky_prospekt,leninsky_prospekt_2,рабочий,8,1,0.300952,80,вестибюль,
leninsky_prospekt,leninsky_prospekt_2,рабочий,8,2,0.235524,80,вестибюль,
leninsky_prospekt,leninsky_prospekt_2,рабочий,8,3,0.172633,80,вестибюль,
leninsky_prospekt,leninsky_prospekt_2,рабочий,9,0,0.308327,80,вестибюль,
leninsky_prospekt,leninsky_prospekt_2,рабочий,9,1,0.291531,80,вестибюль,
leninsky_prospekt,leninsky_prospekt_2,рабочий,9,2,0.225861,80,вестибюль,
leninsky_prospekt,leninsky_prospekt_2,рабочий,9,3,0.174281,80,вестибюль,
leninsky_prospekt,leninsky_prospekt_2,рабочий,10,0,0.281455,80,вестибюль,
leninsky_prospekt,leninsky_prospekt_2,рабочий,10,1,0.271038,80,вестибюль,
leninsky_prospekt,leninsky_prospekt_2,рабочий,10,2,0.238785,80,вестибюль,
leninsky_prospekt,leninsky_prospekt_2,рабочий,10,3,0.208722,80,вестибюль,
leninsky_prospekt,leninsky_prospekt_2,рабочий,11,0,0.262624,80,вестибюль,
leninsky_prospekt,leninsky_prospekt_2,рабочий,11,1,0.273436,80,вестибюль,
leninsky_prospekt,leninsky_prospekt_2,рабочий,11,2,0.241629,80,вестибюль,
leninsky_prospekt,leninsky_prospekt_2,рабочий,11,3,0.222311,80,вестибюль,
leninsky_prospekt,leninsky_prospekt_2,рабочий,12,0,0.269048,80,вестибюль,
leninsky_prospekt,leninsky_prospekt_2,рабочий,12,1,0.255586,80,вестибюль,
leninsky_prospekt,leninsky_prospekt_2,рабочий,12,2,0.240375,80,вестибюль,
leninsky_prospekt,leninsky_prospekt_2,рабочий,12,3,0.234991,80,вестибюль,
leninsky_prospekt,leninsky_prospekt_2,рабочий,13,0,0.256647,80,вестибюль,
leninsky_prospekt,leninsky_prospekt_2,рабочий,13,1,0.269028,80,вестибюль,
leninsky_prospekt,leninsky_prospekt_2,рабочий,13,2,0.242154,80,вестибюль,
leninsky_prospekt,leninsky_prospekt_2,рабочий,13,3,0.232172,80,вестибюль,
leninsky_prospekt,leninsky_prospekt_2,рабочий,14,0,0.256327,80,вестибюль,
leninsky_prospekt,leninsky_prospekt_2,рабочий,14,1,0.277628,80,вестибюль,
leninsky_prospekt,leninsky_prospekt_2,рабочий,14,2,0.235848,80,вестибюль,
leninsky_prospekt,leninsky_prospekt_2,рабочий,14,3,0.230197,80,вестибюль,
leninsky_prospekt,leninsky_prospekt_2,рабочий,15,0,0.263924,80,вестибюль,
leninsky_prospekt,leninsky_prospekt_2,рабочий,15,1,0.24741,80,вестибюль,
leninsky_prospekt,leninsky_prospekt_2,рабочий,15,2,0.240304,80,вестибюль,
leninsky_prospekt,leninsky_prospekt_2,рабочий,15,3,0.248361,80,вестибюль,
leninsky_prospekt,leninsky_prospekt_2,рабочий,16,0,0.247204,80,вестибюль,
leninsky_prospekt,leninsky_prospekt_2,рабочий,16,1,0.269028,80,вестибюль,
leninsky_prospekt,leninsky_prospekt_2,рабочий,16,2,0.244002,80,вестибюль,
leninsky_prospekt,leninsky_prospekt_2,рабочий,16,3,0.239766,80,вестибюль,
leninsky_prospekt,leninsky_prospekt_2,рабочий,17,0,0.221985,80,вестибюль,
leninsky_prospekt,leninsky_prospekt_2,рабочий,17,1,0.257221,80,вестибюль,
leninsky_prospekt,leninsky_prospekt_2,рабочий,17,2,0.262998,80,вестибюль,
leninsky_prospekt,leninsky_prospekt_2,рабочий,17,3,0.257795,80,вестибюль,
leninsky_prospekt,leninsky_prospekt_2,рабочий,18,0,0.284329,80,вестибюль,
leninsky_prospekt,leninsky_prospekt_2,рабочий,18,1,0.283375,80,вестибюль,
leninsky_prospekt,leninsky_prospekt_2,рабочий,18,2,0.22523,80,вестибюль,
leninsky_prospekt,leninsky_prospekt_2,рабочий,18,3,0.207066,80,вестибюль,
leninsky_prospekt,leninsky_prospekt_2,рабочий,19,0,0.295484,80,вестибюль,
leninsky_prospekt,leninsky_prospekt_2,рабочий,19,1,0.275589,80,вестибюль,
leninsky_prospekt,leninsky_prospekt_2,рабочий,19,2,0.228678,80,вестибюль,
leninsky_prospekt,leninsky_prospekt_2,рабочий,19,3,0.200249,80,вестибюль,
leninsky_prospekt,leninsky_prospekt_2,рабочий,20,0,0.305549,80,вестибюль,
leninsky_prospekt,leninsky_prospekt_2,рабочий,20,1,0.270272,80,вестибюль,
leninsky_prospekt,leninsky_prospekt_2,рабочий,20,2,0.226801,80,вестибюль,
leninsky_prospekt,leninsky_prospekt_2,рабочий,20,3,0.197378,80,вестибюль,
leninsky_prospekt,leninsky_prospekt_2,рабочий,21,0,0.3421,80,вестибюль,
leninsky_prospekt,leninsky_prospekt_2,рабочий,21,1,0.25,80,вестибюль,
leninsky_prospekt,leninsky_prospekt_2,рабочий,21,2,0.20997,80,вестибюль,
leninsky_prospekt,leninsky_prospekt_2,рабочий,21,3,0.19793,80,вестибюль,
leninsky_prospekt,leninsky_prospekt_2,суббота,6,0,0.009621,16,вестибюль,
leninsky_prospekt,leninsky_prospekt_2,суббота,6,1,0.129343,16,вестибюль,
leninsky_prospekt,leninsky_prospekt_2,суббота,6,2,0.424906,16,вестибюль,
leninsky_prospekt,leninsky_prospekt_2,суббота,6,3,0.43613,16,вестибюль,
leninsky_prospekt,leninsky_prospekt_2,суббота,7,0,0.254418,16,вестибюль,
leninsky_prospekt,leninsky_prospekt_2,суббота,7,1,0.246187,16,вестибюль,
leninsky_prospekt,leninsky_prospekt_2,суббота,7,2,0.238683,16,вестибюль,
leninsky_prospekt,leninsky_prospekt_2,суббота,7,3,0.260712,16,вестибюль,
leninsky_prospekt,leninsky_prospekt_2,суббота,8,0,0.246672,16,вестибюль,
leninsky_prospekt,leninsky_prospekt_2,суббота,8,1,0.305991,16,вестибюль,
leninsky_prospekt,leninsky_prospekt_2,суббота,8,2,0.241778,16,вестибюль,
leninsky_prospekt,leninsky_prospekt_2,суббота,8,3,0.20556,16,вестибюль,
leninsky_prospekt,leninsky_prospekt_2,суббота,9,0,0.271761,16,вестибюль,
leninsky_prospekt,leninsky_prospekt_2,суббота,9,1,0.269594,16,вестибюль,
leninsky_prospekt,leninsky_prospekt_2,суббота,9,2,0.256203,16,вестибюль,
leninsky_prospekt,leninsky_prospekt_2,суббота,9,3,0.202442,16,вестибюль,
leninsky_prospekt,leninsky_prospekt_2,суббота,10,0,0.257166,16,вестибюль,
leninsky_prospekt,leninsky_prospekt_2,суббота,10,1,0.283976,16,вестибюль,
leninsky_prospekt,leninsky_prospekt_2,суббота,10,2,0.230769,16,вестибюль,
leninsky_prospekt,leninsky_prospekt_2,суббота,10,3,0.228088,16,вестибюль,
leninsky_prospekt,leninsky_prospekt_2,суббота,11,0,0.253607,16,вестибюль,
leninsky_prospekt,leninsky_prospekt_2,суббота,11,1,0.245871,16,вестибюль,
leninsky_prospekt,leninsky_prospekt_2,суббота,11,2,0.260297,16,вестибюль,
leninsky_prospekt,leninsky_prospekt_2,суббота,11,3,0.240226,16,вестибюль,
leninsky_prospekt,leninsky_prospekt_2,суббота,12,0,0.256762,16,вестибюль,
leninsky_prospekt,leninsky_prospekt_2,суббота,12,1,0.241393,16,вестибюль,
leninsky_prospekt,leninsky_prospekt_2,суббота,12,2,0.265369,16,вестибюль,
leninsky_prospekt,leninsky_prospekt_2,суббота,12,3,0.236475,16,вестибюль,
leninsky_prospekt,leninsky_prospekt_2,суббота,13,0,0.252922,16,вестибюль,
leninsky_prospekt,leninsky_prospekt_2,суббота,13,1,0.263762,16,вестибюль,
leninsky_prospekt,leninsky_prospekt_2,суббота,13,2,0.251647,16,вестибюль,
leninsky_prospekt,leninsky_prospekt_2,суббота,13,3,0.231668,16,вестибюль,
leninsky_prospekt,leninsky_prospekt_2,суббота,14,0,0.256953,16,вестибюль,
leninsky_prospekt,leninsky_prospekt_2,суббота,14,1,0.284764,16,вестибюль,
leninsky_prospekt,leninsky_prospekt_2,суббота,14,2,0.229343,16,вестибюль,
leninsky_prospekt,leninsky_prospekt_2,суббота,14,3,0.22894,16,вестибюль,
leninsky_prospekt,leninsky_prospekt_2,суббота,15,0,0.258127,16,вестибюль,
leninsky_prospekt,leninsky_prospekt_2,суббота,15,1,0.255774,16,вестибюль,
leninsky_prospekt,leninsky_prospekt_2,суббота,15,2,0.244012,16,вестибюль,
leninsky_prospekt,leninsky_prospekt_2,суббота,15,3,0.242087,16,вестибюль,
leninsky_prospekt,leninsky_prospekt_2,суббота,16,0,0.262359,16,вестибюль,
leninsky_prospekt,leninsky_prospekt_2,суббота,16,1,0.269027,16,вестибюль,
leninsky_prospekt,leninsky_prospekt_2,суббота,16,2,0.239595,16,вестибюль,
leninsky_prospekt,leninsky_prospekt_2,суббота,16,3,0.229018,16,вестибюль,
leninsky_prospekt,leninsky_prospekt_2,суббота,17,0,0.251027,16,вестибюль,
leninsky_prospekt,leninsky_prospekt_2,суббота,17,1,0.257792,16,вестибюль,
leninsky_prospekt,leninsky_prospekt_2,суббота,17,2,0.241121,16,вестибюль,
leninsky_prospekt,leninsky_prospekt_2,суббота,17,3,0.25006,16,вестибюль,
leninsky_prospekt,leninsky_prospekt_2,суббота,18,0,0.254949,16,вестибюль,
leninsky_prospekt,leninsky_prospekt_2,суббота,18,1,0.271803,16,вестибюль,
leninsky_prospekt,leninsky_prospekt_2,суббота,18,2,0.235152,16,вестибюль,
leninsky_prospekt,leninsky_prospekt_2,суббота,18,3,0.238095,16,вестибюль,
leninsky_prospekt,leninsky_prospekt_2,суббота,19,0,0.227731,16,вестибюль,
leninsky_prospekt,leninsky_prospekt_2,суббота,19,1,0.237815,16,вестибюль,
leninsky_prospekt,leninsky_prospekt_2,суббота,19,2,0.312045,16,вестибюль,
leninsky_prospekt,leninsky_prospekt_2,суббота,19,3,0.222409,16,вестибюль,
leninsky_prospekt,leninsky_prospekt_2,суббота,20,0,0.298362,16,вестибюль,
leninsky_prospekt,leninsky_prospekt_2,суббота,20,1,0.243471,16,вестибюль,
leninsky_prospekt,leninsky_prospekt_2,суббота,20,2,0.231961,16,вестибюль,
leninsky_prospekt,leninsky_prospekt_2,суббота,20,3,0.226206,16,вестибюль,
leninsky_prospekt,leninsky_prospekt_2,суббота,21,0,0.289502,16,вестибюль,
leninsky_prospekt,leninsky_prospekt_2,суббота,21,1,0.232684,16,вестибюль,
leninsky_prospekt,leninsky_prospekt_2,суббота,21,2,0.239177,16,вестибюль,
leninsky_prospekt,leninsky_prospekt_2,суббота,21,3,0.238636,16,вестибюль,
leninsky_prospekt,leninsky_prospekt_2,воскресенье,6,0,0.018546,17,вестибюль,
leninsky_prospekt,leninsky_prospekt_2,воскресенье,6,1,0.091246,17,вестибюль,
leninsky_prospekt,leninsky_prospekt_2,воскресенье,6,2,0.459199,17,вестибюль,
leninsky_prospekt,leninsky_prospekt_2,воскресенье,6,3,0.431009,17,вестибюль,
leninsky_prospekt,leninsky_prospekt_2,воскресенье,7,0,0.266476,17,вестибюль,
leninsky_prospekt,leninsky_prospekt_2,воскресенье,7,1,0.251433,17,вестибюль,
leninsky_prospekt,leninsky_prospekt_2,воскресенье,7,2,0.240688,17,вестибюль,
leninsky_prospekt,leninsky_prospekt_2,воскресенье,7,3,0.241404,17,вестибюль,
leninsky_prospekt,leninsky_prospekt_2,воскресенье,8,0,0.255252,17,вестибюль,
leninsky_prospekt,leninsky_prospekt_2,воскресенье,8,1,0.270483,17,вестибюль,
leninsky_prospekt,leninsky_prospekt_2,воскресенье,8,2,0.236082,17,вестибюль,
leninsky_prospekt,leninsky_prospekt_2,воскресенье,8,3,0.238183,17,вестибюль,
leninsky_prospekt,leninsky_prospekt_2,воскресенье,9,0,0.265588,17,вестибюль,
leninsky_prospekt,leninsky_prospekt_2,воскресенье,9,1,0.26654,17,вестибюль,
leninsky_prospekt,leninsky_prospekt_2,воскресенье,9,2,0.25821,17,вестибюль,
leninsky_prospekt,leninsky_prospekt_2,воскресенье,9,3,0.209662,17,вестибюль,
leninsky_prospekt,leninsky_prospekt_2,воскресенье,10,0,0.2476,17,вестибюль,
leninsky_prospekt,leninsky_prospekt_2,воскресенье,10,1,0.259879,17,вестибюль,
leninsky_prospekt,leninsky_prospekt_2,воскресенье,10,2,0.247153,17,вестибюль,
leninsky_prospekt,leninsky_prospekt_2,воскресенье,10,3,0.245367,17,вестибюль,
leninsky_prospekt,leninsky_prospekt_2,воскресенье,11,0,0.246646,17,вестибюль,
leninsky_prospekt,leninsky_prospekt_2,воскресенье,11,1,0.276386,17,вестибюль,
leninsky_prospekt,leninsky_prospekt_2,воскресенье,11,2,0.245975,17,вестибюль,
leninsky_prospekt,leninsky_prospekt_2,воскресенье,11,3,0.230993,17,вестибюль,
leninsky_prospekt,leninsky_prospekt_2,воскресенье,12,0,0.268056,17,вестибюль,
leninsky_prospekt,leninsky_prospekt_2,воскресенье,12,1,0.252895,17,вестибюль,
leninsky_prospekt,leninsky_prospekt_2,воскресенье,12,2,0.24721,17,вестибюль,
leninsky_prospekt,leninsky_prospekt_2,воскресенье,12,3,0.231838,17,вестибюль,
leninsky_prospekt,leninsky_prospekt_2,воскресенье,13,0,0.231495,17,вестибюль,
leninsky_prospekt,leninsky_prospekt_2,воскресенье,13,1,0.272474,17,вестибюль,
leninsky_prospekt,leninsky_prospekt_2,воскресенье,13,2,0.269256,17,вестибюль,
leninsky_prospekt,leninsky_prospekt_2,воскресенье,13,3,0.226775,17,вестибюль,
leninsky_prospekt,leninsky_prospekt_2,воскресенье,14,0,0.276207,17,вестибюль,
leninsky_prospekt,leninsky_prospekt_2,воскресенье,14,1,0.271311,17,вестибюль,
leninsky_prospekt,leninsky_prospekt_2,воскресенье,14,2,0.228133,17,вестибюль,
leninsky_prospekt,leninsky_prospekt_2,воскресенье,14,3,0.224349,17,вестибюль,
leninsky_prospekt,leninsky_prospekt_2,воскресенье,15,0,0.267478,17,вестибюль,
leninsky_prospekt,leninsky_prospekt_2,воскресенье,15,1,0.256741,17,вестибюль,
leninsky_prospekt,leninsky_prospekt_2,воскресенье,15,2,0.235027,17,вестибюль,
leninsky_prospekt,leninsky_prospekt_2,воскресенье,15,3,0.240754,17,вестибюль,
leninsky_prospekt,leninsky_prospekt_2,воскресенье,16,0,0.245699,17,вестибюль,
leninsky_prospekt,leninsky_prospekt_2,воскресенье,16,1,0.274049,17,вестибюль,
leninsky_prospekt,leninsky_prospekt_2,воскресенье,16,2,0.242549,17,вестибюль,
leninsky_prospekt,leninsky_prospekt_2,воскресенье,16,3,0.237703,17,вестибюль,
leninsky_prospekt,leninsky_prospekt_2,воскресенье,17,0,0.269409,17,вестибюль,
leninsky_prospekt,leninsky_prospekt_2,воскресенье,17,1,0.265039,17,вестибюль,
leninsky_prospekt,leninsky_prospekt_2,воскресенье,17,2,0.225193,17,вестибюль,
leninsky_prospekt,leninsky_prospekt_2,воскресенье,17,3,0.24036,17,вестибюль,
leninsky_prospekt,leninsky_prospekt_2,воскресенье,18,0,0.260771,17,вестибюль,
leninsky_prospekt,leninsky_prospekt_2,воскресенье,18,1,0.26729,17,вестибюль,
leninsky_prospekt,leninsky_prospekt_2,воскресенье,18,2,0.239229,17,вестибюль,
leninsky_prospekt,leninsky_prospekt_2,воскресенье,18,3,0.23271,17,вестибюль,
leninsky_prospekt,leninsky_prospekt_2,воскресенье,19,0,0.260885,17,вестибюль,
leninsky_prospekt,leninsky_prospekt_2,воскресенье,19,1,0.270442,17,вестибюль,
leninsky_prospekt,leninsky_prospekt_2,воскресенье,19,2,0.251327,17,вестибюль,
leninsky_prospekt,leninsky_prospekt_2,воскресенье,19,3,0.217345,17,вестибюль,
leninsky_prospekt,leninsky_prospekt_2,воскресенье,20,0,0.301691,17,вестибюль,
leninsky_prospekt,leninsky_prospekt_2,воскресенье,20,1,0.274382,17,вестибюль,
leninsky_prospekt,leninsky_prospekt_2,воскресенье,20,2,0.221066,17,вестибюль,
leninsky_prospekt,leninsky_prospekt_2,воскресенье,20,3,0.202861,17,вестибюль,
leninsky_prospekt,leninsky_prospekt_2,воскресенье,21,0,0.319575,17,вестибюль,
leninsky_prospekt,leninsky_prospekt_2,воскресенье,21,1,0.239387,17,вестибюль,
leninsky_prospekt,leninsky_prospekt_2,воскресенье,21,2,0.23467,17,вестибюль,
leninsky_prospekt,leninsky_prospekt_2,воскресенье,21,3,0.206368,17,вестибюль,
leninsky_prospekt,*,рабочий,5,0,0.007135,80,станция,
leninsky_prospekt,*,рабочий,5,1,0.004164,80,станция,
leninsky_prospekt,*,рабочий,5,2,0.434996,80,станция,
leninsky_prospekt,*,рабочий,5,3,0.553705,80,станция,
leninsky_prospekt,*,рабочий,6,0,0.164596,80,станция,
leninsky_prospekt,*,рабочий,6,1,0.23434,80,станция,
leninsky_prospekt,*,рабочий,6,2,0.265329,80,станция,
leninsky_prospekt,*,рабочий,6,3,0.335735,80,станция,
leninsky_prospekt,*,рабочий,7,0,0.211158,80,станция,
leninsky_prospekt,*,рабочий,7,1,0.218685,80,станция,
leninsky_prospekt,*,рабочий,7,2,0.257765,80,станция,
leninsky_prospekt,*,рабочий,7,3,0.312392,80,станция,
leninsky_prospekt,*,рабочий,8,0,0.279994,80,станция,
leninsky_prospekt,*,рабочий,8,1,0.289296,80,станция,
leninsky_prospekt,*,рабочий,8,2,0.237988,80,станция,
leninsky_prospekt,*,рабочий,8,3,0.192722,80,станция,
leninsky_prospekt,*,рабочий,9,0,0.30482,80,станция,
leninsky_prospekt,*,рабочий,9,1,0.2795,80,станция,
leninsky_prospekt,*,рабочий,9,2,0.226912,80,станция,
leninsky_prospekt,*,рабочий,9,3,0.188768,80,станция,
leninsky_prospekt,*,рабочий,10,0,0.283216,80,станция,
leninsky_prospekt,*,рабочий,10,1,0.267462,80,станция,
leninsky_prospekt,*,рабочий,10,2,0.233131,80,станция,
leninsky_prospekt,*,рабочий,10,3,0.216191,80,станция,
leninsky_prospekt,*,рабочий,11,0,0.262124,80,станция,
leninsky_prospekt,*,рабочий,11,1,0.263527,80,станция,
leninsky_prospekt,*,рабочий,11,2,0.239769,80,станция,
leninsky_prospekt,*,рабочий,11,3,0.23458,80,станция,
leninsky_prospekt,*,рабочий,12,0,0.264871,80,станция,
leninsky_prospekt,*,рабочий,12,1,0.251889,80,станция,
leninsky_prospekt,*,рабочий,12,2,0.246606,80,станция,
leninsky_prospekt,*,рабочий,12,3,0.236634,80,станция,
leninsky_prospekt,*,рабочий,13,0,0.249524,80,станция,
leninsky_prospekt,*,рабочий,13,1,0.258245,80,станция,
leninsky_prospekt,*,рабочий,13,2,0.256601,80,станция,
leninsky_prospekt,*,рабочий,13,3,0.235629,80,станция,
leninsky_prospekt,*,рабочий,14,0,0.254862,80,станция,
leninsky_prospekt,*,рабочий,14,1,0.265964,80,станция,
leninsky_prospekt,*,рабочий,14,2,0.242209,80,станция,
leninsky_prospekt,*,рабочий,14,3,0.236965,80,станция,
leninsky_prospekt,*,рабочий,15,0,0.247458,80,станция,
leninsky_prospekt,*,рабочий,15,1,0.240609,80,станция,
leninsky_prospekt,*,рабочий,15,2,0.247942,80,станция,
leninsky_prospekt,*,рабочий,15,3,0.26399,80,станция,
leninsky_prospekt,*,рабочий,16,0,0.257138,80,станция,
leninsky_prospekt,*,рабочий,16,1,0.253732,80,станция,
leninsky_prospekt,*,рабочий,16,2,0.24822,80,станция,
leninsky_prospekt,*,рабочий,16,3,0.24091,80,станция,
leninsky_prospekt,*,рабочий,17,0,0.252359,80,станция,
leninsky_prospekt,*,рабочий,17,1,0.275159,80,станция,
leninsky_prospekt,*,рабочий,17,2,0.241855,80,станция,
leninsky_prospekt,*,рабочий,17,3,0.230627,80,станция,
leninsky_prospekt,*,рабочий,18,0,0.2926,80,станция,
leninsky_prospekt,*,рабочий,18,1,0.295397,80,станция,
leninsky_prospekt,*,рабочий,18,2,0.220096,80,станция,
leninsky_prospekt,*,рабочий,18,3,0.191908,80,станция,
leninsky_prospekt,*,рабочий,19,0,0.299787,80,станция,
leninsky_prospekt,*,рабочий,19,1,0.266247,80,станция,
leninsky_prospekt,*,рабочий,19,2,0.230877,80,станция,
leninsky_prospekt,*,рабочий,19,3,0.203089,80,станция,
leninsky_prospekt,*,рабочий,20,0,0.302322,80,станция,
leninsky_prospekt,*,рабочий,20,1,0.275438,80,станция,
leninsky_prospekt,*,рабочий,20,2,0.224755,80,станция,
leninsky_prospekt,*,рабочий,20,3,0.197485,80,станция,
leninsky_prospekt,*,рабочий,21,0,0.315761,80,станция,
leninsky_prospekt,*,рабочий,21,1,0.257538,80,станция,
leninsky_prospekt,*,рабочий,21,2,0.221998,80,станция,
leninsky_prospekt,*,рабочий,21,3,0.204703,80,станция,
leninsky_prospekt,*,рабочий,22,0,0.317913,80,станция,
leninsky_prospekt,*,рабочий,22,1,0.28067,80,станция,
leninsky_prospekt,*,рабочий,22,2,0.226371,80,станция,
leninsky_prospekt,*,рабочий,22,3,0.175047,80,станция,
leninsky_prospekt,*,рабочий,23,0,0.309791,80,станция,
leninsky_prospekt,*,рабочий,23,1,0.258312,80,станция,
leninsky_prospekt,*,рабочий,23,2,0.223171,80,станция,
leninsky_prospekt,*,рабочий,23,3,0.208725,80,станция,
leninsky_prospekt,*,рабочий,0,0,0.511954,80,станция,
leninsky_prospekt,*,рабочий,0,1,0.180873,80,станция,
leninsky_prospekt,*,рабочий,0,2,0.122661,80,станция,
leninsky_prospekt,*,рабочий,0,3,0.184511,80,станция,
leninsky_prospekt,*,суббота,5,0,0.01407,16,станция,
leninsky_prospekt,*,суббота,5,1,0.017845,16,станция,
leninsky_prospekt,*,суббота,5,2,0.434111,16,станция,
leninsky_prospekt,*,суббота,5,3,0.533974,16,станция,
leninsky_prospekt,*,суббота,6,0,0.176591,16,станция,
leninsky_prospekt,*,суббота,6,1,0.238435,16,станция,
leninsky_prospekt,*,суббота,6,2,0.277477,16,станция,
leninsky_prospekt,*,суббота,6,3,0.307497,16,станция,
leninsky_prospekt,*,суббота,7,0,0.234117,16,станция,
leninsky_prospekt,*,суббота,7,1,0.227031,16,станция,
leninsky_prospekt,*,суббота,7,2,0.241204,16,станция,
leninsky_prospekt,*,суббота,7,3,0.297648,16,станция,
leninsky_prospekt,*,суббота,8,0,0.258052,16,станция,
leninsky_prospekt,*,суббота,8,1,0.266677,16,станция,
leninsky_prospekt,*,суббота,8,2,0.244797,16,станция,
leninsky_prospekt,*,суббота,8,3,0.230474,16,станция,
leninsky_prospekt,*,суббота,9,0,0.27441,16,станция,
leninsky_prospekt,*,суббота,9,1,0.27147,16,станция,
leninsky_prospekt,*,суббота,9,2,0.24265,16,станция,
leninsky_prospekt,*,суббота,9,3,0.21147,16,станция,
leninsky_prospekt,*,суббота,10,0,0.248336,16,станция,
leninsky_prospekt,*,суббота,10,1,0.262833,16,станция,
leninsky_prospekt,*,суббота,10,2,0.243068,16,станция,
leninsky_prospekt,*,суббота,10,3,0.245763,16,станция,
leninsky_prospekt,*,суббота,11,0,0.246996,16,станция,
leninsky_prospekt,*,суббота,11,1,0.260764,16,станция,
leninsky_prospekt,*,суббота,11,2,0.247205,16,станция,
leninsky_prospekt,*,суббота,11,3,0.245035,16,станция,
leninsky_prospekt,*,суббота,12,0,0.246575,16,станция,
leninsky_prospekt,*,суббота,12,1,0.25601,16,станция,
leninsky_prospekt,*,суббота,12,2,0.248549,16,станция,
leninsky_prospekt,*,суббота,12,3,0.248865,16,станция,
leninsky_prospekt,*,суббота,13,0,0.247474,16,станция,
leninsky_prospekt,*,суббота,13,1,0.251302,16,станция,
leninsky_prospekt,*,суббота,13,2,0.263102,16,станция,
leninsky_prospekt,*,суббота,13,3,0.238122,16,станция,
leninsky_prospekt,*,суббота,14,0,0.251761,16,станция,
leninsky_prospekt,*,суббота,14,1,0.267825,16,станция,
leninsky_prospekt,*,суббота,14,2,0.242007,16,станция,
leninsky_prospekt,*,суббота,14,3,0.238407,16,станция,
leninsky_prospekt,*,суббота,15,0,0.251857,16,станция,
leninsky_prospekt,*,суббота,15,1,0.259165,16,станция,
leninsky_prospekt,*,суббота,15,2,0.246864,16,станция,
leninsky_prospekt,*,суббота,15,3,0.242114,16,станция,
leninsky_prospekt,*,суббота,16,0,0.253668,16,станция,
leninsky_prospekt,*,суббота,16,1,0.258673,16,станция,
leninsky_prospekt,*,суббота,16,2,0.249051,16,станция,
leninsky_prospekt,*,суббота,16,3,0.238609,16,станция,
leninsky_prospekt,*,суббота,17,0,0.263466,16,станция,
leninsky_prospekt,*,суббота,17,1,0.259125,16,станция,
leninsky_prospekt,*,суббота,17,2,0.235737,16,станция,
leninsky_prospekt,*,суббота,17,3,0.241673,16,станция,
leninsky_prospekt,*,суббота,18,0,0.278285,16,станция,
leninsky_prospekt,*,суббота,18,1,0.253511,16,станция,
leninsky_prospekt,*,суббота,18,2,0.240371,16,станция,
leninsky_prospekt,*,суббота,18,3,0.227834,16,станция,
leninsky_prospekt,*,суббота,19,0,0.268454,16,станция,
leninsky_prospekt,*,суббота,19,1,0.25293,16,станция,
leninsky_prospekt,*,суббота,19,2,0.253053,16,станция,
leninsky_prospekt,*,суббота,19,3,0.225563,16,станция,
leninsky_prospekt,*,суббота,20,0,0.302714,16,станция,
leninsky_prospekt,*,суббота,20,1,0.26223,16,станция,
leninsky_prospekt,*,суббота,20,2,0.230869,16,станция,
leninsky_prospekt,*,суббота,20,3,0.204186,16,станция,
leninsky_prospekt,*,суббота,21,0,0.304742,16,станция,
leninsky_prospekt,*,суббота,21,1,0.24031,16,станция,
leninsky_prospekt,*,суббота,21,2,0.235578,16,станция,
leninsky_prospekt,*,суббота,21,3,0.21937,16,станция,
leninsky_prospekt,*,суббота,22,0,0.318786,16,станция,
leninsky_prospekt,*,суббота,22,1,0.271559,16,станция,
leninsky_prospekt,*,суббота,22,2,0.230309,16,станция,
leninsky_prospekt,*,суббота,22,3,0.179345,16,станция,
leninsky_prospekt,*,суббота,23,0,0.291587,16,станция,
leninsky_prospekt,*,суббота,23,1,0.262981,16,станция,
leninsky_prospekt,*,суббота,23,2,0.226683,16,станция,
leninsky_prospekt,*,суббота,23,3,0.21875,16,станция,
leninsky_prospekt,*,суббота,0,0,0.692958,16,станция,
leninsky_prospekt,*,суббота,0,1,0.073239,16,станция,
leninsky_prospekt,*,суббота,0,2,0.061972,16,станция,
leninsky_prospekt,*,суббота,0,3,0.171831,16,станция,
leninsky_prospekt,*,воскресенье,5,0,0.027205,17,станция,
leninsky_prospekt,*,воскресенье,5,1,0.016417,17,станция,
leninsky_prospekt,*,воскресенье,5,2,0.426829,17,станция,
leninsky_prospekt,*,воскресенье,5,3,0.52955,17,станция,
leninsky_prospekt,*,воскресенье,6,0,0.189778,17,станция,
leninsky_prospekt,*,воскресенье,6,1,0.229042,17,станция,
leninsky_prospekt,*,воскресенье,6,2,0.29279,17,станция,
leninsky_prospekt,*,воскресенье,6,3,0.28839,17,станция,
leninsky_prospekt,*,воскресенье,7,0,0.254641,17,станция,
leninsky_prospekt,*,воскресенье,7,1,0.232395,17,станция,
leninsky_prospekt,*,воскресенье,7,2,0.230701,17,станция,
leninsky_prospekt,*,воскресенье,7,3,0.282263,17,станция,
leninsky_prospekt,*,воскресенье,8,0,0.255945,17,станция,
leninsky_prospekt,*,воскресенье,8,1,0.238537,17,станция,
leninsky_prospekt,*,воскресенье,8,2,0.252133,17,станция,
leninsky_prospekt,*,воскресенье,8,3,0.253385,17,станция,
leninsky_prospekt,*,воскресенье,9,0,0.257653,17,станция,
leninsky_prospekt,*,воскресенье,9,1,0.269671,17,станция,
leninsky_prospekt,*,воскресенье,9,2,0.243512,17,станция,
leninsky_prospekt,*,воскресенье,9,3,0.229163,17,станция,
leninsky_prospekt,*,воскресенье,10,0,0.242009,17,станция,
leninsky_prospekt,*,воскресенье,10,1,0.26314,17,станция,
leninsky_prospekt,*,воскресенье,10,2,0.243912,17,станция,
leninsky_prospekt,*,воскресенье,10,3,0.250939,17,станция,
leninsky_prospekt,*,воскресенье,11,0,0.230906,17,станция,
leninsky_prospekt,*,воскресенье,11,1,0.274163,17,станция,
leninsky_prospekt,*,воскресенье,11,2,0.252441,17,станция,
leninsky_prospekt,*,воскресенье,11,3,0.242491,17,станция,
leninsky_prospekt,*,воскресенье,12,0,0.247207,17,станция,
leninsky_prospekt,*,воскресенье,12,1,0.260843,17,станция,
leninsky_prospekt,*,воскресенье,12,2,0.2575,17,станция,
leninsky_prospekt,*,воскресенье,12,3,0.234451,17,станция,
leninsky_prospekt,*,воскресенье,13,0,0.241824,17,станция,
leninsky_prospekt,*,воскресенье,13,1,0.258518,17,станция,
leninsky_prospekt,*,воскресенье,13,2,0.255913,17,станция,
leninsky_prospekt,*,воскресенье,13,3,0.243745,17,станция,
leninsky_prospekt,*,воскресенье,14,0,0.253051,17,станция,
leninsky_prospekt,*,воскресенье,14,1,0.27002,17,станция,
leninsky_prospekt,*,воскресенье,14,2,0.243035,17,станция,
leninsky_prospekt,*,воскресенье,14,3,0.233895,17,станция,
leninsky_prospekt,*,воскресенье,15,0,0.265257,17,станция,
leninsky_prospekt,*,воскресенье,15,1,0.253566,17,станция,
leninsky_prospekt,*,воскресенье,15,2,0.241126,17,станция,
leninsky_prospekt,*,воскресенье,15,3,0.240051,17,станция,
leninsky_prospekt,*,воскресенье,16,0,0.250285,17,станция,
leninsky_prospekt,*,воскресенье,16,1,0.257477,17,станция,
leninsky_prospekt,*,воскресенье,16,2,0.256436,17,станция,
leninsky_prospekt,*,воскресенье,16,3,0.235802,17,станция,
leninsky_prospekt,*,воскресенье,17,0,0.259061,17,станция,
leninsky_prospekt,*,воскресенье,17,1,0.250968,17,станция,
leninsky_prospekt,*,воскресенье,17,2,0.244861,17,станция,
leninsky_prospekt,*,воскресенье,17,3,0.24511,17,станция,
leninsky_prospekt,*,воскресенье,18,0,0.27686,17,станция,
leninsky_prospekt,*,воскресенье,18,1,0.254516,17,станция,
leninsky_prospekt,*,воскресенье,18,2,0.235959,17,станция,
leninsky_prospekt,*,воскресенье,18,3,0.232665,17,станция,
leninsky_prospekt,*,воскресенье,19,0,0.26941,17,станция,
leninsky_prospekt,*,воскресенье,19,1,0.273066,17,станция,
leninsky_prospekt,*,воскресенье,19,2,0.242063,17,станция,
leninsky_prospekt,*,воскресенье,19,3,0.215461,17,станция,
leninsky_prospekt,*,воскресенье,20,0,0.294054,17,станция,
leninsky_prospekt,*,воскресенье,20,1,0.267223,17,станция,
leninsky_prospekt,*,воскресенье,20,2,0.228408,17,станция,
leninsky_prospekt,*,воскресенье,20,3,0.210315,17,станция,
leninsky_prospekt,*,воскресенье,21,0,0.307382,17,станция,
leninsky_prospekt,*,воскресенье,21,1,0.254561,17,станция,
leninsky_prospekt,*,воскресенье,21,2,0.234302,17,станция,
leninsky_prospekt,*,воскресенье,21,3,0.203755,17,станция,
leninsky_prospekt,*,воскресенье,22,0,0.319738,17,станция,
leninsky_prospekt,*,воскресенье,22,1,0.280158,17,станция,
leninsky_prospekt,*,воскресенье,22,2,0.228704,17,станция,
leninsky_prospekt,*,воскресенье,22,3,0.171399,17,станция,
leninsky_prospekt,*,воскресенье,23,0,0.298469,17,станция,
leninsky_prospekt,*,воскресенье,23,1,0.2928,17,станция,
leninsky_prospekt,*,воскресенье,23,2,0.210317,17,станция,
leninsky_prospekt,*,воскресенье,23,3,0.198413,17,станция,
leninsky_prospekt,*,воскресенье,0,0,0.55291,17,станция,
leninsky_prospekt,*,воскресенье,0,1,0.113757,17,станция,
leninsky_prospekt,*,воскресенье,0,2,0.145503,17,станция,
leninsky_prospekt,*,воскресенье,0,3,0.187831,17,станция,
prospekt_veteranov,prospekt_veteranov_1,рабочий,5,0,0.013058,80,вестибюль,
prospekt_veteranov,prospekt_veteranov_1,рабочий,5,1,0.009482,80,вестибюль,
prospekt_veteranov,prospekt_veteranov_1,рабочий,5,2,0.490477,80,вестибюль,
prospekt_veteranov,prospekt_veteranov_1,рабочий,5,3,0.486983,80,вестибюль,
prospekt_veteranov,prospekt_veteranov_1,рабочий,6,0,0.107519,80,вестибюль,
prospekt_veteranov,prospekt_veteranov_1,рабочий,6,1,0.184282,80,вестибюль,
prospekt_veteranov,prospekt_veteranov_1,рабочий,6,2,0.315208,80,вестибюль,
prospekt_veteranov,prospekt_veteranov_1,рабочий,6,3,0.392991,80,вестибюль,
prospekt_veteranov,prospekt_veteranov_1,рабочий,7,0,0.210269,80,вестибюль,
prospekt_veteranov,prospekt_veteranov_1,рабочий,7,1,0.225024,80,вестибюль,
prospekt_veteranov,prospekt_veteranov_1,рабочий,7,2,0.259386,80,вестибюль,
prospekt_veteranov,prospekt_veteranov_1,рабочий,7,3,0.305321,80,вестибюль,
prospekt_veteranov,prospekt_veteranov_1,рабочий,8,0,0.294673,80,вестибюль,
prospekt_veteranov,prospekt_veteranov_1,рабочий,8,1,0.291353,80,вестибюль,
prospekt_veteranov,prospekt_veteranov_1,рабочий,8,2,0.225049,80,вестибюль,
prospekt_veteranov,prospekt_veteranov_1,рабочий,8,3,0.188925,80,вестибюль,
prospekt_veteranov,prospekt_veteranov_1,рабочий,9,0,0.307867,80,вестибюль,
prospekt_veteranov,prospekt_veteranov_1,рабочий,9,1,0.277251,80,вестибюль,
prospekt_veteranov,prospekt_veteranov_1,рабочий,9,2,0.216686,80,вестибюль,
prospekt_veteranov,prospekt_veteranov_1,рабочий,9,3,0.198196,80,вестибюль,
prospekt_veteranov,prospekt_veteranov_1,рабочий,10,0,0.289472,80,вестибюль,
prospekt_veteranov,prospekt_veteranov_1,рабочий,10,1,0.276408,80,вестибюль,
prospekt_veteranov,prospekt_veteranov_1,рабочий,10,2,0.224525,80,вестибюль,
prospekt_veteranov,prospekt_veteranov_1,рабочий,10,3,0.209595,80,вестибюль,
prospekt_veteranov,prospekt_veteranov_1,рабочий,11,0,0.262319,80,вестибюль,
prospekt_veteranov,prospekt_veteranov_1,рабочий,11,1,0.255179,80,вестибюль,
prospekt_veteranov,prospekt_veteranov_1,рабочий,11,2,0.238776,80,вестибюль,
prospekt_veteranov,prospekt_veteranov_1,рабочий,11,3,0.243725,80,вестибюль,
prospekt_veteranov,prospekt_veteranov_1,рабочий,12,0,0.25681,80,вестибюль,
prospekt_veteranov,prospekt_veteranov_1,рабочий,12,1,0.238082,80,вестибюль,
prospekt_veteranov,prospekt_veteranov_1,рабочий,12,2,0.246965,80,вестибюль,
prospekt_veteranov,prospekt_veteranov_1,рабочий,12,3,0.258143,80,вестибюль,
prospekt_veteranov,prospekt_veteranov_1,рабочий,13,0,0.253008,80,вестибюль,
prospekt_veteranov,prospekt_veteranov_1,рабочий,13,1,0.249843,80,вестибюль,
prospekt_veteranov,prospekt_veteranov_1,рабочий,13,2,0.254263,80,вестибюль,
prospekt_veteranov,prospekt_veteranov_1,рабочий,13,3,0.242886,80,вестибюль,
prospekt_veteranov,prospekt_veteranov_1,рабочий,14,0,0.251495,80,вестибюль,
prospekt_veteranov,prospekt_veteranov_1,рабочий,14,1,0.265406,80,вестибюль,
prospekt_veteranov,prospekt_veteranov_1,рабочий,14,2,0.241151,80,вестибюль,
prospekt_veteranov,prospekt_veteranov_1,рабочий,14,3,0.241947,80,вестибюль,
prospekt_veteranov,prospekt_veteranov_1,рабочий,15,0,0.252063,80,вестибюль,
prospekt_veteranov,prospekt_veteranov_1,рабочий,15,1,0.241488,80,вестибюль,
prospekt_veteranov,prospekt_veteranov_1,рабочий,15,2,0.253322,80,вестибюль,
prospekt_veteranov,prospekt_veteranov_1,рабочий,15,3,0.253126,80,вестибюль,
prospekt_veteranov,prospekt_veteranov_1,рабочий,16,0,0.231961,80,вестибюль,
prospekt_veteranov,prospekt_veteranov_1,рабочий,16,1,0.249094,80,вестибюль,
prospekt_veteranov,prospekt_veteranov_1,рабочий,16,2,0.258116,80,вестибюль,
prospekt_veteranov,prospekt_veteranov_1,рабочий,16,3,0.260829,80,вестибюль,
prospekt_veteranov,prospekt_veteranov_1,рабочий,17,0,0.221837,80,вестибюль,
prospekt_veteranov,prospekt_veteranov_1,рабочий,17,1,0.252035,80,вестибюль,
prospekt_veteranov,prospekt_veteranov_1,рабочий,17,2,0.265137,80,вестибюль,
prospekt_veteranov,prospekt_veteranov_1,рабочий,17,3,0.26099,80,вестибюль,
prospekt_veteranov,prospekt_veteranov_1,рабочий,18,0,0.277866,80,вестибюль,
prospekt_veteranov,prospekt_veteranov_1,рабочий,18,1,0.25293,80,вестибюль,
prospekt_veteranov,prospekt_veteranov_1,рабочий,18,2,0.234117,80,вестибюль,
prospekt_veteranov,prospekt_veteranov_1,рабочий,18,3,0.235088,80,вестибюль,
prospekt_veteranov,prospekt_veteranov_1,рабочий,19,0,0.283728,80,вестибюль,
prospekt_veteranov,prospekt_veteranov_1,рабочий,19,1,0.268861,80,вестибюль,
prospekt_veteranov,prospekt_veteranov_1,рабочий,19,2,0.23165,80,вестибюль,
prospekt_veteranov,prospekt_veteranov_1,рабочий,19,3,0.215761,80,вестибюль,
prospekt_veteranov,prospekt_veteranov_1,рабочий,20,0,0.238232,80,вестибюль,
prospekt_veteranov,prospekt_veteranov_1,рабочий,20,1,0.235784,80,вестибюль,
prospekt_veteranov,prospekt_veteranov_1,рабочий,20,2,0.253515,80,вестибюль,
prospekt_veteranov,prospekt_veteranov_1,рабочий,20,3,0.272469,80,вестибюль,
prospekt_veteranov,prospekt_veteranov_1,рабочий,21,0,0.336124,80,вестибюль,
prospekt_veteranov,prospekt_veteranov_1,рабочий,21,1,0.24478,80,вестибюль,
prospekt_veteranov,prospekt_veteranov_1,рабочий,21,2,0.243402,80,вестибюль,
prospekt_veteranov,prospekt_veteranov_1,рабочий,21,3,0.175694,80,вестибюль,
prospekt_veteranov,prospekt_veteranov_1,рабочий,22,0,0.258731,80,вестибюль,
prospekt_veteranov,prospekt_veteranov_1,рабочий,22,1,0.247688,80,вестибюль,
prospekt_veteranov,prospekt_veteranov_1,рабочий,22,2,0.252626,80,вестибюль,
prospekt_veteranov,prospekt_veteranov_1,рабочий,22,3,0.240955,80,вестибюль,
prospekt_veteranov,prospekt_veteranov_1,рабочий,23,0,0.306487,80,вестибюль,
prospekt_veteranov,prospekt_veteranov_1,рабочий,23,1,0.232216,80,вестибюль,
prospekt_veteranov,prospekt_veteranov_1,рабочий,23,2,0.268098,80,вестибюль,
prospekt_veteranov,prospekt_veteranov_1,рабочий,23,3,0.1932,80,вестибюль,
prospekt_veteranov,prospekt_veteranov_1,рабочий,0,0,0.430642,80,вестибюль,
prospekt_veteranov,prospekt_veteranov_1,рабочий,0,1,0.242236,80,вестибюль,
prospekt_veteranov,prospekt_veteranov_1,рабочий,0,2,0.132505,80,вестибюль,
prospekt_veteranov,prospekt_veteranov_1,рабочий,0,3,0.194617,80,вестибюль,
prospekt_veteranov,prospekt_veteranov_1,суббота,5,0,0.030162,16,вестибюль,
prospekt_veteranov,prospekt_veteranov_1,суббота,5,1,0.026682,16,вестибюль,
prospekt_veteranov,prospekt_veteranov_1,суббота,5,2,0.461717,16,вестибюль,
prospekt_veteranov,prospekt_veteranov_1,суббота,5,3,0.481439,16,вестибюль,
prospekt_veteranov,prospekt_veteranov_1,суббота,6,0,0.136856,16,вестибюль,
prospekt_veteranov,prospekt_veteranov_1,суббота,6,1,0.196189,16,вестибюль,
prospekt_veteranov,prospekt_veteranov_1,суббота,6,2,0.31139,16,вестибюль,
prospekt_veteranov,prospekt_veteranov_1,суббота,6,3,0.355565,16,вестибюль,
prospekt_veteranov,prospekt_veteranov_1,суббота,7,0,0.241515,16,вестибюль,
prospekt_veteranov,prospekt_veteranov_1,суббота,7,1,0.221963,16,вестибюль,
prospekt_veteranov,prospekt_veteranov_1,суббота,7,2,0.241638,16,вестибюль,
prospekt_veteranov,prospekt_veteranov_1,суббота,7,3,0.294884,16,вестибюль,
prospekt_veteranov,prospekt_veteranov_1,суббота,8,0,0.241386,16,вестибюль,
prospekt_veteranov,prospekt_veteranov_1,суббота,8,1,0.246958,16,вестибюль,
prospekt_veteranov,prospekt_veteranov_1,суббота,8,2,0.243615,16,вестибюль,
prospekt_veteranov,prospekt_veteranov_1,суббота,8,3,0.268041,16,вестибюль,
prospekt_veteranov,prospekt_veteranov_1,суббота,9,0,0.272836,16,вестибюль,
prospekt_veteranov,prospekt_veteranov_1,суббота,9,1,0.266454,16,вестибюль,
prospekt_veteranov,prospekt_veteranov_1,суббота,9,2,0.240527,16,вестибюль,
prospekt_veteranov,prospekt_veteranov_1,суббота,9,3,0.220183,16,вестибюль,
prospekt_veteranov,prospekt_veteranov_1,суббота,10,0,0.243237,16,вестибюль,
prospekt_veteranov,prospekt_veteranov_1,суббота,10,1,0.264945,16,вестибюль,
prospekt_veteranov,prospekt_veteranov_1,суббота,10,2,0.236001,16,вестибюль,
prospekt_veteranov,prospekt_veteranov_1,суббота,10,3,0.255817,16,вестибюль,
prospekt_veteranov,prospekt_veteranov_1,суббота,11,0,0.242216,16,вестибюль,
prospekt_veteranov,prospekt_veteranov_1,суббота,11,1,0.258713,16,вестибюль,
prospekt_veteranov,prospekt_veteranov_1,суббота,11,2,0.241669,16,вестибюль,
prospekt_veteranov,prospekt_veteranov_1,суббота,11,3,0.257402,16,вестибюль,
prospekt_veteranov,prospekt_veteranov_1,суббота,12,0,0.244588,16,вестибюль,
prospekt_veteranov,prospekt_veteranov_1,суббота,12,1,0.242022,16,вестибюль,
prospekt_veteranov,prospekt_veteranov_1,суббота,12,2,0.247936,16,вестибюль,
prospekt_veteranov,prospekt_veteranov_1,суббота,12,3,0.265454,16,вестибюль,
prospekt_veteranov,prospekt_veteranov_1,суббота,13,0,0.242471,16,вестибюль,
prospekt_veteranov,prospekt_veteranov_1,суббота,13,1,0.262986,16,вестибюль,
prospekt_veteranov,prospekt_veteranov_1,суббота,13,2,0.246726,16,вестибюль,
prospekt_veteranov,prospekt_veteranov_1,суббота,13,3,0.247818,16,вестибюль,
prospekt_veteranov,prospekt_veteranov_1,суббота,14,0,0.249718,16,вестибюль,
prospekt_veteranov,prospekt_veteranov_1,суббота,14,1,0.270603,16,вестибюль,
prospekt_veteranov,prospekt_veteranov_1,суббота,14,2,0.231881,16,вестибюль,
prospekt_veteranov,prospekt_veteranov_1,суббота,14,3,0.247799,16,вестибюль,
prospekt_veteranov,prospekt_veteranov_1,суббота,15,0,0.263338,16,вестибюль,
prospekt_veteranov,prospekt_veteranov_1,суббота,15,1,0.246967,16,вестибюль,
prospekt_veteranov,prospekt_veteranov_1,суббота,15,2,0.237428,16,вестибюль,
prospekt_veteranov,prospekt_veteranov_1,суббота,15,3,0.252267,16,вестибюль,
prospekt_veteranov,prospekt_veteranov_1,суббота,16,0,0.240101,16,вестибюль,
prospekt_veteranov,prospekt_veteranov_1,суббота,16,1,0.266078,16,вестибюль,
prospekt_veteranov,prospekt_veteranov_1,суббота,16,2,0.248676,16,вестибюль,
prospekt_veteranov,prospekt_veteranov_1,суббота,16,3,0.245145,16,вестибюль,
prospekt_veteranov,prospekt_veteranov_1,суббота,17,0,0.235806,16,вестибюль,
prospekt_veteranov,prospekt_veteranov_1,суббота,17,1,0.237794,16,вестибюль,
prospekt_veteranov,prospekt_veteranov_1,суббота,17,2,0.259784,16,вестибюль,
prospekt_veteranov,prospekt_veteranov_1,суббота,17,3,0.266617,16,вестибюль,
prospekt_veteranov,prospekt_veteranov_1,суббота,18,0,0.272602,16,вестибюль,
prospekt_veteranov,prospekt_veteranov_1,суббота,18,1,0.254961,16,вестибюль,
prospekt_veteranov,prospekt_veteranov_1,суббота,18,2,0.232635,16,вестибюль,
prospekt_veteranov,prospekt_veteranov_1,суббота,18,3,0.239802,16,вестибюль,
prospekt_veteranov,prospekt_veteranov_1,суббота,19,0,0.262351,16,вестибюль,
prospekt_veteranov,prospekt_veteranov_1,суббота,19,1,0.234143,16,вестибюль,
prospekt_veteranov,prospekt_veteranov_1,суббота,19,2,0.239361,16,вестибюль,
prospekt_veteranov,prospekt_veteranov_1,суббота,19,3,0.264145,16,вестибюль,
prospekt_veteranov,prospekt_veteranov_1,суббота,20,0,0.229568,16,вестибюль,
prospekt_veteranov,prospekt_veteranov_1,суббота,20,1,0.220574,16,вестибюль,
prospekt_veteranov,prospekt_veteranov_1,суббота,20,2,0.257021,16,вестибюль,
prospekt_veteranov,prospekt_veteranov_1,суббота,20,3,0.292837,16,вестибюль,
prospekt_veteranov,prospekt_veteranov_1,суббота,21,0,0.32537,16,вестибюль,
prospekt_veteranov,prospekt_veteranov_1,суббота,21,1,0.244596,16,вестибюль,
prospekt_veteranov,prospekt_veteranov_1,суббота,21,2,0.248009,16,вестибюль,
prospekt_veteranov,prospekt_veteranov_1,суббота,21,3,0.182025,16,вестибюль,
prospekt_veteranov,prospekt_veteranov_1,суббота,22,0,0.277959,16,вестибюль,
prospekt_veteranov,prospekt_veteranov_1,суббота,22,1,0.224082,16,вестибюль,
prospekt_veteranov,prospekt_veteranov_1,суббота,22,2,0.246939,16,вестибюль,
prospekt_veteranov,prospekt_veteranov_1,суббота,22,3,0.25102,16,вестибюль,
prospekt_veteranov,prospekt_veteranov_1,суббота,23,0,0.27076,16,вестибюль,
prospekt_veteranov,prospekt_veteranov_1,суббота,23,1,0.233333,16,вестибюль,
prospekt_veteranov,prospekt_veteranov_1,суббота,23,2,0.269006,16,вестибюль,
prospekt_veteranov,prospekt_veteranov_1,суббота,23,3,0.226901,16,вестибюль,
prospekt_veteranov,prospekt_veteranov_1,суббота,0,0,0.613169,16,станция,
prospekt_veteranov,prospekt_veteranov_1,суббота,0,1,0.201646,16,станция,
prospekt_veteranov,prospekt_veteranov_1,суббота,0,2,0.08642,16,станция,
prospekt_veteranov,prospekt_veteranov_1,суббота,0,3,0.098765,16,станция,
prospekt_veteranov,prospekt_veteranov_1,воскресенье,5,0,0.040936,17,вестибюль,
prospekt_veteranov,prospekt_veteranov_1,воскресенье,5,1,0.027778,17,вестибюль,
prospekt_veteranov,prospekt_veteranov_1,воскресенье,5,2,0.483918,17,вестибюль,
prospekt_veteranov,prospekt_veteranov_1,воскресенье,5,3,0.447368,17,вестибюль,
prospekt_veteranov,prospekt_veteranov_1,воскресенье,6,0,0.112563,17,вестибюль,
prospekt_veteranov,prospekt_veteranov_1,воскресенье,6,1,0.174636,17,вестибюль,
prospekt_veteranov,prospekt_veteranov_1,воскресенье,6,2,0.329373,17,вестибюль,
prospekt_veteranov,prospekt_veteranov_1,воскресенье,6,3,0.383427,17,вестибюль,
prospekt_veteranov,prospekt_veteranov_1,воскресенье,7,0,0.260418,17,вестибюль,
prospekt_veteranov,prospekt_veteranov_1,воскресенье,7,1,0.217338,17,вестибюль,
prospekt_veteranov,prospekt_veteranov_1,воскресенье,7,2,0.241779,17,вестибюль,
prospekt_veteranov,prospekt_veteranov_1,воскресенье,7,3,0.280464,17,вестибюль,
prospekt_veteranov,prospekt_veteranov_1,воскресенье,8,0,0.216834,17,вестибюль,
prospekt_veteranov,prospekt_veteranov_1,воскресенье,8,1,0.225594,17,вестибюль,
prospekt_veteranov,prospekt_veteranov_1,воскресенье,8,2,0.263933,17,вестибюль,
prospekt_veteranov,prospekt_veteranov_1,воскресенье,8,3,0.29364,17,вестибюль,
prospekt_veteranov,prospekt_veteranov_1,воскресенье,9,0,0.263216,17,вестибюль,
prospekt_veteranov,prospekt_veteranov_1,воскресенье,9,1,0.259196,17,вестибюль,
prospekt_veteranov,prospekt_veteranov_1,воскресенье,9,2,0.260658,17,вестибюль,
prospekt_veteranov,prospekt_veteranov_1,воскресенье,9,3,0.216931,17,вестибюль,
prospekt_veteranov,prospekt_veteranov_1,воскресенье,10,0,0.241623,17,вестибюль,
prospekt_veteranov,prospekt_veteranov_1,воскресенье,10,1,0.249968,17,вестибюль,
prospekt_veteranov,prospekt_veteranov_1,воскресенье,10,2,0.243394,17,вестибюль,
prospekt_veteranov,prospekt_veteranov_1,воскресенье,10,3,0.265015,17,вестибюль,
prospekt_veteranov,prospekt_veteranov_1,воскресенье,11,0,0.254037,17,вестибюль,
prospekt_veteranov,prospekt_veteranov_1,воскресенье,11,1,0.244905,17,вестибюль,
prospekt_veteranov,prospekt_veteranov_1,воскресенье,11,2,0.249471,17,вестибюль,
prospekt_veteranov,prospekt_veteranov_1,воскресенье,11,3,0.251587,17,вестибюль,
prospekt_veteranov,prospekt_veteranov_1,воскресенье,12,0,0.25055,17,вестибюль,
prospekt_veteranov,prospekt_veteranov_1,воскресенье,12,1,0.241971,17,вестибюль,
prospekt_veteranov,prospekt_veteranov_1,воскресенье,12,2,0.25066,17,вестибюль,
prospekt_veteranov,prospekt_veteranov_1,воскресенье,12,3,0.256819,17,вестибюль,
prospekt_veteranov,prospekt_veteranov_1,воскресенье,13,0,0.247772,17,вестибюль,
prospekt_veteranov,prospekt_veteranov_1,воскресенье,13,1,0.254775,17,вестибюль,
prospekt_veteranov,prospekt_veteranov_1,воскресенье,13,2,0.24236,17,вестибюль,
prospekt_veteranov,prospekt_veteranov_1,воскресенье,13,3,0.255093,17,вестибюль,
prospekt_veteranov,prospekt_veteranov_1,воскресенье,14,0,0.263627,17,вестибюль,
prospekt_veteranov,prospekt_veteranov_1,воскресенье,14,1,0.261257,17,вестибюль,
prospekt_veteranov,prospekt_veteranov_1,воскресенье,14,2,0.233495,17,вестибюль,
prospekt_veteranov,prospekt_veteranov_1,воскресенье,14,3,0.241621,17,вестибюль,
prospekt_veteranov,prospekt_veteranov_1,воскресенье,15,0,0.256469,17,вестибюль,
prospekt_veteranov,prospekt_veteranov_1,воскресенье,15,1,0.24413,17,вестибюль,
prospekt_veteranov,prospekt_veteranov_1,воскресенье,15,2,0.237901,17,вестибюль,
prospekt_veteranov,prospekt_veteranov_1,воскресенье,15,3,0.2615,17,вестибюль,
prospekt_veteranov,prospekt_veteranov_1,воскресенье,16,0,0.248608,17,вестибюль,
prospekt_veteranov,prospekt_veteranov_1,воскресенье,16,1,0.247017,17,вестибюль,
prospekt_veteranov,prospekt_veteranov_1,воскресенье,16,2,0.232564,17,вестибюль,
prospekt_veteranov,prospekt_veteranov_1,воскресенье,16,3,0.271811,17,вестибюль,
prospekt_veteranov,prospekt_veteranov_1,воскресенье,17,0,0.250853,17,вестибюль,
prospekt_veteranov,prospekt_veteranov_1,воскресенье,17,1,0.248294,17,вестибюль,
prospekt_veteranov,prospekt_veteranov_1,воскресенье,17,2,0.23672,17,вестибюль,
prospekt_veteranov,prospekt_veteranov_1,воскресенье,17,3,0.264133,17,вестибюль,
prospekt_veteranov,prospekt_veteranov_1,воскресенье,18,0,0.257702,17,вестибюль,
prospekt_veteranov,prospekt_veteranov_1,воскресенье,18,1,0.235356,17,вестибюль,
prospekt_veteranov,prospekt_veteranov_1,воскресенье,18,2,0.24567,17,вестибюль,
prospekt_veteranov,prospekt_veteranov_1,воскресенье,18,3,0.261272,17,вестибюль,
prospekt_veteranov,prospekt_veteranov_1,воскресенье,19,0,0.272117,17,вестибюль,
prospekt_veteranov,prospekt_veteranov_1,воскресенье,19,1,0.249805,17,вестибюль,
prospekt_veteranov,prospekt_veteranov_1,воскресенье,19,2,0.22328,17,вестибюль,
prospekt_veteranov,prospekt_veteranov_1,воскресенье,19,3,0.254798,17,вестибюль,
prospekt_veteranov,prospekt_veteranov_1,воскресенье,20,0,0.22316,17,вестибюль,
prospekt_veteranov,prospekt_veteranov_1,воскресенье,20,1,0.242159,17,вестибюль,
prospekt_veteranov,prospekt_veteranov_1,воскресенье,20,2,0.243516,17,вестибюль,
prospekt_veteranov,prospekt_veteranov_1,воскресенье,20,3,0.291164,17,вестибюль,
prospekt_veteranov,prospekt_veteranov_1,воскресенье,21,0,0.348727,17,вестибюль,
prospekt_veteranov,prospekt_veteranov_1,воскресенье,21,1,0.247087,17,вестибюль,
prospekt_veteranov,prospekt_veteranov_1,воскресенье,21,2,0.237808,17,вестибюль,
prospekt_veteranov,prospekt_veteranov_1,воскресенье,21,3,0.166379,17,вестибюль,
prospekt_veteranov,prospekt_veteranov_1,воскресенье,22,0,0.271975,17,вестибюль,
prospekt_veteranov,prospekt_veteranov_1,воскресенье,22,1,0.249113,17,вестибюль,
prospekt_veteranov,prospekt_veteranov_1,воскресенье,22,2,0.245171,17,вестибюль,
prospekt_veteranov,prospekt_veteranov_1,воскресенье,22,3,0.233741,17,вестибюль,
prospekt_veteranov,prospekt_veteranov_1,воскресенье,23,0,0.30291,17,вестибюль,
prospekt_veteranov,prospekt_veteranov_1,воскресенье,23,1,0.233466,17,вестибюль,
prospekt_veteranov,prospekt_veteranov_1,воскресенье,23,2,0.261905,17,вестибюль,
prospekt_veteranov,prospekt_veteranov_1,воскресенье,23,3,0.20172,17,вестибюль,
prospekt_veteranov,prospekt_veteranov_1,воскресенье,0,0,0.550124,17,группа,
prospekt_veteranov,prospekt_veteranov_1,воскресенье,0,1,0.255178,17,группа,
prospekt_veteranov,prospekt_veteranov_1,воскресенье,0,2,0.128832,17,группа,
prospekt_veteranov,prospekt_veteranov_1,воскресенье,0,3,0.065866,17,группа,
prospekt_veteranov,prospekt_veteranov_2,рабочий,5,0,0.002693,79,вестибюль,
prospekt_veteranov,prospekt_veteranov_2,рабочий,5,1,0.001842,79,вестибюль,
prospekt_veteranov,prospekt_veteranov_2,рабочий,5,2,0.434419,79,вестибюль,
prospekt_veteranov,prospekt_veteranov_2,рабочий,5,3,0.561046,79,вестибюль,
prospekt_veteranov,prospekt_veteranov_2,рабочий,6,0,0.172184,79,вестибюль,
prospekt_veteranov,prospekt_veteranov_2,рабочий,6,1,0.240724,79,вестибюль,
prospekt_veteranov,prospekt_veteranov_2,рабочий,6,2,0.252881,79,вестибюль,
prospekt_veteranov,prospekt_veteranov_2,рабочий,6,3,0.334211,79,вестибюль,
prospekt_veteranov,prospekt_veteranov_2,рабочий,7,0,0.222035,80,вестибюль,
prospekt_veteranov,prospekt_veteranov_2,рабочий,7,1,0.226062,80,вестибюль,
prospekt_veteranov,prospekt_veteranov_2,рабочий,7,2,0.254891,80,вестибюль,
prospekt_veteranov,prospekt_veteranov_2,рабочий,7,3,0.297011,80,вестибюль,
prospekt_veteranov,prospekt_veteranov_2,рабочий,8,0,0.293841,80,вестибюль,
prospekt_veteranov,prospekt_veteranov_2,рабочий,8,1,0.271269,80,вестибюль,
prospekt_veteranov,prospekt_veteranov_2,рабочий,8,2,0.231843,80,вестибюль,
prospekt_veteranov,prospekt_veteranov_2,рабочий,8,3,0.203047,80,вестибюль,
prospekt_veteranov,prospekt_veteranov_2,рабочий,9,0,0.300137,80,вестибюль,
prospekt_veteranov,prospekt_veteranov_2,рабочий,9,1,0.28032,80,вестибюль,
prospekt_veteranov,prospekt_veteranov_2,рабочий,9,2,0.225707,80,вестибюль,
prospekt_veteranov,prospekt_veteranov_2,рабочий,9,3,0.193837,80,вестибюль,
prospekt_veteranov,prospekt_veteranov_2,рабочий,10,0,0.284385,80,вестибюль,
prospekt_veteranov,prospekt_veteranov_2,рабочий,10,1,0.266786,80,вестибюль,
prospekt_veteranov,prospekt_veteranov_2,рабочий,10,2,0.227119,80,вестибюль,
prospekt_veteranov,prospekt_veteranov_2,рабочий,10,3,0.22171,80,вестибюль,
prospekt_veteranov,prospekt_veteranov_2,рабочий,11,0,0.28062,79,вестибюль,
prospekt_veteranov,prospekt_veteranov_2,рабочий,11,1,0.250565,79,вестибюль,
prospekt_veteranov,prospekt_veteranov_2,рабочий,11,2,0.236487,79,вестибюль,
prospekt_veteranov,prospekt_veteranov_2,рабочий,11,3,0.232328,79,вестибюль,
prospekt_veteranov,prospekt_veteranov_2,рабочий,12,0,0.251855,80,вестибюль,
prospekt_veteranov,prospekt_veteranov_2,рабочий,12,1,0.251386,80,вестибюль,
prospekt_veteranov,prospekt_veteranov_2,рабочий,12,2,0.246276,80,вестибюль,
prospekt_veteranov,prospekt_veteranov_2,рабочий,12,3,0.250484,80,вестибюль,
prospekt_veteranov,prospekt_veteranov_2,рабочий,13,0,0.251693,80,вестибюль,
prospekt_veteranov,prospekt_veteranov_2,рабочий,13,1,0.258456,80,вестибюль,
prospekt_veteranov,prospekt_veteranov_2,рабочий,13,2,0.254488,80,вестибюль,
prospekt_veteranov,prospekt_veteranov_2,рабочий,13,3,0.235364,80,вестибюль,
prospekt_veteranov,prospekt_veteranov_2,рабочий,14,0,0.26119,80,вестибюль,
prospekt_veteranov,prospekt_veteranov_2,рабочий,14,1,0.269682,80,вестибюль,
prospekt_veteranov,prospekt_veteranov_2,рабочий,14,2,0.230698,80,вестибюль,
prospekt_veteranov,prospekt_veteranov_2,рабочий,14,3,0.23843,80,вестибюль,
prospekt_veteranov,prospekt_veteranov_2,рабочий,15,0,0.250606,80,вестибюль,
prospekt_veteranov,prospekt_veteranov_2,рабочий,15,1,0.247032,80,вестибюль,
prospekt_veteranov,prospekt_veteranov_2,рабочий,15,2,0.243658,80,вестибюль,
prospekt_veteranov,prospekt_veteranov_2,рабочий,15,3,0.258704,80,вестибюль,
prospekt_veteranov,prospekt_veteranov_2,рабочий,16,0,0.233522,80,вестибюль,
prospekt_veteranov,prospekt_veteranov_2,рабочий,16,1,0.249214,80,вестибюль,
prospekt_veteranov,prospekt_veteranov_2,рабочий,16,2,0.259825,80,вестибюль,
prospekt_veteranov,prospekt_veteranov_2,рабочий,16,3,0.257439,80,вестибюль,
prospekt_veteranov,prospekt_veteranov_2,рабочий,17,0,0.245338,80,вестибюль,
prospekt_veteranov,prospekt_veteranov_2,рабочий,17,1,0.249337,80,вестибюль,
prospekt_veteranov,prospekt_veteranov_2,рабочий,17,2,0.254502,80,вестибюль,
prospekt_veteranov,prospekt_veteranov_2,рабочий,17,3,0.250823,80,вестибюль,
prospekt_veteranov,prospekt_veteranov_2,рабочий,18,0,0.276094,80,вестибюль,
prospekt_veteranov,prospekt_veteranov_2,рабочий,18,1,0.259629,80,вестибюль,
prospekt_veteranov,prospekt_veteranov_2,рабочий,18,2,0.244922,80,вестибюль,
prospekt_veteranov,prospekt_veteranov_2,рабочий,18,3,0.219356,80,вестибюль,
prospekt_veteranov,prospekt_veteranov_2,рабочий,19,0,0.295849,80,вестибюль,
prospekt_veteranov,prospekt_veteranov_2,рабочий,19,1,0.269675,80,вестибюль,
prospekt_veteranov,prospekt_veteranov_2,рабочий,19,2,0.228035,80,вестибюль,
prospekt_veteranov,prospekt_veteranov_2,рабочий,19,3,0.20644,80,вестибюль,
prospekt_veteranov,prospekt_veteranov_2,рабочий,20,0,0.282919,79,вестибюль,
prospekt_veteranov,prospekt_veteranov_2,рабочий,20,1,0.267259,79,вестибюль,
prospekt_veteranov,prospekt_veteranov_2,рабочий,20,2,0.231125,79,вестибюль,
prospekt_veteranov,prospekt_veteranov_2,рабочий,20,3,0.218697,79,вестибюль,
prospekt_veteranov,prospekt_veteranov_2,рабочий,21,0,0.309852,79,вестибюль,
prospekt_veteranov,prospekt_veteranov_2,рабочий,21,1,0.261056,79,вестибюль,
prospekt_veteranov,prospekt_veteranov_2,рабочий,21,2,0.221871,79,вестибюль,
prospekt_veteranov,prospekt_veteranov_2,рабочий,21,3,0.207221,79,вестибюль,
prospekt_veteranov,prospekt_veteranov_2,рабочий,22,0,0.282606,80,вестибюль,
prospekt_veteranov,prospekt_veteranov_2,рабочий,22,1,0.281618,80,вестибюль,
prospekt_veteranov,prospekt_veteranov_2,рабочий,22,2,0.240635,80,вестибюль,
prospekt_veteranov,prospekt_veteranov_2,рабочий,22,3,0.195141,80,вестибюль,
prospekt_veteranov,prospekt_veteranov_2,рабочий,23,0,0.324067,80,вестибюль,
prospekt_veteranov,prospekt_veteranov_2,рабочий,23,1,0.274181,80,вестибюль,
prospekt_veteranov,prospekt_veteranov_2,рабочий,23,2,0.210713,80,вестибюль,
prospekt_veteranov,prospekt_veteranov_2,рабочий,23,3,0.191038,80,вестибюль,
prospekt_veteranov,prospekt_veteranov_2,рабочий,0,0,0.67035,80,вестибюль,
prospekt_veteranov,prospekt_veteranov_2,рабочий,0,1,0.265193,80,вестибюль,
prospekt_veteranov,prospekt_veteranov_2,рабочий,0,2,0.031308,80,вестибюль,
prospekt_veteranov,prospekt_veteranov_2,рабочий,0,3,0.033149,80,вестибюль,
prospekt_veteranov,prospekt_veteranov_2,суббота,5,0,0.006425,16,вестибюль,
prospekt_veteranov,prospekt_veteranov_2,суббота,5,1,0.006598,16,вестибюль,
prospekt_veteranov,prospekt_veteranov_2,суббота,5,2,0.480986,16,вестибюль,
prospekt_veteranov,prospekt_veteranov_2,суббота,5,3,0.505991,16,вестибюль,
prospekt_veteranov,prospekt_veteranov_2,суббота,6,0,0.201663,16,вестибюль,
prospekt_veteranov,prospekt_veteranov_2,суббота,6,1,0.231805,16,вестибюль,
prospekt_veteranov,prospekt_veteranov_2,суббота,6,2,0.260322,16,вестибюль,
prospekt_veteranov,prospekt_veteranov_2,суббота,6,3,0.30621,16,вестибюль,
prospekt_veteranov,prospekt_veteranov_2,суббота,7,0,0.235635,16,вестибюль,
prospekt_veteranov,prospekt_veteranov_2,суббота,7,1,0.22885,16,вестибюль,
prospekt_veteranov,prospekt_veteranov_2,суббота,7,2,0.242297,16,вестибюль,
prospekt_veteranov,prospekt_veteranov_2,суббота,7,3,0.293218,16,вестибюль,
prospekt_veteranov,prospekt_veteranov_2,суббота,8,0,0.268177,16,вестибюль,
prospekt_veteranov,prospekt_veteranov_2,суббота,8,1,0.249388,16,вестибюль,
prospekt_veteranov,prospekt_veteranov_2,суббота,8,2,0.232993,16,вестибюль,
prospekt_veteranov,prospekt_veteranov_2,суббота,8,3,0.249443,16,вестибюль,
prospekt_veteranov,prospekt_veteranov_2,суббота,9,0,0.279645,16,вестибюль,
prospekt_veteranov,prospekt_veteranov_2,суббота,9,1,0.249952,16,вестибюль,
prospekt_veteranov,prospekt_veteranov_2,суббота,9,2,0.230166,16,вестибюль,
prospekt_veteranov,prospekt_veteranov_2,суббота,9,3,0.240236,16,вестибюль,
prospekt_veteranov,prospekt_veteranov_2,суббота,10,0,0.259859,16,вестибюль,
prospekt_veteranov,prospekt_veteranov_2,суббота,10,1,0.266067,16,вестибюль,
prospekt_veteranov,prospekt_veteranov_2,суббота,10,2,0.236951,16,вестибюль,
prospekt_veteranov,prospekt_veteranov_2,суббота,10,3,0.237123,16,вестибюль,
prospekt_veteranov,prospekt_veteranov_2,суббота,11,0,0.270841,16,вестибюль,
prospekt_veteranov,prospekt_veteranov_2,суббота,11,1,0.242865,16,вестибюль,
prospekt_veteranov,prospekt_veteranov_2,суббота,11,2,0.248881,16,вестибюль,
prospekt_veteranov,prospekt_veteranov_2,суббота,11,3,0.237412,16,вестибюль,
prospekt_veteranov,prospekt_veteranov_2,суббота,12,0,0.247013,16,вестибюль,
prospekt_veteranov,prospekt_veteranov_2,суббота,12,1,0.245491,16,вестибюль,
prospekt_veteranov,prospekt_veteranov_2,суббота,12,2,0.25158,16,вестибюль,
prospekt_veteranov,prospekt_veteranov_2,суббота,12,3,0.255916,16,вестибюль,
prospekt_veteranov,prospekt_veteranov_2,суббота,13,0,0.247476,16,вестибюль,
prospekt_veteranov,prospekt_veteranov_2,суббота,13,1,0.251201,16,вестибюль,
prospekt_veteranov,prospekt_veteranov_2,суббота,13,2,0.25996,16,вестибюль,
prospekt_veteranov,prospekt_veteranov_2,суббота,13,3,0.241363,16,вестибюль,
prospekt_veteranov,prospekt_veteranov_2,суббота,14,0,0.262828,16,вестибюль,
prospekt_veteranov,prospekt_veteranov_2,суббота,14,1,0.264868,16,вестибюль,
prospekt_veteranov,prospekt_veteranov_2,суббота,14,2,0.237231,16,вестибюль,
prospekt_veteranov,prospekt_veteranov_2,суббота,14,3,0.235073,16,вестибюль,
prospekt_veteranov,prospekt_veteranov_2,суббота,15,0,0.251618,16,вестибюль,
prospekt_veteranov,prospekt_veteranov_2,суббота,15,1,0.252529,16,вестибюль,
prospekt_veteranov,prospekt_veteranov_2,суббота,15,2,0.238768,16,вестибюль,
prospekt_veteranov,prospekt_veteranov_2,суббота,15,3,0.257086,16,вестибюль,
prospekt_veteranov,prospekt_veteranov_2,суббота,16,0,0.254724,16,вестибюль,
prospekt_veteranov,prospekt_veteranov_2,суббота,16,1,0.252366,16,вестибюль,
prospekt_veteranov,prospekt_veteranov_2,суббота,16,2,0.240981,16,вестибюль,
prospekt_veteranov,prospekt_veteranov_2,суббота,16,3,0.251928,16,вестибюль,
prospekt_veteranov,prospekt_veteranov_2,суббота,17,0,0.248645,16,вестибюль,
prospekt_veteranov,prospekt_veteranov_2,суббота,17,1,0.259488,16,вестибюль,
prospekt_veteranov,prospekt_veteranov_2,суббота,17,2,0.243054,16,вестибюль,
prospekt_veteranov,prospekt_veteranov_2,суббота,17,3,0.248814,16,вестибюль,
prospekt_veteranov,prospekt_veteranov_2,суббота,18,0,0.271516,16,вестибюль,
prospekt_veteranov,prospekt_veteranov_2,суббота,18,1,0.263853,16,вестибюль,
prospekt_veteranov,prospekt_veteranov_2,суббота,18,2,0.240706,16,вестибюль,
prospekt_veteranov,prospekt_veteranov_2,суббота,18,3,0.223925,16,вестибюль,
prospekt_veteranov,prospekt_veteranov_2,суббота,19,0,0.282005,16,вестибюль,
prospekt_veteranov,prospekt_veteranov_2,суббота,19,1,0.256921,16,вестибюль,
prospekt_veteranov,prospekt_veteranov_2,суббота,19,2,0.240529,16,вестибюль,
prospekt_veteranov,prospekt_veteranov_2,суббота,19,3,0.220545,16,вестибюль,
prospekt_veteranov,prospekt_veteranov_2,суббота,20,0,0.273351,16,вестибюль,
prospekt_veteranov,prospekt_veteranov_2,суббота,20,1,0.263222,16,вестибюль,
prospekt_veteranov,prospekt_veteranov_2,суббота,20,2,0.2329,16,вестибюль,
prospekt_veteranov,prospekt_veteranov_2,суббота,20,3,0.230528,16,вестибюль,
prospekt_veteranov,prospekt_veteranov_2,суббота,21,0,0.2936,16,вестибюль,
prospekt_veteranov,prospekt_veteranov_2,суббота,21,1,0.25417,16,вестибюль,
prospekt_veteranov,prospekt_veteranov_2,суббота,21,2,0.226523,16,вестибюль,
prospekt_veteranov,prospekt_veteranov_2,суббота,21,3,0.225707,16,вестибюль,
prospekt_veteranov,prospekt_veteranov_2,суббота,22,0,0.284467,16,вестибюль,
prospekt_veteranov,prospekt_veteranov_2,суббота,22,1,0.277952,16,вестибюль,
prospekt_veteranov,prospekt_veteranov_2,суббота,22,2,0.241334,16,вестибюль,
prospekt_veteranov,prospekt_veteranov_2,суббота,22,3,0.196247,16,вестибюль,
prospekt_veteranov,prospekt_veteranov_2,суббота,23,0,0.287589,16,вестибюль,
prospekt_veteranov,prospekt_veteranov_2,суббота,23,1,0.260541,16,вестибюль,
prospekt_veteranov,prospekt_veteranov_2,суббота,23,2,0.237868,16,вестибюль,
prospekt_veteranov,prospekt_veteranov_2,суббота,23,3,0.214002,16,вестибюль,
prospekt_veteranov,prospekt_veteranov_2,суббота,0,0,0.613169,16,станция,
prospekt_veteranov,prospekt_veteranov_2,суббота,0,1,0.201646,16,станция,
prospekt_veteranov,prospekt_veteranov_2,суббота,0,2,0.08642,16,станция,
prospekt_veteranov,prospekt_veteranov_2,суббота,0,3,0.098765,16,станция,
prospekt_veteranov,prospekt_veteranov_2,воскресенье,5,0,0.008761,17,вестибюль,
prospekt_veteranov,prospekt_veteranov_2,воскресенье,5,1,0.007544,17,вестибюль,
prospekt_veteranov,prospekt_veteranov_2,воскресенье,5,2,0.498905,17,вестибюль,
prospekt_veteranov,prospekt_veteranov_2,воскресенье,5,3,0.484789,17,вестибюль,
prospekt_veteranov,prospekt_veteranov_2,воскресенье,6,0,0.188344,17,вестибюль,
prospekt_veteranov,prospekt_veteranov_2,воскресенье,6,1,0.227779,17,вестибюль,
prospekt_veteranov,prospekt_veteranov_2,воскресенье,6,2,0.263482,17,вестибюль,
prospekt_veteranov,prospekt_veteranov_2,воскресенье,6,3,0.320396,17,вестибюль,
prospekt_veteranov,prospekt_veteranov_2,воскресенье,7,0,0.241301,17,вестибюль,
prospekt_veteranov,prospekt_veteranov_2,воскресенье,7,1,0.22901,17,вестибюль,
prospekt_veteranov,prospekt_veteranov_2,воскресенье,7,2,0.248712,17,вестибюль,
prospekt_veteranov,prospekt_veteranov_2,воскресенье,7,3,0.280976,17,вестибюль,
prospekt_veteranov,prospekt_veteranov_2,воскресенье,8,0,0.241912,17,вестибюль,
prospekt_veteranov,prospekt_veteranov_2,воскресенье,8,1,0.253524,17,вестибюль,
prospekt_veteranov,prospekt_veteranov_2,воскресенье,8,2,0.232902,17,вестибюль,
prospekt_veteranov,prospekt_veteranov_2,воскресенье,8,3,0.271661,17,вестибюль,
prospekt_veteranov,prospekt_veteranov_2,воскресенье,9,0,0.26185,17,вестибюль,
prospekt_veteranov,prospekt_veteranov_2,воскресенье,9,1,0.256326,17,вестибюль,
prospekt_veteranov,prospekt_veteranov_2,воскресенье,9,2,0.238168,17,вестибюль,
prospekt_veteranov,prospekt_veteranov_2,воскресенье,9,3,0.243657,17,вестибюль,
prospekt_veteranov,prospekt_veteranov_2,воскресенье,10,0,0.25026,17,вестибюль,
prospekt_veteranov,prospekt_veteranov_2,воскресенье,10,1,0.262019,17,вестибюль,
prospekt_veteranov,prospekt_veteranov_2,воскресенье,10,2,0.236055,17,вестибюль,
prospekt_veteranov,prospekt_veteranov_2,воскресенье,10,3,0.251667,17,вестибюль,
prospekt_veteranov,prospekt_veteranov_2,воскресенье,11,0,0.26251,17,вестибюль,
prospekt_veteranov,prospekt_veteranov_2,воскресенье,11,1,0.251547,17,вестибюль,
prospekt_veteranov,prospekt_veteranov_2,воскресенье,11,2,0.244687,17,вестибюль,
prospekt_veteranov,prospekt_veteranov_2,воскресенье,11,3,0.241257,17,вестибюль,
prospekt_veteranov,prospekt_veteranov_2,воскресенье,12,0,0.248837,17,вестибюль,
prospekt_veteranov,prospekt_veteranov_2,воскресенье,12,1,0.249743,17,вестибюль,
prospekt_veteranov,prospekt_veteranov_2,воскресенье,12,2,0.246088,17,вестибюль,
prospekt_veteranov,prospekt_veteranov_2,воскресенье,12,3,0.255331,17,вестибюль,
prospekt_veteranov,prospekt_veteranov_2,воскресенье,13,0,0.249882,17,вестибюль,
prospekt_veteranov,prospekt_veteranov_2,воскресенье,13,1,0.251242,17,вестибюль,
prospekt_veteranov,prospekt_veteranov_2,воскресенье,13,2,0.265235,17,вестибюль,
prospekt_veteranov,prospekt_veteranov_2,воскресенье,13,3,0.233641,17,вестибюль,
prospekt_veteranov,prospekt_veteranov_2,воскресенье,14,0,0.263395,17,вестибюль,
prospekt_veteranov,prospekt_veteranov_2,воскресенье,14,1,0.26565,17,вестибюль,
prospekt_veteranov,prospekt_veteranov_2,воскресенье,14,2,0.230205,17,вестибюль,
prospekt_veteranov,prospekt_veteranov_2,воскресенье,14,3,0.24075,17,вестибюль,
prospekt_veteranov,prospekt_veteranov_2,воскресенье,15,0,0.251296,17,вестибюль,
prospekt_veteranov,prospekt_veteranov_2,воскресенье,15,1,0.25641,17,вестибюль,
prospekt_veteranov,prospekt_veteranov_2,воскресенье,15,2,0.243555,17,вестибюль,
prospekt_veteranov,prospekt_veteranov_2,воскресенье,15,3,0.248739,17,вестибюль,
prospekt_veteranov,prospekt_veteranov_2,воскресенье,16,0,0.245042,17,вестибюль,
prospekt_veteranov,prospekt_veteranov_2,воскресенье,16,1,0.255107,17,вестибюль,
prospekt_veteranov,prospekt_veteranov_2,воскресенье,16,2,0.256487,17,вестибюль,
prospekt_veteranov,prospekt_veteranov_2,воскресенье,16,3,0.243364,17,вестибюль,
prospekt_veteranov,prospekt_veteranov_2,воскресенье,17,0,0.254637,17,вестибюль,
prospekt_veteranov,prospekt_veteranov_2,воскресенье,17,1,0.257833,17,вестибюль,
prospekt_veteranov,prospekt_veteranov_2,воскресенье,17,2,0.244862,17,вестибюль,
prospekt_veteranov,prospekt_veteranov_2,воскресенье,17,3,0.242669,17,вестибюль,
prospekt_veteranov,prospekt_veteranov_2,воскресенье,18,0,0.279983,17,вестибюль,
prospekt_veteranov,prospekt_veteranov_2,воскресенье,18,1,0.254175,17,вестибюль,
prospekt_veteranov,prospekt_veteranov_2,воскресенье,18,2,0.2419,17,вестибюль,
prospekt_veteranov,prospekt_veteranov_2,воскресенье,18,3,0.223943,17,вестибюль,
prospekt_veteranov,prospekt_veteranov_2,воскресенье,19,0,0.286663,17,вестибюль,
prospekt_veteranov,prospekt_veteranov_2,воскресенье,19,1,0.253947,17,вестибюль,
prospekt_veteranov,prospekt_veteranov_2,воскресенье,19,2,0.240283,17,вестибюль,
prospekt_veteranov,prospekt_veteranov_2,воскресенье,19,3,0.219107,17,вестибюль,
prospekt_veteranov,prospekt_veteranov_2,воскресенье,20,0,0.278298,17,вестибюль,
prospekt_veteranov,prospekt_veteranov_2,воскресенье,20,1,0.261061,17,вестибюль,
prospekt_veteranov,prospekt_veteranov_2,воскресенье,20,2,0.243214,17,вестибюль,
prospekt_veteranov,prospekt_veteranov_2,воскресенье,20,3,0.217427,17,вестибюль,
prospekt_veteranov,prospekt_veteranov_2,воскресенье,21,0,0.301811,17,вестибюль,
prospekt_veteranov,prospekt_veteranov_2,воскресенье,21,1,0.258588,17,вестибюль,
prospekt_veteranov,prospekt_veteranov_2,воскресенье,21,2,0.225541,17,вестибюль,
prospekt_veteranov,prospekt_veteranov_2,воскресенье,21,3,0.214059,17,вестибюль,
prospekt_veteranov,prospekt_veteranov_2,воскресенье,22,0,0.290998,17,вестибюль,
prospekt_veteranov,prospekt_veteranov_2,воскресенье,22,1,0.294033,17,вестибюль,
prospekt_veteranov,prospekt_veteranov_2,воскресенье,22,2,0.22439,17,вестибюль,
prospekt_veteranov,prospekt_veteranov_2,воскресенье,22,3,0.190579,17,вестибюль,
prospekt_veteranov,prospekt_veteranov_2,воскресенье,23,0,0.304473,17,вестибюль,
prospekt_veteranov,prospekt_veteranov_2,воскресенье,23,1,0.2757,17,вестибюль,
prospekt_veteranov,prospekt_veteranov_2,воскресенье,23,2,0.21763,17,вестибюль,
prospekt_veteranov,prospekt_veteranov_2,воскресенье,23,3,0.202197,17,вестибюль,
prospekt_veteranov,prospekt_veteranov_2,воскресенье,0,0,0.550124,17,группа,
prospekt_veteranov,prospekt_veteranov_2,воскресенье,0,1,0.255178,17,группа,
prospekt_veteranov,prospekt_veteranov_2,воскресенье,0,2,0.128832,17,группа,
prospekt_veteranov,prospekt_veteranov_2,воскресенье,0,3,0.065866,17,группа,
prospekt_veteranov,*,рабочий,5,0,0.004183,80,станция,
prospekt_veteranov,*,рабочий,5,1,0.00294,80,станция,
prospekt_veteranov,*,рабочий,5,2,0.442473,80,станция,
prospekt_veteranov,*,рабочий,5,3,0.550405,80,станция,
prospekt_veteranov,*,рабочий,6,0,0.159979,80,станция,
prospekt_veteranov,*,рабочий,6,1,0.23007,80,станция,
prospekt_veteranov,*,рабочий,6,2,0.264645,80,станция,
prospekt_veteranov,*,рабочий,6,3,0.345305,80,станция,
prospekt_veteranov,*,рабочий,7,0,0.219364,80,станция,
prospekt_veteranov,*,рабочий,7,1,0.225827,80,станция,
prospekt_veteranov,*,рабочий,7,2,0.255912,80,станция,
prospekt_veteranov,*,рабочий,7,3,0.298898,80,станция,
prospekt_veteranov,*,рабочий,8,0,0.294038,80,станция,
prospekt_veteranov,*,рабочий,8,1,0.276026,80,станция,
prospekt_veteranov,*,рабочий,8,2,0.230234,80,станция,
prospekt_veteranov,*,рабочий,8,3,0.199703,80,станция,
prospekt_veteranov,*,рабочий,9,0,0.301723,80,станция,
prospekt_veteranov,*,рабочий,9,1,0.27969,80,станция,
prospekt_veteranov,*,рабочий,9,2,0.223856,80,станция,
prospekt_veteranov,*,рабочий,9,3,0.194731,80,станция,
prospekt_veteranov,*,рабочий,10,0,0.285386,80,станция,
prospekt_veteranov,*,рабочий,10,1,0.268679,80,станция,
prospekt_veteranov,*,рабочий,10,2,0.226609,80,станция,
prospekt_veteranov,*,рабочий,10,3,0.219326,80,станция,
prospekt_veteranov,*,рабочий,11,0,0.277002,80,станция,
prospekt_veteranov,*,рабочий,11,1,0.251477,80,станция,
prospekt_veteranov,*,рабочий,11,2,0.236939,80,станция,
prospekt_veteranov,*,рабочий,11,3,0.234582,80,станция,
prospekt_veteranov,*,рабочий,12,0,0.252825,80,станция,
prospekt_veteranov,*,рабочий,12,1,0.248779,80,станция,
prospekt_veteranov,*,рабочий,12,2,0.246411,80,станция,
prospekt_veteranov,*,рабочий,12,3,0.251984,80,станция,
prospekt_veteranov,*,рабочий,13,0,0.251948,80,станция,
prospekt_veteranov,*,рабочий,13,1,0.256782,80,станция,
prospekt_veteranov,*,рабочий,13,2,0.254444,80,станция,
prospekt_veteranov,*,рабочий,13,3,0.236825,80,станция,
prospekt_veteranov,*,рабочий,14,0,0.259136,80,станция,
prospekt_veteranov,*,рабочий,14,1,0.268776,80,станция,
prospekt_veteranov,*,рабочий,14,2,0.232913,80,станция,
prospekt_veteranov,*,рабочий,14,3,0.239175,80,станция,
prospekt_veteranov,*,рабочий,15,0,0.250921,80,станция,
prospekt_veteranov,*,рабочий,15,1,0.245833,80,станция,
prospekt_veteranov,*,рабочий,15,2,0.245748,80,станция,
prospekt_veteranov,*,рабочий,15,3,0.257498,80,станция,
prospekt_veteranov,*,рабочий,16,0,0.233197,80,станция,
prospekt_veteranov,*,рабочий,16,1,0.249189,80,станция,
prospekt_veteranov,*,рабочий,16,2,0.259469,80,станция,
prospekt_veteranov,*,рабочий,16,3,0.258146,80,станция,
prospekt_veteranov,*,рабочий,17,0,0.240068,80,станция,
prospekt_veteranov,*,рабочий,17,1,0.249942,80,станция,
prospekt_veteranov,*,рабочий,17,2,0.256887,80,станция,
prospekt_veteranov,*,рабочий,17,3,0.253103,80,станция,
prospekt_veteranov,*,рабочий,18,0,0.276535,80,станция,
prospekt_veteranov,*,рабочий,18,1,0.257959,80,станция,
prospekt_veteranov,*,рабочий,18,2,0.24223,80,станция,
prospekt_veteranov,*,рабочий,18,3,0.223276,80,станция,
prospekt_veteranov,*,рабочий,19,0,0.292758,80,станция,
prospekt_veteranov,*,рабочий,19,1,0.269468,80,станция,
prospekt_veteranov,*,рабочий,19,2,0.228957,80,станция,
prospekt_veteranov,*,рабочий,19,3,0.208817,80,станция,
prospekt_veteranov,*,рабочий,20,0,0.269387,80,станция,
prospekt_veteranov,*,рабочий,20,1,0.257728,80,станция,
prospekt_veteranov,*,рабочий,20,2,0.237905,80,станция,
prospekt_veteranov,*,рабочий,20,3,0.23498,80,станция,
prospekt_veteranov,*,рабочий,21,0,0.317727,80,станция,
prospekt_veteranov,*,рабочий,21,1,0.256177,80,станция,
prospekt_veteranov,*,рабочий,21,2,0.228325,80,станция,
prospekt_veteranov,*,рабочий,21,3,0.197771,80,станция,
prospekt_veteranov,*,рабочий,22,0,0.2762,80,станция,
prospekt_veteranov,*,рабочий,22,1,0.272515,80,станция,
prospekt_veteranov,*,рабочий,22,2,0.243852,80,станция,
prospekt_veteranov,*,рабочий,22,3,0.207433,80,станция,
prospekt_veteranov,*,рабочий,23,0,0.318999,80,станция,
prospekt_veteranov,*,рабочий,23,1,0.262083,80,станция,
prospekt_veteranov,*,рабочий,23,2,0.227256,80,станция,
prospekt_veteranov,*,рабочий,23,3,0.191661,80,станция,
prospekt_veteranov,*,рабочий,0,0,0.557505,80,станция,
prospekt_veteranov,*,рабочий,0,1,0.254386,80,станция,
prospekt_veteranov,*,рабочий,0,2,0.078947,80,станция,
prospekt_veteranov,*,рабочий,0,3,0.109162,80,станция,
prospekt_veteranov,*,суббота,5,0,0.009515,16,станция,
prospekt_veteranov,*,суббота,5,1,0.009213,16,станция,
prospekt_veteranov,*,суббота,5,2,0.478478,16,станция,
prospekt_veteranov,*,суббота,5,3,0.502794,16,станция,
prospekt_veteranov,*,суббота,6,0,0.190218,16,станция,
prospekt_veteranov,*,суббота,6,1,0.225515,16,станция,
prospekt_veteranov,*,суббота,6,2,0.269341,16,станция,
prospekt_veteranov,*,суббота,6,3,0.314926,16,станция,
prospekt_veteranov,*,суббота,7,0,0.236814,16,станция,
prospekt_veteranov,*,суббота,7,1,0.227469,16,станция,
prospekt_veteranov,*,суббота,7,2,0.242165,16,станция,
prospekt_veteranov,*,суббота,7,3,0.293552,16,станция,
prospekt_veteranov,*,суббота,8,0,0.26211,16,станция,
prospekt_veteranov,*,суббота,8,1,0.248838,16,станция,
prospekt_veteranov,*,суббота,8,2,0.235398,16,станция,
prospekt_veteranov,*,суббота,8,3,0.253654,16,станция,
prospekt_veteranov,*,суббота,9,0,0.278185,16,станция,
prospekt_veteranov,*,суббота,9,1,0.25349,16,станция,
prospekt_veteranov,*,суббота,9,2,0.232388,16,станция,
prospekt_veteranov,*,суббота,9,3,0.235937,16,станция,
prospekt_veteranov,*,суббота,10,0,0.256448,16,станция,
prospekt_veteranov,*,суббота,10,1,0.265837,16,станция,
prospekt_veteranov,*,суббота,10,2,0.236756,16,станция,
prospekt_veteranov,*,суббота,10,3,0.240959,16,станция,
prospekt_veteranov,*,суббота,11,0,0.264733,16,станция,
prospekt_veteranov,*,суббота,11,1,0.246247,16,станция,
prospekt_veteranov,*,суббота,11,2,0.247342,16,станция,
prospekt_veteranov,*,суббота,11,3,0.241678,16,станция,
prospekt_veteranov,*,суббота,12,0,0.246517,16,станция,
prospekt_veteranov,*,суббота,12,1,0.244781,16,станция,
prospekt_veteranov,*,суббота,12,2,0.250834,16,станция,
prospekt_veteranov,*,суббота,12,3,0.257869,16,станция,
prospekt_veteranov,*,суббота,13,0,0.246442,16,станция,
prospekt_veteranov,*,суббота,13,1,0.253637,16,станция,
prospekt_veteranov,*,суббота,13,2,0.257224,16,станция,
prospekt_veteranov,*,суббота,13,3,0.242697,16,станция,
prospekt_veteranov,*,суббота,14,0,0.260108,16,станция,
prospekt_veteranov,*,суббота,14,1,0.266058,16,станция,
prospekt_veteranov,*,суббота,14,2,0.236121,16,станция,
prospekt_veteranov,*,суббота,14,3,0.237714,16,станция,
prospekt_veteranov,*,суббота,15,0,0.254021,16,станция,
prospekt_veteranov,*,суббота,15,1,0.251389,16,станция,
prospekt_veteranov,*,суббота,15,2,0.238493,16,станция,
prospekt_veteranov,*,суббота,15,3,0.256098,16,станция,
prospekt_veteranov,*,суббота,16,0,0.251642,16,станция,
prospekt_veteranov,*,суббота,16,1,0.255257,16,станция,
prospekt_veteranov,*,суббота,16,2,0.242603,16,станция,
prospekt_veteranov,*,суббота,16,3,0.250498,16,станция,
prospekt_veteranov,*,суббота,17,0,0.245893,16,станция,
prospekt_veteranov,*,суббота,17,1,0.254839,16,станция,
prospekt_veteranov,*,суббота,17,2,0.246639,16,станция,
prospekt_veteranov,*,суббота,17,3,0.252629,16,станция,
prospekt_veteranov,*,суббота,18,0,0.271757,16,станция,
prospekt_veteranov,*,суббота,18,1,0.26188,16,станция,
prospekt_veteranov,*,суббота,18,2,0.238915,16,станция,
prospekt_veteranov,*,суббота,18,3,0.227448,16,станция,
prospekt_veteranov,*,суббота,19,0,0.27725,16,станция,
prospekt_veteranov,*,суббота,19,1,0.25141,16,станция,
prospekt_veteranov,*,суббота,19,2,0.240246,16,станция,
prospekt_veteranov,*,суббота,19,3,0.231094,16,станция,
prospekt_veteranov,*,суббота,20,0,0.260701,16,станция,
prospekt_veteranov,*,суббота,20,1,0.2509,16,станция,
prospekt_veteranov,*,суббота,20,2,0.239869,16,станция,
prospekt_veteranov,*,суббота,20,3,0.24853,16,станция,
prospekt_veteranov,*,суббота,21,0,0.302651,16,станция,
prospekt_veteranov,*,суббота,21,1,0.251442,16,станция,
prospekt_veteranov,*,суббота,21,2,0.232644,16,станция,
prospekt_veteranov,*,суббота,21,3,0.213262,16,станция,
prospekt_veteranov,*,суббота,22,0,0.282892,16,станция,
prospekt_veteranov,*,суббота,22,1,0.264915,16,станция,
prospekt_veteranov,*,суббота,22,2,0.242691,16,станция,
prospekt_veteranov,*,суббота,22,3,0.209502,16,станция,
prospekt_veteranov,*,суббота,23,0,0.283318,16,станция,
prospekt_veteranov,*,суббота,23,1,0.253636,16,станция,
prospekt_veteranov,*,суббота,23,2,0.24577,16,станция,
prospekt_veteranov,*,суббота,23,3,0.217275,16,станция,
prospekt_veteranov,*,суббота,0,0,0.613169,16,станция,
prospekt_veteranov,*,суббота,0,1,0.201646,16,станция,
prospekt_veteranov,*,суббота,0,2,0.08642,16,станция,
prospekt_veteranov,*,суббота,0,3,0.098765,16,станция,
prospekt_veteranov,*,воскресенье,5,0,0.013353,17,станция,
prospekt_veteranov,*,воскресенье,5,1,0.010432,17,станция,
prospekt_veteranov,*,воскресенье,5,2,0.496766,17,станция,
prospekt_veteranov,*,воскресенье,5,3,0.479449,17,станция,
prospekt_veteranov,*,воскресенье,6,0,0.175221,17,станция,
prospekt_veteranov,*,воскресенье,6,1,0.218576,17,станция,
prospekt_veteranov,*,воскресенье,6,2,0.274892,17,станция,
prospekt_veteranov,*,воскресенье,6,3,0.33131,17,станция,
prospekt_veteranov,*,воскресенье,7,0,0.24521,17,станция,
prospekt_veteranov,*,воскресенье,7,1,0.226624,17,станция,
prospekt_veteranov,*,воскресенье,7,2,0.247295,17,станция,
prospekt_veteranov,*,воскресенье,7,3,0.280871,17,станция,
prospekt_veteranov,*,воскресенье,8,0,0.236038,17,станция,
prospekt_veteranov,*,воскресенье,8,1,0.246982,17,станция,
prospekt_veteranov,*,воскресенье,8,2,0.240171,17,станция,
prospekt_veteranov,*,воскресенье,8,3,0.27681,17,станция,
prospekt_veteranov,*,воскресенье,9,0,0.262151,17,станция,
prospekt_veteranov,*,воскресенье,9,1,0.25696,17,станция,
prospekt_veteranov,*,воскресенье,9,2,0.243134,17,станция,
prospekt_veteranov,*,воскресенье,9,3,0.237755,17,станция,
prospekt_veteranov,*,воскресенье,10,0,0.248451,17,станция,
prospekt_veteranov,*,воскресенье,10,1,0.259495,17,станция,
prospekt_veteranov,*,воскресенье,10,2,0.237592,17,станция,
prospekt_veteranov,*,воскресенье,10,3,0.254463,17,станция,
prospekt_veteranov,*,воскресенье,11,0,0.260616,17,станция,
prospekt_veteranov,*,воскресенье,11,1,0.250062,17,станция,
prospekt_veteranov,*,воскресенье,11,2,0.245756,17,станция,
prospekt_veteranov,*,воскресенье,11,3,0.243565,17,станция,
prospekt_veteranov,*,воскресенье,12,0,0.249206,17,станция,
prospekt_veteranov,*,воскресенье,12,1,0.248069,17,станция,
prospekt_veteranov,*,воскресенье,12,2,0.247073,17,станция,
prospekt_veteranov,*,воскресенье,12,3,0.255652,17,станция,
prospekt_veteranov,*,воскресенье,13,0,0.249422,17,станция,
prospekt_veteranov,*,воскресенье,13,1,0.252013,17,станция,
prospekt_veteranov,*,воскресенье,13,2,0.260248,17,станция,
prospekt_veteranov,*,воскресенье,13,3,0.238318,17,станция,
prospekt_veteranov,*,воскресенье,14,0,0.263446,17,станция,
prospekt_veteranov,*,воскресенье,14,1,0.264685,17,станция,
prospekt_veteranov,*,воскресенье,14,2,0.230927,17,станция,
prospekt_veteranov,*,воскресенье,14,3,0.240941,17,станция,
prospekt_veteranov,*,воскресенье,15,0,0.252466,17,станция,
prospekt_veteranov,*,воскресенье,15,1,0.253632,17,станция,
prospekt_veteranov,*,воскресенье,15,2,0.242276,17,станция,
prospekt_veteranov,*,воскресенье,15,3,0.251626,17,станция,
prospekt_veteranov,*,воскресенье,16,0,0.245824,17,станция,
prospekt_veteranov,*,воскресенье,16,1,0.253332,17,станция,
prospekt_veteranov,*,воскресенье,16,2,0.251237,17,станция,
prospekt_veteranov,*,воскресенье,16,3,0.249607,17,станция,
prospekt_veteranov,*,воскресенье,17,0,0.253752,17,станция,
prospekt_veteranov,*,воскресенье,17,1,0.255603,17,станция,
prospekt_veteranov,*,воскресенье,17,2,0.242958,17,станция,
prospekt_veteranov,*,воскресенье,17,3,0.247686,17,станция,
prospekt_veteranov,*,воскресенье,18,0,0.274479,17,станция,
prospekt_veteranov,*,воскресенье,18,1,0.249526,17,станция,
prospekt_veteranov,*,воскресенье,18,2,0.242831,17,станция,
prospekt_veteranov,*,воскресенье,18,3,0.233163,17,станция,
prospekt_veteranov,*,воскресенье,19,0,0.282901,17,станция,
prospekt_veteranov,*,воскресенье,19,1,0.252875,17,станция,
prospekt_veteranov,*,воскресенье,19,2,0.235885,17,станция,
prospekt_veteranov,*,воскресенье,19,3,0.228339,17,станция,
prospekt_veteranov,*,воскресенье,20,0,0.261185,17,станция,
prospekt_veteranov,*,воскресенье,20,1,0.255195,17,станция,
prospekt_veteranov,*,воскресенье,20,2,0.243308,17,станция,
prospekt_veteranov,*,воскресенье,20,3,0.240313,17,станция,
prospekt_veteranov,*,воскресенье,21,0,0.315978,17,станция,
prospekt_veteranov,*,воскресенье,21,1,0.255115,17,станция,
prospekt_veteranov,*,воскресенье,21,2,0.229245,17,станция,
prospekt_veteranov,*,воскресенье,21,3,0.199661,17,станция,
prospekt_veteranov,*,воскресенье,22,0,0.285896,17,станция,
prospekt_veteranov,*,воскресенье,22,1,0.281984,17,станция,
prospekt_veteranov,*,воскресенье,22,2,0.229964,17,станция,
prospekt_veteranov,*,воскресенье,22,3,0.202157,17,станция,
prospekt_veteranov,*,воскресенье,23,0,0.30403,17,станция,
prospekt_veteranov,*,воскресенье,23,1,0.26373,17,станция,
prospekt_veteranov,*,воскресенье,23,2,0.230178,17,станция,
prospekt_veteranov,*,воскресенье,23,3,0.202062,17,станция,
prospekt_veteranov,*,воскресенье,0,0,0.550124,17,группа,
prospekt_veteranov,*,воскресенье,0,1,0.255178,17,группа,
prospekt_veteranov,*,воскресенье,0,2,0.128832,17,группа,
prospekt_veteranov,*,воскресенье,0,3,0.065866,17,группа,
